claim_id,claim,poster_value,reproduced_value,status,evidence_level,note,status_group
L1-01,고양시 행정동 수,44,44,일치,A1,MOIS 202606 키 유일,재현/확인
L1-02,65세 이상 인구,204876,204878,근소 불일치,A1,"포스터 204,876명은 65~109세 합계와 정확히 같고, 110세이상 여성 2명(화정1·대화 각 1명)이 누락됨",조건부
L1-03,고령인구 비율,19.4%,19.3749%,일치(반올림),A1,소수점 한 자리 반올림,재현/확인
L1-04,후보 8개 동 고령인구·고령화율,8/8 행,"8/8, 8/8",일치,A1,MOIS 202606 원표 재계산,재현/확인
L1-05,65~69세 1인세대 분리 가능 여부,연령구간상 분리 불가,"단일연령 열로 16,012명 계산 가능",포스터 한계 문구 오류,A1,2026.6 MOIS 1인세대 파일에 65·66·67·68·69세 남녀 열이 각각 있음,수정·명세 보완
L2-01,병·의원 등 요양기관,1397,1397,일치,A1,HIRA 2026.6 시군구코드 필터,재현/확인
L2-02,약국,496,496,일치,A1,HIRA 2026.6 시군구코드 필터,재현/확인
L2-QA,HIRA 주소-좌표 공간 품질,미기재,고양시 주소인데 경계 밖 좌표 1건,원자료 이상치,A1,"호수약국 1건의 좌표가 고양시 밖으로 판정됨; 포스터 수량 1,893에는 포함",수정·명세 보완
L3-01,버스정류장,2099,2099,일치,A1,고양시 2025-08-25 전체 행,재현/확인
L3-01B,고양시 44동 경계 내 버스정류장,"2,099개소로 표현","2,095개소",공간범위 불일치,A1,파주시 운정4동에 들어간 개선스포츠 2건·퍼스트가든 2건 제외,수정·명세 보완
L3-02,후보 8개 동 정류장당 경유노선,후보표 8개; 행주동 3.0,"7개 명확 일치; 행주동 122/40=3.05는 half-even 3.0, half-up 3.1",반올림 규칙 확인 필요,A1,admdongkor 20260401 공간결합+쉼표 토큰 수; 행주동은 ties-to-even 또는 절사일 때만 포스터 표기와 일치,수정·명세 보완
L3-03,현행 3개 동 vs 나머지 노선/정류장 평균,3.09 / 4.29,3.09 / 4.29,일치,A1,행정동별 평균의 그룹 평균,재현/확인
L3-04,노선/정류장 평균의 가중 기준,"전체 3.8, 현행3 3.09, 나머지41 4.29",전체 정류장가중 3.77; 그룹 정류장가중 2.75/3.94,가중기준 혼용,A1,"전체 3.8은 정류장 가중, 3.09/4.29는 행정동 평균의 단순평균으로 가중 기준이 다름",수정·명세 보완
SP-01,100m 격자 수,26606,26595,근소 불일치,A2,EPSG:5179 100m 국가격자 중심·admdongkor 20260401; 격자 원점/경계 처리가 포스터에 미기재,조건부
M-01,RI 단위와 대중교통 시간,"보행+대중교통, beta=0.8m/s로 표기","직선보행 대리, v=0.8m/s, beta=0.1/min",원모형 재현 불가,A3,0.8m/s는 속도이며 beta가 아님. 노선순서·배차·환승 데이터 부재,수정·명세 보완
M-02,포스터 후보 8개 집합,"고양동, 행주동, 가좌동, 관산동, 주교동, 능곡동, 효자동, 송포동","가좌동, 고양동, 관산동, 능곡동, 송포동, 주교동, 행주동, 효자동",후보집합 일치·순서 불일치,A2,Jaccard=1.000; 후보8개 글로벌 순위 MAE=2.00,조건부
V1-01,Back-test Precision@3 / Recall@3,0.33 / 0.33,0.33 / 0.33,대리모형 비교,A2,현행지 선정 이후 시점 데이터이므로 예측력 검증이 아님,조건부
V1-02,현행 DRT 3동 글로벌 DSS 순위,"고봉동 1위, 화전동 22위, 식사동 27위","고봉동 1위, 화전동 29위, 식사동 34위",1개 일치·2개 불일치,A2,고봉동은 1위 일치; 화전동과 식사동은 각각 포스터보다 7계단 낮음,수정·명세 보완
V5-01,DSS 가중치 4세트 상위 8 Jaccard,1.0,0.6,재현 불일치,A2,포스터의 실제 4세트가 미공개라 명시한 스트레스 세트로 검증,수정·명세 보완
M-03,검토한 RI·CAG beta 시나리오의 p값 동시 재현,"RI p=.078, CAG p=.965","beta=.10: RI p=0.07762; beta=.13: CAG p=0.96512, RI p=0.10722",검토 7개 시나리오에서 동시 재현 없음,A2,"동일가중·직선보행의 7개 beta 검토점에서 beta=.10은 RI p값, 결과를 보고 찾은 beta=.13은 CAG p값을 각각 재현; beta 전체공간에 대한 증명은 아님",수정·명세 보완
M-04,후보8개 CAG 값,후보표 8개 값,"beta=.13 평균절대차 0.016, p=0.96512",근접 재현·완전일치 아님,A2,CAG는 z표준화로 RI의 공통척도에 불변; 결과를 본 후 beta를 찾은 명세 역추적이므로 독립 검증으로 보지 않음,조건부
M-05,후보 8개 DSS 표시값,후보표 8개 값,"MAE=0.174, 최대절대차=0.274, r=0.542",불일치,A2,후보 집합은 같아도 DSS 값과 내부 순서는 재현되지 않음,수정·명세 보완
STAT-01,현행 3 vs 나머지 41 Mann-Whitney 모두 p>0.05,5/5 p>0.05,5/5,수치 비교 가능·해석 주의,A2,p>0.05는 두 그룹이 같다는 증거가 아님; n=3으로 검정력이 매우 낮음,조건부
STAT-02,Moran's I,0.475 (p<.001),0.296 (p=0.0007),대리모형 불일치,A2,"queen 인접·9,999회·seed42. 포스터의 W/순열수 미기재",조건부
STAT-03,비효율도-거점분산도 상관,0.93,0.9310782241014798,대리모형 비교,A2,Spearman p=5.303e-20; 구성요소 중복 위험 확인용,조건부
STAT-04,LISA HH 관산·원신·성사1,"관산동, 원신동, 성사1동",관산동,대리모형 비교,A2,"관측지 z_i 고정 조건부 순열 9,999회; simulation mean 중심 양측 p; 44개 p에 Benjamini-Hochberg FDR 보정",조건부
TXT-01,후보 8곳 중 고령화율>=19.4%이고 노선/정류장<3.8,6곳,4곳,직접 산술 불일치,A1,포스터 후보표 자체 값으로는 행주·가좌·주교·능곡 4곳,수정·명세 보완
SCOPE-01,고양온돌 2.9만 명×62개 서비스 도달성,분석했다는 서사,일반 고령인구×병의원·약국 대리분석,구성개념 불일치,A3,2.9만 대상자 좌표와 62개 서비스 거점 좌표를 입력에 사용하지 않음,수정·명세 보완
TIME-01,입력자료 기준시점 정합성,2026년 접근성 진단,인구·시설 2026-06-30 / 경계 2026-04-01 / 버스 2025-08-25,혼합시점 해석 제한,A1,버스 공급 자료가 인구·시설보다 약 10개월 선행하므로 2026년 동시점 접근성으로 단정할 수 없음,수정·명세 보완
