manifestKind,inputId,role,relativePath,bytes,sha256,snapshotDate,artifact_schema_version,analysis_id,snapshot_id,source_dates,unit_definition,formula,limitation,input_sha256,raw_source_sha256
processed_input,area_scores,44개 행정동 기준 시나리오·구성요소·후보 플래그,2026-08-09_재현분석/outputs/tables/area_scores.csv,43964,455106174A3E492D501F73B8BA55EFD1B7525656638E8109AE015C290C352DE3,mixed,1.1.0,input_lineage_v1,goyang_mixed_20250825_20260630,population=2026-06-30|onePersonHouseholds=2026-06-30|hiraFacilities=2026-06-30|analysisBoundary=2026-04-01|busStops=2025-08-25,bytes; SHA-256 hex; date YYYY-MM-DD,SHA-256(input file bytes); raw hashes inherited from verified source_manifest.csv,처리 산출물 해시는 원자료 의미 타당성이나 외부 최신성을 대신하지 않는다.,area_adjacency=AF16E5259A667F45F5BF7F6B3DF3A22E1A4837C477F6B68DDC26CDCF60E2DFF0|area_scores=455106174A3E492D501F73B8BA55EFD1B7525656638E8109AE015C290C352DE3|bus_stops=BBA5AC0E8F29538F42373B1789179B5B9D2CF0186E0D3A618537C83B74B628D5|facilities=9AA2BC9D9F9E0EC421FB7D23A9C9BF0BD5EDB59EB173A91CB27E6EB2655A1E07|grid_scores=F2B4631D6C4DB1C379BB9CAA13D29A9C055273F1C0D682BAC13EDD19C0A9E9BF|metrics_code=7A3920ABAC99C0EEE1FA013FF751C14428D5AA95E0F1F3F32FCED6B7A49541BA|model_spec=435B1018F2D35A2B421D1827A23C0DC739DC1F827F71189F8F818CE0B0C670E4|source_manifest=86163BE779951590317AB41BE2F9DE18666BC936F1735593673513008868CEC9,population=4D1530F251B312CE6564BA5676093B1043057F46A0FE2A58CF2756AFC530DA7B|one_person=01923C6EBD7440771E4EBE20CAB0648355A18C09D198677C0E265F5E68406A7D|admdongkor_boundary=6A63D079BA8AF4701AB200AD0B54EBDEA8689808B6E0E9F17973B9BA7883DC6A|bus_stops=01B63929056B55D0A8FE372756942FB9A81A89CB121A0CDB1838DDE9ED8555BF|hira_hospital=458D04F264BFE005CB12078699156CA72AD47B52062E0F79B8140E2635086268|hira_pharmacy=65B2B1E7F65BF1EFAF20C826BC1FB03CC24B65B359F4B5B51E1A234B334505A4
processed_input,grid_scores,EPSG:5179 100m 격자와 의료시설 최근접거리,2026-08-09_재현분석/data/processed/grid_scores.csv,8939347,F2B4631D6C4DB1C379BB9CAA13D29A9C055273F1C0D682BAC13EDD19C0A9E9BF,mixed,1.1.0,input_lineage_v1,goyang_mixed_20250825_20260630,population=2026-06-30|onePersonHouseholds=2026-06-30|hiraFacilities=2026-06-30|analysisBoundary=2026-04-01|busStops=2025-08-25,bytes; SHA-256 hex; date YYYY-MM-DD,SHA-256(input file bytes); raw hashes inherited from verified source_manifest.csv,처리 산출물 해시는 원자료 의미 타당성이나 외부 최신성을 대신하지 않는다.,area_adjacency=AF16E5259A667F45F5BF7F6B3DF3A22E1A4837C477F6B68DDC26CDCF60E2DFF0|area_scores=455106174A3E492D501F73B8BA55EFD1B7525656638E8109AE015C290C352DE3|bus_stops=BBA5AC0E8F29538F42373B1789179B5B9D2CF0186E0D3A618537C83B74B628D5|facilities=9AA2BC9D9F9E0EC421FB7D23A9C9BF0BD5EDB59EB173A91CB27E6EB2655A1E07|grid_scores=F2B4631D6C4DB1C379BB9CAA13D29A9C055273F1C0D682BAC13EDD19C0A9E9BF|metrics_code=7A3920ABAC99C0EEE1FA013FF751C14428D5AA95E0F1F3F32FCED6B7A49541BA|model_spec=435B1018F2D35A2B421D1827A23C0DC739DC1F827F71189F8F818CE0B0C670E4|source_manifest=86163BE779951590317AB41BE2F9DE18666BC936F1735593673513008868CEC9,population=4D1530F251B312CE6564BA5676093B1043057F46A0FE2A58CF2756AFC530DA7B|one_person=01923C6EBD7440771E4EBE20CAB0648355A18C09D198677C0E265F5E68406A7D|admdongkor_boundary=6A63D079BA8AF4701AB200AD0B54EBDEA8689808B6E0E9F17973B9BA7883DC6A|bus_stops=01B63929056B55D0A8FE372756942FB9A81A89CB121A0CDB1838DDE9ED8555BF|hira_hospital=458D04F264BFE005CB12078699156CA72AD47B52062E0F79B8140E2635086268|hira_pharmacy=65B2B1E7F65BF1EFAF20C826BC1FB03CC24B65B359F4B5B51E1A234B334505A4
processed_input,area_adjacency,Queen 공유꼭짓점 인접관계,2026-08-09_재현분석/outputs/tables/area_adjacency.csv,22765,AF16E5259A667F45F5BF7F6B3DF3A22E1A4837C477F6B68DDC26CDCF60E2DFF0,mixed,1.1.0,input_lineage_v1,goyang_mixed_20250825_20260630,population=2026-06-30|onePersonHouseholds=2026-06-30|hiraFacilities=2026-06-30|analysisBoundary=2026-04-01|busStops=2025-08-25,bytes; SHA-256 hex; date YYYY-MM-DD,SHA-256(input file bytes); raw hashes inherited from verified source_manifest.csv,처리 산출물 해시는 원자료 의미 타당성이나 외부 최신성을 대신하지 않는다.,area_adjacency=AF16E5259A667F45F5BF7F6B3DF3A22E1A4837C477F6B68DDC26CDCF60E2DFF0|area_scores=455106174A3E492D501F73B8BA55EFD1B7525656638E8109AE015C290C352DE3|bus_stops=BBA5AC0E8F29538F42373B1789179B5B9D2CF0186E0D3A618537C83B74B628D5|facilities=9AA2BC9D9F9E0EC421FB7D23A9C9BF0BD5EDB59EB173A91CB27E6EB2655A1E07|grid_scores=F2B4631D6C4DB1C379BB9CAA13D29A9C055273F1C0D682BAC13EDD19C0A9E9BF|metrics_code=7A3920ABAC99C0EEE1FA013FF751C14428D5AA95E0F1F3F32FCED6B7A49541BA|model_spec=435B1018F2D35A2B421D1827A23C0DC739DC1F827F71189F8F818CE0B0C670E4|source_manifest=86163BE779951590317AB41BE2F9DE18666BC936F1735593673513008868CEC9,population=4D1530F251B312CE6564BA5676093B1043057F46A0FE2A58CF2756AFC530DA7B|one_person=01923C6EBD7440771E4EBE20CAB0648355A18C09D198677C0E265F5E68406A7D|admdongkor_boundary=6A63D079BA8AF4701AB200AD0B54EBDEA8689808B6E0E9F17973B9BA7883DC6A|bus_stops=01B63929056B55D0A8FE372756942FB9A81A89CB121A0CDB1838DDE9ED8555BF|hira_hospital=458D04F264BFE005CB12078699156CA72AD47B52062E0F79B8140E2635086268|hira_pharmacy=65B2B1E7F65BF1EFAF20C826BC1FB03CC24B65B359F4B5B51E1A234B334505A4
processed_input,facilities,HIRA 병의원등·약국 공간분석 중간표,2026-08-09_재현분석/data/processed/facilities.csv,700053,9AA2BC9D9F9E0EC421FB7D23A9C9BF0BD5EDB59EB173A91CB27E6EB2655A1E07,mixed,1.1.0,input_lineage_v1,goyang_mixed_20250825_20260630,population=2026-06-30|onePersonHouseholds=2026-06-30|hiraFacilities=2026-06-30|analysisBoundary=2026-04-01|busStops=2025-08-25,bytes; SHA-256 hex; date YYYY-MM-DD,SHA-256(input file bytes); raw hashes inherited from verified source_manifest.csv,처리 산출물 해시는 원자료 의미 타당성이나 외부 최신성을 대신하지 않는다.,area_adjacency=AF16E5259A667F45F5BF7F6B3DF3A22E1A4837C477F6B68DDC26CDCF60E2DFF0|area_scores=455106174A3E492D501F73B8BA55EFD1B7525656638E8109AE015C290C352DE3|bus_stops=BBA5AC0E8F29538F42373B1789179B5B9D2CF0186E0D3A618537C83B74B628D5|facilities=9AA2BC9D9F9E0EC421FB7D23A9C9BF0BD5EDB59EB173A91CB27E6EB2655A1E07|grid_scores=F2B4631D6C4DB1C379BB9CAA13D29A9C055273F1C0D682BAC13EDD19C0A9E9BF|metrics_code=7A3920ABAC99C0EEE1FA013FF751C14428D5AA95E0F1F3F32FCED6B7A49541BA|model_spec=435B1018F2D35A2B421D1827A23C0DC739DC1F827F71189F8F818CE0B0C670E4|source_manifest=86163BE779951590317AB41BE2F9DE18666BC936F1735593673513008868CEC9,population=4D1530F251B312CE6564BA5676093B1043057F46A0FE2A58CF2756AFC530DA7B|one_person=01923C6EBD7440771E4EBE20CAB0648355A18C09D198677C0E265F5E68406A7D|admdongkor_boundary=6A63D079BA8AF4701AB200AD0B54EBDEA8689808B6E0E9F17973B9BA7883DC6A|bus_stops=01B63929056B55D0A8FE372756942FB9A81A89CB121A0CDB1838DDE9ED8555BF|hira_hospital=458D04F264BFE005CB12078699156CA72AD47B52062E0F79B8140E2635086268|hira_pharmacy=65B2B1E7F65BF1EFAF20C826BC1FB03CC24B65B359F4B5B51E1A234B334505A4
processed_input,bus_stops,고양시 정류장·경유노선 유형의 행정동 공간결합 중간표,2026-08-09_재현분석/data/processed/bus_stops.csv,437061,BBA5AC0E8F29538F42373B1789179B5B9D2CF0186E0D3A618537C83B74B628D5,mixed,1.1.0,input_lineage_v1,goyang_mixed_20250825_20260630,population=2026-06-30|onePersonHouseholds=2026-06-30|hiraFacilities=2026-06-30|analysisBoundary=2026-04-01|busStops=2025-08-25,bytes; SHA-256 hex; date YYYY-MM-DD,SHA-256(input file bytes); raw hashes inherited from verified source_manifest.csv,처리 산출물 해시는 원자료 의미 타당성이나 외부 최신성을 대신하지 않는다.,area_adjacency=AF16E5259A667F45F5BF7F6B3DF3A22E1A4837C477F6B68DDC26CDCF60E2DFF0|area_scores=455106174A3E492D501F73B8BA55EFD1B7525656638E8109AE015C290C352DE3|bus_stops=BBA5AC0E8F29538F42373B1789179B5B9D2CF0186E0D3A618537C83B74B628D5|facilities=9AA2BC9D9F9E0EC421FB7D23A9C9BF0BD5EDB59EB173A91CB27E6EB2655A1E07|grid_scores=F2B4631D6C4DB1C379BB9CAA13D29A9C055273F1C0D682BAC13EDD19C0A9E9BF|metrics_code=7A3920ABAC99C0EEE1FA013FF751C14428D5AA95E0F1F3F32FCED6B7A49541BA|model_spec=435B1018F2D35A2B421D1827A23C0DC739DC1F827F71189F8F818CE0B0C670E4|source_manifest=86163BE779951590317AB41BE2F9DE18666BC936F1735593673513008868CEC9,population=4D1530F251B312CE6564BA5676093B1043057F46A0FE2A58CF2756AFC530DA7B|one_person=01923C6EBD7440771E4EBE20CAB0648355A18C09D198677C0E265F5E68406A7D|admdongkor_boundary=6A63D079BA8AF4701AB200AD0B54EBDEA8689808B6E0E9F17973B9BA7883DC6A|bus_stops=01B63929056B55D0A8FE372756942FB9A81A89CB121A0CDB1838DDE9ED8555BF|hira_hospital=458D04F264BFE005CB12078699156CA72AD47B52062E0F79B8140E2635086268|hira_pharmacy=65B2B1E7F65BF1EFAF20C826BC1FB03CC24B65B359F4B5B51E1A234B334505A4
processed_input,source_manifest,원자료 기준일·SHA-256 계보,2026-08-09_재현분석/outputs/tables/source_manifest.csv,2880,86163BE779951590317AB41BE2F9DE18666BC936F1735593673513008868CEC9,mixed,1.1.0,input_lineage_v1,goyang_mixed_20250825_20260630,population=2026-06-30|onePersonHouseholds=2026-06-30|hiraFacilities=2026-06-30|analysisBoundary=2026-04-01|busStops=2025-08-25,bytes; SHA-256 hex; date YYYY-MM-DD,SHA-256(input file bytes); raw hashes inherited from verified source_manifest.csv,처리 산출물 해시는 원자료 의미 타당성이나 외부 최신성을 대신하지 않는다.,area_adjacency=AF16E5259A667F45F5BF7F6B3DF3A22E1A4837C477F6B68DDC26CDCF60E2DFF0|area_scores=455106174A3E492D501F73B8BA55EFD1B7525656638E8109AE015C290C352DE3|bus_stops=BBA5AC0E8F29538F42373B1789179B5B9D2CF0186E0D3A618537C83B74B628D5|facilities=9AA2BC9D9F9E0EC421FB7D23A9C9BF0BD5EDB59EB173A91CB27E6EB2655A1E07|grid_scores=F2B4631D6C4DB1C379BB9CAA13D29A9C055273F1C0D682BAC13EDD19C0A9E9BF|metrics_code=7A3920ABAC99C0EEE1FA013FF751C14428D5AA95E0F1F3F32FCED6B7A49541BA|model_spec=435B1018F2D35A2B421D1827A23C0DC739DC1F827F71189F8F818CE0B0C670E4|source_manifest=86163BE779951590317AB41BE2F9DE18666BC936F1735593673513008868CEC9,population=4D1530F251B312CE6564BA5676093B1043057F46A0FE2A58CF2756AFC530DA7B|one_person=01923C6EBD7440771E4EBE20CAB0648355A18C09D198677C0E265F5E68406A7D|admdongkor_boundary=6A63D079BA8AF4701AB200AD0B54EBDEA8689808B6E0E9F17973B9BA7883DC6A|bus_stops=01B63929056B55D0A8FE372756942FB9A81A89CB121A0CDB1838DDE9ED8555BF|hira_hospital=458D04F264BFE005CB12078699156CA72AD47B52062E0F79B8140E2635086268|hira_pharmacy=65B2B1E7F65BF1EFAF20C826BC1FB03CC24B65B359F4B5B51E1A234B334505A4
processed_input,model_spec,기준 대리모형 명세,2026-08-09_재현분석/outputs/models/model_spec.json,1595,435B1018F2D35A2B421D1827A23C0DC739DC1F827F71189F8F818CE0B0C670E4,mixed,1.1.0,input_lineage_v1,goyang_mixed_20250825_20260630,population=2026-06-30|onePersonHouseholds=2026-06-30|hiraFacilities=2026-06-30|analysisBoundary=2026-04-01|busStops=2025-08-25,bytes; SHA-256 hex; date YYYY-MM-DD,SHA-256(input file bytes); raw hashes inherited from verified source_manifest.csv,처리 산출물 해시는 원자료 의미 타당성이나 외부 최신성을 대신하지 않는다.,area_adjacency=AF16E5259A667F45F5BF7F6B3DF3A22E1A4837C477F6B68DDC26CDCF60E2DFF0|area_scores=455106174A3E492D501F73B8BA55EFD1B7525656638E8109AE015C290C352DE3|bus_stops=BBA5AC0E8F29538F42373B1789179B5B9D2CF0186E0D3A618537C83B74B628D5|facilities=9AA2BC9D9F9E0EC421FB7D23A9C9BF0BD5EDB59EB173A91CB27E6EB2655A1E07|grid_scores=F2B4631D6C4DB1C379BB9CAA13D29A9C055273F1C0D682BAC13EDD19C0A9E9BF|metrics_code=7A3920ABAC99C0EEE1FA013FF751C14428D5AA95E0F1F3F32FCED6B7A49541BA|model_spec=435B1018F2D35A2B421D1827A23C0DC739DC1F827F71189F8F818CE0B0C670E4|source_manifest=86163BE779951590317AB41BE2F9DE18666BC936F1735593673513008868CEC9,population=4D1530F251B312CE6564BA5676093B1043057F46A0FE2A58CF2756AFC530DA7B|one_person=01923C6EBD7440771E4EBE20CAB0648355A18C09D198677C0E265F5E68406A7D|admdongkor_boundary=6A63D079BA8AF4701AB200AD0B54EBDEA8689808B6E0E9F17973B9BA7883DC6A|bus_stops=01B63929056B55D0A8FE372756942FB9A81A89CB121A0CDB1838DDE9ED8555BF|hira_hospital=458D04F264BFE005CB12078699156CA72AD47B52062E0F79B8140E2635086268|hira_pharmacy=65B2B1E7F65BF1EFAF20C826BC1FB03CC24B65B359F4B5B51E1A234B334505A4
processed_input,metrics_code,z표준화·접근성·Moran·LISA 구현,2026-08-09_재현분석/src/metrics.py,9118,7A3920ABAC99C0EEE1FA013FF751C14428D5AA95E0F1F3F32FCED6B7A49541BA,mixed,1.1.0,input_lineage_v1,goyang_mixed_20250825_20260630,population=2026-06-30|onePersonHouseholds=2026-06-30|hiraFacilities=2026-06-30|analysisBoundary=2026-04-01|busStops=2025-08-25,bytes; SHA-256 hex; date YYYY-MM-DD,SHA-256(input file bytes); raw hashes inherited from verified source_manifest.csv,처리 산출물 해시는 원자료 의미 타당성이나 외부 최신성을 대신하지 않는다.,area_adjacency=AF16E5259A667F45F5BF7F6B3DF3A22E1A4837C477F6B68DDC26CDCF60E2DFF0|area_scores=455106174A3E492D501F73B8BA55EFD1B7525656638E8109AE015C290C352DE3|bus_stops=BBA5AC0E8F29538F42373B1789179B5B9D2CF0186E0D3A618537C83B74B628D5|facilities=9AA2BC9D9F9E0EC421FB7D23A9C9BF0BD5EDB59EB173A91CB27E6EB2655A1E07|grid_scores=F2B4631D6C4DB1C379BB9CAA13D29A9C055273F1C0D682BAC13EDD19C0A9E9BF|metrics_code=7A3920ABAC99C0EEE1FA013FF751C14428D5AA95E0F1F3F32FCED6B7A49541BA|model_spec=435B1018F2D35A2B421D1827A23C0DC739DC1F827F71189F8F818CE0B0C670E4|source_manifest=86163BE779951590317AB41BE2F9DE18666BC936F1735593673513008868CEC9,population=4D1530F251B312CE6564BA5676093B1043057F46A0FE2A58CF2756AFC530DA7B|one_person=01923C6EBD7440771E4EBE20CAB0648355A18C09D198677C0E265F5E68406A7D|admdongkor_boundary=6A63D079BA8AF4701AB200AD0B54EBDEA8689808B6E0E9F17973B9BA7883DC6A|bus_stops=01B63929056B55D0A8FE372756942FB9A81A89CB121A0CDB1838DDE9ED8555BF|hira_hospital=458D04F264BFE005CB12078699156CA72AD47B52062E0F79B8140E2635086268|hira_pharmacy=65B2B1E7F65BF1EFAF20C826BC1FB03CC24B65B359F4B5B51E1A234B334505A4
raw_source,population,원자료 SHA 계보,source_manifest.csv에 기록,,4D1530F251B312CE6564BA5676093B1043057F46A0FE2A58CF2756AFC530DA7B,2026-06-30,1.1.0,input_lineage_v1,goyang_mixed_20250825_20260630,population=2026-06-30|onePersonHouseholds=2026-06-30|hiraFacilities=2026-06-30|analysisBoundary=2026-04-01|busStops=2025-08-25,bytes; SHA-256 hex; date YYYY-MM-DD,SHA-256(input file bytes); raw hashes inherited from verified source_manifest.csv,처리 산출물 해시는 원자료 의미 타당성이나 외부 최신성을 대신하지 않는다.,area_adjacency=AF16E5259A667F45F5BF7F6B3DF3A22E1A4837C477F6B68DDC26CDCF60E2DFF0|area_scores=455106174A3E492D501F73B8BA55EFD1B7525656638E8109AE015C290C352DE3|bus_stops=BBA5AC0E8F29538F42373B1789179B5B9D2CF0186E0D3A618537C83B74B628D5|facilities=9AA2BC9D9F9E0EC421FB7D23A9C9BF0BD5EDB59EB173A91CB27E6EB2655A1E07|grid_scores=F2B4631D6C4DB1C379BB9CAA13D29A9C055273F1C0D682BAC13EDD19C0A9E9BF|metrics_code=7A3920ABAC99C0EEE1FA013FF751C14428D5AA95E0F1F3F32FCED6B7A49541BA|model_spec=435B1018F2D35A2B421D1827A23C0DC739DC1F827F71189F8F818CE0B0C670E4|source_manifest=86163BE779951590317AB41BE2F9DE18666BC936F1735593673513008868CEC9,population=4D1530F251B312CE6564BA5676093B1043057F46A0FE2A58CF2756AFC530DA7B|one_person=01923C6EBD7440771E4EBE20CAB0648355A18C09D198677C0E265F5E68406A7D|admdongkor_boundary=6A63D079BA8AF4701AB200AD0B54EBDEA8689808B6E0E9F17973B9BA7883DC6A|bus_stops=01B63929056B55D0A8FE372756942FB9A81A89CB121A0CDB1838DDE9ED8555BF|hira_hospital=458D04F264BFE005CB12078699156CA72AD47B52062E0F79B8140E2635086268|hira_pharmacy=65B2B1E7F65BF1EFAF20C826BC1FB03CC24B65B359F4B5B51E1A234B334505A4
raw_source,one_person,원자료 SHA 계보,source_manifest.csv에 기록,,01923C6EBD7440771E4EBE20CAB0648355A18C09D198677C0E265F5E68406A7D,2026-06-30,1.1.0,input_lineage_v1,goyang_mixed_20250825_20260630,population=2026-06-30|onePersonHouseholds=2026-06-30|hiraFacilities=2026-06-30|analysisBoundary=2026-04-01|busStops=2025-08-25,bytes; SHA-256 hex; date YYYY-MM-DD,SHA-256(input file bytes); raw hashes inherited from verified source_manifest.csv,처리 산출물 해시는 원자료 의미 타당성이나 외부 최신성을 대신하지 않는다.,area_adjacency=AF16E5259A667F45F5BF7F6B3DF3A22E1A4837C477F6B68DDC26CDCF60E2DFF0|area_scores=455106174A3E492D501F73B8BA55EFD1B7525656638E8109AE015C290C352DE3|bus_stops=BBA5AC0E8F29538F42373B1789179B5B9D2CF0186E0D3A618537C83B74B628D5|facilities=9AA2BC9D9F9E0EC421FB7D23A9C9BF0BD5EDB59EB173A91CB27E6EB2655A1E07|grid_scores=F2B4631D6C4DB1C379BB9CAA13D29A9C055273F1C0D682BAC13EDD19C0A9E9BF|metrics_code=7A3920ABAC99C0EEE1FA013FF751C14428D5AA95E0F1F3F32FCED6B7A49541BA|model_spec=435B1018F2D35A2B421D1827A23C0DC739DC1F827F71189F8F818CE0B0C670E4|source_manifest=86163BE779951590317AB41BE2F9DE18666BC936F1735593673513008868CEC9,population=4D1530F251B312CE6564BA5676093B1043057F46A0FE2A58CF2756AFC530DA7B|one_person=01923C6EBD7440771E4EBE20CAB0648355A18C09D198677C0E265F5E68406A7D|admdongkor_boundary=6A63D079BA8AF4701AB200AD0B54EBDEA8689808B6E0E9F17973B9BA7883DC6A|bus_stops=01B63929056B55D0A8FE372756942FB9A81A89CB121A0CDB1838DDE9ED8555BF|hira_hospital=458D04F264BFE005CB12078699156CA72AD47B52062E0F79B8140E2635086268|hira_pharmacy=65B2B1E7F65BF1EFAF20C826BC1FB03CC24B65B359F4B5B51E1A234B334505A4
raw_source,admdongkor_boundary,원자료 SHA 계보,source_manifest.csv에 기록,,6A63D079BA8AF4701AB200AD0B54EBDEA8689808B6E0E9F17973B9BA7883DC6A,2026-04-01,1.1.0,input_lineage_v1,goyang_mixed_20250825_20260630,population=2026-06-30|onePersonHouseholds=2026-06-30|hiraFacilities=2026-06-30|analysisBoundary=2026-04-01|busStops=2025-08-25,bytes; SHA-256 hex; date YYYY-MM-DD,SHA-256(input file bytes); raw hashes inherited from verified source_manifest.csv,처리 산출물 해시는 원자료 의미 타당성이나 외부 최신성을 대신하지 않는다.,area_adjacency=AF16E5259A667F45F5BF7F6B3DF3A22E1A4837C477F6B68DDC26CDCF60E2DFF0|area_scores=455106174A3E492D501F73B8BA55EFD1B7525656638E8109AE015C290C352DE3|bus_stops=BBA5AC0E8F29538F42373B1789179B5B9D2CF0186E0D3A618537C83B74B628D5|facilities=9AA2BC9D9F9E0EC421FB7D23A9C9BF0BD5EDB59EB173A91CB27E6EB2655A1E07|grid_scores=F2B4631D6C4DB1C379BB9CAA13D29A9C055273F1C0D682BAC13EDD19C0A9E9BF|metrics_code=7A3920ABAC99C0EEE1FA013FF751C14428D5AA95E0F1F3F32FCED6B7A49541BA|model_spec=435B1018F2D35A2B421D1827A23C0DC739DC1F827F71189F8F818CE0B0C670E4|source_manifest=86163BE779951590317AB41BE2F9DE18666BC936F1735593673513008868CEC9,population=4D1530F251B312CE6564BA5676093B1043057F46A0FE2A58CF2756AFC530DA7B|one_person=01923C6EBD7440771E4EBE20CAB0648355A18C09D198677C0E265F5E68406A7D|admdongkor_boundary=6A63D079BA8AF4701AB200AD0B54EBDEA8689808B6E0E9F17973B9BA7883DC6A|bus_stops=01B63929056B55D0A8FE372756942FB9A81A89CB121A0CDB1838DDE9ED8555BF|hira_hospital=458D04F264BFE005CB12078699156CA72AD47B52062E0F79B8140E2635086268|hira_pharmacy=65B2B1E7F65BF1EFAF20C826BC1FB03CC24B65B359F4B5B51E1A234B334505A4
raw_source,bus_stops,원자료 SHA 계보,source_manifest.csv에 기록,,01B63929056B55D0A8FE372756942FB9A81A89CB121A0CDB1838DDE9ED8555BF,2025-08-25,1.1.0,input_lineage_v1,goyang_mixed_20250825_20260630,population=2026-06-30|onePersonHouseholds=2026-06-30|hiraFacilities=2026-06-30|analysisBoundary=2026-04-01|busStops=2025-08-25,bytes; SHA-256 hex; date YYYY-MM-DD,SHA-256(input file bytes); raw hashes inherited from verified source_manifest.csv,처리 산출물 해시는 원자료 의미 타당성이나 외부 최신성을 대신하지 않는다.,area_adjacency=AF16E5259A667F45F5BF7F6B3DF3A22E1A4837C477F6B68DDC26CDCF60E2DFF0|area_scores=455106174A3E492D501F73B8BA55EFD1B7525656638E8109AE015C290C352DE3|bus_stops=BBA5AC0E8F29538F42373B1789179B5B9D2CF0186E0D3A618537C83B74B628D5|facilities=9AA2BC9D9F9E0EC421FB7D23A9C9BF0BD5EDB59EB173A91CB27E6EB2655A1E07|grid_scores=F2B4631D6C4DB1C379BB9CAA13D29A9C055273F1C0D682BAC13EDD19C0A9E9BF|metrics_code=7A3920ABAC99C0EEE1FA013FF751C14428D5AA95E0F1F3F32FCED6B7A49541BA|model_spec=435B1018F2D35A2B421D1827A23C0DC739DC1F827F71189F8F818CE0B0C670E4|source_manifest=86163BE779951590317AB41BE2F9DE18666BC936F1735593673513008868CEC9,population=4D1530F251B312CE6564BA5676093B1043057F46A0FE2A58CF2756AFC530DA7B|one_person=01923C6EBD7440771E4EBE20CAB0648355A18C09D198677C0E265F5E68406A7D|admdongkor_boundary=6A63D079BA8AF4701AB200AD0B54EBDEA8689808B6E0E9F17973B9BA7883DC6A|bus_stops=01B63929056B55D0A8FE372756942FB9A81A89CB121A0CDB1838DDE9ED8555BF|hira_hospital=458D04F264BFE005CB12078699156CA72AD47B52062E0F79B8140E2635086268|hira_pharmacy=65B2B1E7F65BF1EFAF20C826BC1FB03CC24B65B359F4B5B51E1A234B334505A4
raw_source,hira_hospital,원자료 SHA 계보,source_manifest.csv에 기록,,458D04F264BFE005CB12078699156CA72AD47B52062E0F79B8140E2635086268,2026-06-30,1.1.0,input_lineage_v1,goyang_mixed_20250825_20260630,population=2026-06-30|onePersonHouseholds=2026-06-30|hiraFacilities=2026-06-30|analysisBoundary=2026-04-01|busStops=2025-08-25,bytes; SHA-256 hex; date YYYY-MM-DD,SHA-256(input file bytes); raw hashes inherited from verified source_manifest.csv,처리 산출물 해시는 원자료 의미 타당성이나 외부 최신성을 대신하지 않는다.,area_adjacency=AF16E5259A667F45F5BF7F6B3DF3A22E1A4837C477F6B68DDC26CDCF60E2DFF0|area_scores=455106174A3E492D501F73B8BA55EFD1B7525656638E8109AE015C290C352DE3|bus_stops=BBA5AC0E8F29538F42373B1789179B5B9D2CF0186E0D3A618537C83B74B628D5|facilities=9AA2BC9D9F9E0EC421FB7D23A9C9BF0BD5EDB59EB173A91CB27E6EB2655A1E07|grid_scores=F2B4631D6C4DB1C379BB9CAA13D29A9C055273F1C0D682BAC13EDD19C0A9E9BF|metrics_code=7A3920ABAC99C0EEE1FA013FF751C14428D5AA95E0F1F3F32FCED6B7A49541BA|model_spec=435B1018F2D35A2B421D1827A23C0DC739DC1F827F71189F8F818CE0B0C670E4|source_manifest=86163BE779951590317AB41BE2F9DE18666BC936F1735593673513008868CEC9,population=4D1530F251B312CE6564BA5676093B1043057F46A0FE2A58CF2756AFC530DA7B|one_person=01923C6EBD7440771E4EBE20CAB0648355A18C09D198677C0E265F5E68406A7D|admdongkor_boundary=6A63D079BA8AF4701AB200AD0B54EBDEA8689808B6E0E9F17973B9BA7883DC6A|bus_stops=01B63929056B55D0A8FE372756942FB9A81A89CB121A0CDB1838DDE9ED8555BF|hira_hospital=458D04F264BFE005CB12078699156CA72AD47B52062E0F79B8140E2635086268|hira_pharmacy=65B2B1E7F65BF1EFAF20C826BC1FB03CC24B65B359F4B5B51E1A234B334505A4
raw_source,hira_pharmacy,원자료 SHA 계보,source_manifest.csv에 기록,,65B2B1E7F65BF1EFAF20C826BC1FB03CC24B65B359F4B5B51E1A234B334505A4,2026-06-30,1.1.0,input_lineage_v1,goyang_mixed_20250825_20260630,population=2026-06-30|onePersonHouseholds=2026-06-30|hiraFacilities=2026-06-30|analysisBoundary=2026-04-01|busStops=2025-08-25,bytes; SHA-256 hex; date YYYY-MM-DD,SHA-256(input file bytes); raw hashes inherited from verified source_manifest.csv,처리 산출물 해시는 원자료 의미 타당성이나 외부 최신성을 대신하지 않는다.,area_adjacency=AF16E5259A667F45F5BF7F6B3DF3A22E1A4837C477F6B68DDC26CDCF60E2DFF0|area_scores=455106174A3E492D501F73B8BA55EFD1B7525656638E8109AE015C290C352DE3|bus_stops=BBA5AC0E8F29538F42373B1789179B5B9D2CF0186E0D3A618537C83B74B628D5|facilities=9AA2BC9D9F9E0EC421FB7D23A9C9BF0BD5EDB59EB173A91CB27E6EB2655A1E07|grid_scores=F2B4631D6C4DB1C379BB9CAA13D29A9C055273F1C0D682BAC13EDD19C0A9E9BF|metrics_code=7A3920ABAC99C0EEE1FA013FF751C14428D5AA95E0F1F3F32FCED6B7A49541BA|model_spec=435B1018F2D35A2B421D1827A23C0DC739DC1F827F71189F8F818CE0B0C670E4|source_manifest=86163BE779951590317AB41BE2F9DE18666BC936F1735593673513008868CEC9,population=4D1530F251B312CE6564BA5676093B1043057F46A0FE2A58CF2756AFC530DA7B|one_person=01923C6EBD7440771E4EBE20CAB0648355A18C09D198677C0E265F5E68406A7D|admdongkor_boundary=6A63D079BA8AF4701AB200AD0B54EBDEA8689808B6E0E9F17973B9BA7883DC6A|bus_stops=01B63929056B55D0A8FE372756942FB9A81A89CB121A0CDB1838DDE9ED8555BF|hira_hospital=458D04F264BFE005CB12078699156CA72AD47B52062E0F79B8140E2635086268|hira_pharmacy=65B2B1E7F65BF1EFAF20C826BC1FB03CC24B65B359F4B5B51E1A234B334505A4
