code,dong,count,share,baselineCandidate,minRank,medianRank,maxRank,artifact_schema_version,analysis_id,snapshot_id,source_dates,unit_definition,formula,limitation,input_sha256,raw_source_sha256
4128151000,주교동,182,0.787878787878788,true,1,6,13,1.1.0,weight_simplex_boundary_audit_v1,goyang_mixed_20250825_20260630,population=2026-06-30|onePersonHouseholds=2026-06-30|hiraFacilities=2026-06-30|analysisBoundary=2026-04-01|busStops=2025-08-25,가중치 0~1; Jaccard 0~1; 포함수 0~231; 순위 1~41,DSS(w)=w_cag*z(CAG)+w_bus*z(bus_inefficiency)+w_facility*z(nearest_facility_mean_m); 44동에서 z표준화 후 과거 팀 사후 대리매핑 3동을 상위8 선정에서 제외,0.05 간격 전체 비음수 simplex 231개는 실제 정책에서 타당한 가중치 집합으로 가정하지 않는다. 제한 범위 밖 극단값을 포함해 45개 결과의 경계 의존성을 반증하는 감사용이며 포함수는 확률이 아니다.,area_adjacency=AF16E5259A667F45F5BF7F6B3DF3A22E1A4837C477F6B68DDC26CDCF60E2DFF0|area_scores=455106174A3E492D501F73B8BA55EFD1B7525656638E8109AE015C290C352DE3|bus_stops=BBA5AC0E8F29538F42373B1789179B5B9D2CF0186E0D3A618537C83B74B628D5|facilities=9AA2BC9D9F9E0EC421FB7D23A9C9BF0BD5EDB59EB173A91CB27E6EB2655A1E07|grid_scores=F2B4631D6C4DB1C379BB9CAA13D29A9C055273F1C0D682BAC13EDD19C0A9E9BF|metrics_code=7A3920ABAC99C0EEE1FA013FF751C14428D5AA95E0F1F3F32FCED6B7A49541BA|model_spec=435B1018F2D35A2B421D1827A23C0DC739DC1F827F71189F8F818CE0B0C670E4|source_manifest=86163BE779951590317AB41BE2F9DE18666BC936F1735593673513008868CEC9,population=4D1530F251B312CE6564BA5676093B1043057F46A0FE2A58CF2756AFC530DA7B|one_person=01923C6EBD7440771E4EBE20CAB0648355A18C09D198677C0E265F5E68406A7D|admdongkor_boundary=6A63D079BA8AF4701AB200AD0B54EBDEA8689808B6E0E9F17973B9BA7883DC6A|bus_stops=01B63929056B55D0A8FE372756942FB9A81A89CB121A0CDB1838DDE9ED8555BF|hira_hospital=458D04F264BFE005CB12078699156CA72AD47B52062E0F79B8140E2635086268|hira_pharmacy=65B2B1E7F65BF1EFAF20C826BC1FB03CC24B65B359F4B5B51E1A234B334505A4
4128152000,원신동,30,0.12987012987013,false,7,11,17,1.1.0,weight_simplex_boundary_audit_v1,goyang_mixed_20250825_20260630,population=2026-06-30|onePersonHouseholds=2026-06-30|hiraFacilities=2026-06-30|analysisBoundary=2026-04-01|busStops=2025-08-25,가중치 0~1; Jaccard 0~1; 포함수 0~231; 순위 1~41,DSS(w)=w_cag*z(CAG)+w_bus*z(bus_inefficiency)+w_facility*z(nearest_facility_mean_m); 44동에서 z표준화 후 과거 팀 사후 대리매핑 3동을 상위8 선정에서 제외,0.05 간격 전체 비음수 simplex 231개는 실제 정책에서 타당한 가중치 집합으로 가정하지 않는다. 제한 범위 밖 극단값을 포함해 45개 결과의 경계 의존성을 반증하는 감사용이며 포함수는 확률이 아니다.,area_adjacency=AF16E5259A667F45F5BF7F6B3DF3A22E1A4837C477F6B68DDC26CDCF60E2DFF0|area_scores=455106174A3E492D501F73B8BA55EFD1B7525656638E8109AE015C290C352DE3|bus_stops=BBA5AC0E8F29538F42373B1789179B5B9D2CF0186E0D3A618537C83B74B628D5|facilities=9AA2BC9D9F9E0EC421FB7D23A9C9BF0BD5EDB59EB173A91CB27E6EB2655A1E07|grid_scores=F2B4631D6C4DB1C379BB9CAA13D29A9C055273F1C0D682BAC13EDD19C0A9E9BF|metrics_code=7A3920ABAC99C0EEE1FA013FF751C14428D5AA95E0F1F3F32FCED6B7A49541BA|model_spec=435B1018F2D35A2B421D1827A23C0DC739DC1F827F71189F8F818CE0B0C670E4|source_manifest=86163BE779951590317AB41BE2F9DE18666BC936F1735593673513008868CEC9,population=4D1530F251B312CE6564BA5676093B1043057F46A0FE2A58CF2756AFC530DA7B|one_person=01923C6EBD7440771E4EBE20CAB0648355A18C09D198677C0E265F5E68406A7D|admdongkor_boundary=6A63D079BA8AF4701AB200AD0B54EBDEA8689808B6E0E9F17973B9BA7883DC6A|bus_stops=01B63929056B55D0A8FE372756942FB9A81A89CB121A0CDB1838DDE9ED8555BF|hira_hospital=458D04F264BFE005CB12078699156CA72AD47B52062E0F79B8140E2635086268|hira_pharmacy=65B2B1E7F65BF1EFAF20C826BC1FB03CC24B65B359F4B5B51E1A234B334505A4
4128153000,흥도동,0,0,false,11,14,29,1.1.0,weight_simplex_boundary_audit_v1,goyang_mixed_20250825_20260630,population=2026-06-30|onePersonHouseholds=2026-06-30|hiraFacilities=2026-06-30|analysisBoundary=2026-04-01|busStops=2025-08-25,가중치 0~1; Jaccard 0~1; 포함수 0~231; 순위 1~41,DSS(w)=w_cag*z(CAG)+w_bus*z(bus_inefficiency)+w_facility*z(nearest_facility_mean_m); 44동에서 z표준화 후 과거 팀 사후 대리매핑 3동을 상위8 선정에서 제외,0.05 간격 전체 비음수 simplex 231개는 실제 정책에서 타당한 가중치 집합으로 가정하지 않는다. 제한 범위 밖 극단값을 포함해 45개 결과의 경계 의존성을 반증하는 감사용이며 포함수는 확률이 아니다.,area_adjacency=AF16E5259A667F45F5BF7F6B3DF3A22E1A4837C477F6B68DDC26CDCF60E2DFF0|area_scores=455106174A3E492D501F73B8BA55EFD1B7525656638E8109AE015C290C352DE3|bus_stops=BBA5AC0E8F29538F42373B1789179B5B9D2CF0186E0D3A618537C83B74B628D5|facilities=9AA2BC9D9F9E0EC421FB7D23A9C9BF0BD5EDB59EB173A91CB27E6EB2655A1E07|grid_scores=F2B4631D6C4DB1C379BB9CAA13D29A9C055273F1C0D682BAC13EDD19C0A9E9BF|metrics_code=7A3920ABAC99C0EEE1FA013FF751C14428D5AA95E0F1F3F32FCED6B7A49541BA|model_spec=435B1018F2D35A2B421D1827A23C0DC739DC1F827F71189F8F818CE0B0C670E4|source_manifest=86163BE779951590317AB41BE2F9DE18666BC936F1735593673513008868CEC9,population=4D1530F251B312CE6564BA5676093B1043057F46A0FE2A58CF2756AFC530DA7B|one_person=01923C6EBD7440771E4EBE20CAB0648355A18C09D198677C0E265F5E68406A7D|admdongkor_boundary=6A63D079BA8AF4701AB200AD0B54EBDEA8689808B6E0E9F17973B9BA7883DC6A|bus_stops=01B63929056B55D0A8FE372756942FB9A81A89CB121A0CDB1838DDE9ED8555BF|hira_hospital=458D04F264BFE005CB12078699156CA72AD47B52062E0F79B8140E2635086268|hira_pharmacy=65B2B1E7F65BF1EFAF20C826BC1FB03CC24B65B359F4B5B51E1A234B334505A4
4128154000,성사1동,0,0,false,10,16,23,1.1.0,weight_simplex_boundary_audit_v1,goyang_mixed_20250825_20260630,population=2026-06-30|onePersonHouseholds=2026-06-30|hiraFacilities=2026-06-30|analysisBoundary=2026-04-01|busStops=2025-08-25,가중치 0~1; Jaccard 0~1; 포함수 0~231; 순위 1~41,DSS(w)=w_cag*z(CAG)+w_bus*z(bus_inefficiency)+w_facility*z(nearest_facility_mean_m); 44동에서 z표준화 후 과거 팀 사후 대리매핑 3동을 상위8 선정에서 제외,0.05 간격 전체 비음수 simplex 231개는 실제 정책에서 타당한 가중치 집합으로 가정하지 않는다. 제한 범위 밖 극단값을 포함해 45개 결과의 경계 의존성을 반증하는 감사용이며 포함수는 확률이 아니다.,area_adjacency=AF16E5259A667F45F5BF7F6B3DF3A22E1A4837C477F6B68DDC26CDCF60E2DFF0|area_scores=455106174A3E492D501F73B8BA55EFD1B7525656638E8109AE015C290C352DE3|bus_stops=BBA5AC0E8F29538F42373B1789179B5B9D2CF0186E0D3A618537C83B74B628D5|facilities=9AA2BC9D9F9E0EC421FB7D23A9C9BF0BD5EDB59EB173A91CB27E6EB2655A1E07|grid_scores=F2B4631D6C4DB1C379BB9CAA13D29A9C055273F1C0D682BAC13EDD19C0A9E9BF|metrics_code=7A3920ABAC99C0EEE1FA013FF751C14428D5AA95E0F1F3F32FCED6B7A49541BA|model_spec=435B1018F2D35A2B421D1827A23C0DC739DC1F827F71189F8F818CE0B0C670E4|source_manifest=86163BE779951590317AB41BE2F9DE18666BC936F1735593673513008868CEC9,population=4D1530F251B312CE6564BA5676093B1043057F46A0FE2A58CF2756AFC530DA7B|one_person=01923C6EBD7440771E4EBE20CAB0648355A18C09D198677C0E265F5E68406A7D|admdongkor_boundary=6A63D079BA8AF4701AB200AD0B54EBDEA8689808B6E0E9F17973B9BA7883DC6A|bus_stops=01B63929056B55D0A8FE372756942FB9A81A89CB121A0CDB1838DDE9ED8555BF|hira_hospital=458D04F264BFE005CB12078699156CA72AD47B52062E0F79B8140E2635086268|hira_pharmacy=65B2B1E7F65BF1EFAF20C826BC1FB03CC24B65B359F4B5B51E1A234B334505A4
4128155000,성사2동,55,0.238095238095238,false,2,13,25,1.1.0,weight_simplex_boundary_audit_v1,goyang_mixed_20250825_20260630,population=2026-06-30|onePersonHouseholds=2026-06-30|hiraFacilities=2026-06-30|analysisBoundary=2026-04-01|busStops=2025-08-25,가중치 0~1; Jaccard 0~1; 포함수 0~231; 순위 1~41,DSS(w)=w_cag*z(CAG)+w_bus*z(bus_inefficiency)+w_facility*z(nearest_facility_mean_m); 44동에서 z표준화 후 과거 팀 사후 대리매핑 3동을 상위8 선정에서 제외,0.05 간격 전체 비음수 simplex 231개는 실제 정책에서 타당한 가중치 집합으로 가정하지 않는다. 제한 범위 밖 극단값을 포함해 45개 결과의 경계 의존성을 반증하는 감사용이며 포함수는 확률이 아니다.,area_adjacency=AF16E5259A667F45F5BF7F6B3DF3A22E1A4837C477F6B68DDC26CDCF60E2DFF0|area_scores=455106174A3E492D501F73B8BA55EFD1B7525656638E8109AE015C290C352DE3|bus_stops=BBA5AC0E8F29538F42373B1789179B5B9D2CF0186E0D3A618537C83B74B628D5|facilities=9AA2BC9D9F9E0EC421FB7D23A9C9BF0BD5EDB59EB173A91CB27E6EB2655A1E07|grid_scores=F2B4631D6C4DB1C379BB9CAA13D29A9C055273F1C0D682BAC13EDD19C0A9E9BF|metrics_code=7A3920ABAC99C0EEE1FA013FF751C14428D5AA95E0F1F3F32FCED6B7A49541BA|model_spec=435B1018F2D35A2B421D1827A23C0DC739DC1F827F71189F8F818CE0B0C670E4|source_manifest=86163BE779951590317AB41BE2F9DE18666BC936F1735593673513008868CEC9,population=4D1530F251B312CE6564BA5676093B1043057F46A0FE2A58CF2756AFC530DA7B|one_person=01923C6EBD7440771E4EBE20CAB0648355A18C09D198677C0E265F5E68406A7D|admdongkor_boundary=6A63D079BA8AF4701AB200AD0B54EBDEA8689808B6E0E9F17973B9BA7883DC6A|bus_stops=01B63929056B55D0A8FE372756942FB9A81A89CB121A0CDB1838DDE9ED8555BF|hira_hospital=458D04F264BFE005CB12078699156CA72AD47B52062E0F79B8140E2635086268|hira_pharmacy=65B2B1E7F65BF1EFAF20C826BC1FB03CC24B65B359F4B5B51E1A234B334505A4
4128156000,효자동,200,0.865800865800866,true,1,1,32,1.1.0,weight_simplex_boundary_audit_v1,goyang_mixed_20250825_20260630,population=2026-06-30|onePersonHouseholds=2026-06-30|hiraFacilities=2026-06-30|analysisBoundary=2026-04-01|busStops=2025-08-25,가중치 0~1; Jaccard 0~1; 포함수 0~231; 순위 1~41,DSS(w)=w_cag*z(CAG)+w_bus*z(bus_inefficiency)+w_facility*z(nearest_facility_mean_m); 44동에서 z표준화 후 과거 팀 사후 대리매핑 3동을 상위8 선정에서 제외,0.05 간격 전체 비음수 simplex 231개는 실제 정책에서 타당한 가중치 집합으로 가정하지 않는다. 제한 범위 밖 극단값을 포함해 45개 결과의 경계 의존성을 반증하는 감사용이며 포함수는 확률이 아니다.,area_adjacency=AF16E5259A667F45F5BF7F6B3DF3A22E1A4837C477F6B68DDC26CDCF60E2DFF0|area_scores=455106174A3E492D501F73B8BA55EFD1B7525656638E8109AE015C290C352DE3|bus_stops=BBA5AC0E8F29538F42373B1789179B5B9D2CF0186E0D3A618537C83B74B628D5|facilities=9AA2BC9D9F9E0EC421FB7D23A9C9BF0BD5EDB59EB173A91CB27E6EB2655A1E07|grid_scores=F2B4631D6C4DB1C379BB9CAA13D29A9C055273F1C0D682BAC13EDD19C0A9E9BF|metrics_code=7A3920ABAC99C0EEE1FA013FF751C14428D5AA95E0F1F3F32FCED6B7A49541BA|model_spec=435B1018F2D35A2B421D1827A23C0DC739DC1F827F71189F8F818CE0B0C670E4|source_manifest=86163BE779951590317AB41BE2F9DE18666BC936F1735593673513008868CEC9,population=4D1530F251B312CE6564BA5676093B1043057F46A0FE2A58CF2756AFC530DA7B|one_person=01923C6EBD7440771E4EBE20CAB0648355A18C09D198677C0E265F5E68406A7D|admdongkor_boundary=6A63D079BA8AF4701AB200AD0B54EBDEA8689808B6E0E9F17973B9BA7883DC6A|bus_stops=01B63929056B55D0A8FE372756942FB9A81A89CB121A0CDB1838DDE9ED8555BF|hira_hospital=458D04F264BFE005CB12078699156CA72AD47B52062E0F79B8140E2635086268|hira_pharmacy=65B2B1E7F65BF1EFAF20C826BC1FB03CC24B65B359F4B5B51E1A234B334505A4
4128157600,삼송1동,0,0,false,14,23,31,1.1.0,weight_simplex_boundary_audit_v1,goyang_mixed_20250825_20260630,population=2026-06-30|onePersonHouseholds=2026-06-30|hiraFacilities=2026-06-30|analysisBoundary=2026-04-01|busStops=2025-08-25,가중치 0~1; Jaccard 0~1; 포함수 0~231; 순위 1~41,DSS(w)=w_cag*z(CAG)+w_bus*z(bus_inefficiency)+w_facility*z(nearest_facility_mean_m); 44동에서 z표준화 후 과거 팀 사후 대리매핑 3동을 상위8 선정에서 제외,0.05 간격 전체 비음수 simplex 231개는 실제 정책에서 타당한 가중치 집합으로 가정하지 않는다. 제한 범위 밖 극단값을 포함해 45개 결과의 경계 의존성을 반증하는 감사용이며 포함수는 확률이 아니다.,area_adjacency=AF16E5259A667F45F5BF7F6B3DF3A22E1A4837C477F6B68DDC26CDCF60E2DFF0|area_scores=455106174A3E492D501F73B8BA55EFD1B7525656638E8109AE015C290C352DE3|bus_stops=BBA5AC0E8F29538F42373B1789179B5B9D2CF0186E0D3A618537C83B74B628D5|facilities=9AA2BC9D9F9E0EC421FB7D23A9C9BF0BD5EDB59EB173A91CB27E6EB2655A1E07|grid_scores=F2B4631D6C4DB1C379BB9CAA13D29A9C055273F1C0D682BAC13EDD19C0A9E9BF|metrics_code=7A3920ABAC99C0EEE1FA013FF751C14428D5AA95E0F1F3F32FCED6B7A49541BA|model_spec=435B1018F2D35A2B421D1827A23C0DC739DC1F827F71189F8F818CE0B0C670E4|source_manifest=86163BE779951590317AB41BE2F9DE18666BC936F1735593673513008868CEC9,population=4D1530F251B312CE6564BA5676093B1043057F46A0FE2A58CF2756AFC530DA7B|one_person=01923C6EBD7440771E4EBE20CAB0648355A18C09D198677C0E265F5E68406A7D|admdongkor_boundary=6A63D079BA8AF4701AB200AD0B54EBDEA8689808B6E0E9F17973B9BA7883DC6A|bus_stops=01B63929056B55D0A8FE372756942FB9A81A89CB121A0CDB1838DDE9ED8555BF|hira_hospital=458D04F264BFE005CB12078699156CA72AD47B52062E0F79B8140E2635086268|hira_pharmacy=65B2B1E7F65BF1EFAF20C826BC1FB03CC24B65B359F4B5B51E1A234B334505A4
4128157700,삼송2동,0,0,false,9,17,20,1.1.0,weight_simplex_boundary_audit_v1,goyang_mixed_20250825_20260630,population=2026-06-30|onePersonHouseholds=2026-06-30|hiraFacilities=2026-06-30|analysisBoundary=2026-04-01|busStops=2025-08-25,가중치 0~1; Jaccard 0~1; 포함수 0~231; 순위 1~41,DSS(w)=w_cag*z(CAG)+w_bus*z(bus_inefficiency)+w_facility*z(nearest_facility_mean_m); 44동에서 z표준화 후 과거 팀 사후 대리매핑 3동을 상위8 선정에서 제외,0.05 간격 전체 비음수 simplex 231개는 실제 정책에서 타당한 가중치 집합으로 가정하지 않는다. 제한 범위 밖 극단값을 포함해 45개 결과의 경계 의존성을 반증하는 감사용이며 포함수는 확률이 아니다.,area_adjacency=AF16E5259A667F45F5BF7F6B3DF3A22E1A4837C477F6B68DDC26CDCF60E2DFF0|area_scores=455106174A3E492D501F73B8BA55EFD1B7525656638E8109AE015C290C352DE3|bus_stops=BBA5AC0E8F29538F42373B1789179B5B9D2CF0186E0D3A618537C83B74B628D5|facilities=9AA2BC9D9F9E0EC421FB7D23A9C9BF0BD5EDB59EB173A91CB27E6EB2655A1E07|grid_scores=F2B4631D6C4DB1C379BB9CAA13D29A9C055273F1C0D682BAC13EDD19C0A9E9BF|metrics_code=7A3920ABAC99C0EEE1FA013FF751C14428D5AA95E0F1F3F32FCED6B7A49541BA|model_spec=435B1018F2D35A2B421D1827A23C0DC739DC1F827F71189F8F818CE0B0C670E4|source_manifest=86163BE779951590317AB41BE2F9DE18666BC936F1735593673513008868CEC9,population=4D1530F251B312CE6564BA5676093B1043057F46A0FE2A58CF2756AFC530DA7B|one_person=01923C6EBD7440771E4EBE20CAB0648355A18C09D198677C0E265F5E68406A7D|admdongkor_boundary=6A63D079BA8AF4701AB200AD0B54EBDEA8689808B6E0E9F17973B9BA7883DC6A|bus_stops=01B63929056B55D0A8FE372756942FB9A81A89CB121A0CDB1838DDE9ED8555BF|hira_hospital=458D04F264BFE005CB12078699156CA72AD47B52062E0F79B8140E2635086268|hira_pharmacy=65B2B1E7F65BF1EFAF20C826BC1FB03CC24B65B359F4B5B51E1A234B334505A4
4128158000,창릉동,0,0,false,9,11,27,1.1.0,weight_simplex_boundary_audit_v1,goyang_mixed_20250825_20260630,population=2026-06-30|onePersonHouseholds=2026-06-30|hiraFacilities=2026-06-30|analysisBoundary=2026-04-01|busStops=2025-08-25,가중치 0~1; Jaccard 0~1; 포함수 0~231; 순위 1~41,DSS(w)=w_cag*z(CAG)+w_bus*z(bus_inefficiency)+w_facility*z(nearest_facility_mean_m); 44동에서 z표준화 후 과거 팀 사후 대리매핑 3동을 상위8 선정에서 제외,0.05 간격 전체 비음수 simplex 231개는 실제 정책에서 타당한 가중치 집합으로 가정하지 않는다. 제한 범위 밖 극단값을 포함해 45개 결과의 경계 의존성을 반증하는 감사용이며 포함수는 확률이 아니다.,area_adjacency=AF16E5259A667F45F5BF7F6B3DF3A22E1A4837C477F6B68DDC26CDCF60E2DFF0|area_scores=455106174A3E492D501F73B8BA55EFD1B7525656638E8109AE015C290C352DE3|bus_stops=BBA5AC0E8F29538F42373B1789179B5B9D2CF0186E0D3A618537C83B74B628D5|facilities=9AA2BC9D9F9E0EC421FB7D23A9C9BF0BD5EDB59EB173A91CB27E6EB2655A1E07|grid_scores=F2B4631D6C4DB1C379BB9CAA13D29A9C055273F1C0D682BAC13EDD19C0A9E9BF|metrics_code=7A3920ABAC99C0EEE1FA013FF751C14428D5AA95E0F1F3F32FCED6B7A49541BA|model_spec=435B1018F2D35A2B421D1827A23C0DC739DC1F827F71189F8F818CE0B0C670E4|source_manifest=86163BE779951590317AB41BE2F9DE18666BC936F1735593673513008868CEC9,population=4D1530F251B312CE6564BA5676093B1043057F46A0FE2A58CF2756AFC530DA7B|one_person=01923C6EBD7440771E4EBE20CAB0648355A18C09D198677C0E265F5E68406A7D|admdongkor_boundary=6A63D079BA8AF4701AB200AD0B54EBDEA8689808B6E0E9F17973B9BA7883DC6A|bus_stops=01B63929056B55D0A8FE372756942FB9A81A89CB121A0CDB1838DDE9ED8555BF|hira_hospital=458D04F264BFE005CB12078699156CA72AD47B52062E0F79B8140E2635086268|hira_pharmacy=65B2B1E7F65BF1EFAF20C826BC1FB03CC24B65B359F4B5B51E1A234B334505A4
4128159000,고양동,231,1,true,2,3,8,1.1.0,weight_simplex_boundary_audit_v1,goyang_mixed_20250825_20260630,population=2026-06-30|onePersonHouseholds=2026-06-30|hiraFacilities=2026-06-30|analysisBoundary=2026-04-01|busStops=2025-08-25,가중치 0~1; Jaccard 0~1; 포함수 0~231; 순위 1~41,DSS(w)=w_cag*z(CAG)+w_bus*z(bus_inefficiency)+w_facility*z(nearest_facility_mean_m); 44동에서 z표준화 후 과거 팀 사후 대리매핑 3동을 상위8 선정에서 제외,0.05 간격 전체 비음수 simplex 231개는 실제 정책에서 타당한 가중치 집합으로 가정하지 않는다. 제한 범위 밖 극단값을 포함해 45개 결과의 경계 의존성을 반증하는 감사용이며 포함수는 확률이 아니다.,area_adjacency=AF16E5259A667F45F5BF7F6B3DF3A22E1A4837C477F6B68DDC26CDCF60E2DFF0|area_scores=455106174A3E492D501F73B8BA55EFD1B7525656638E8109AE015C290C352DE3|bus_stops=BBA5AC0E8F29538F42373B1789179B5B9D2CF0186E0D3A618537C83B74B628D5|facilities=9AA2BC9D9F9E0EC421FB7D23A9C9BF0BD5EDB59EB173A91CB27E6EB2655A1E07|grid_scores=F2B4631D6C4DB1C379BB9CAA13D29A9C055273F1C0D682BAC13EDD19C0A9E9BF|metrics_code=7A3920ABAC99C0EEE1FA013FF751C14428D5AA95E0F1F3F32FCED6B7A49541BA|model_spec=435B1018F2D35A2B421D1827A23C0DC739DC1F827F71189F8F818CE0B0C670E4|source_manifest=86163BE779951590317AB41BE2F9DE18666BC936F1735593673513008868CEC9,population=4D1530F251B312CE6564BA5676093B1043057F46A0FE2A58CF2756AFC530DA7B|one_person=01923C6EBD7440771E4EBE20CAB0648355A18C09D198677C0E265F5E68406A7D|admdongkor_boundary=6A63D079BA8AF4701AB200AD0B54EBDEA8689808B6E0E9F17973B9BA7883DC6A|bus_stops=01B63929056B55D0A8FE372756942FB9A81A89CB121A0CDB1838DDE9ED8555BF|hira_hospital=458D04F264BFE005CB12078699156CA72AD47B52062E0F79B8140E2635086268|hira_pharmacy=65B2B1E7F65BF1EFAF20C826BC1FB03CC24B65B359F4B5B51E1A234B334505A4
4128160000,관산동,124,0.536796536796537,true,1,8,13,1.1.0,weight_simplex_boundary_audit_v1,goyang_mixed_20250825_20260630,population=2026-06-30|onePersonHouseholds=2026-06-30|hiraFacilities=2026-06-30|analysisBoundary=2026-04-01|busStops=2025-08-25,가중치 0~1; Jaccard 0~1; 포함수 0~231; 순위 1~41,DSS(w)=w_cag*z(CAG)+w_bus*z(bus_inefficiency)+w_facility*z(nearest_facility_mean_m); 44동에서 z표준화 후 과거 팀 사후 대리매핑 3동을 상위8 선정에서 제외,0.05 간격 전체 비음수 simplex 231개는 실제 정책에서 타당한 가중치 집합으로 가정하지 않는다. 제한 범위 밖 극단값을 포함해 45개 결과의 경계 의존성을 반증하는 감사용이며 포함수는 확률이 아니다.,area_adjacency=AF16E5259A667F45F5BF7F6B3DF3A22E1A4837C477F6B68DDC26CDCF60E2DFF0|area_scores=455106174A3E492D501F73B8BA55EFD1B7525656638E8109AE015C290C352DE3|bus_stops=BBA5AC0E8F29538F42373B1789179B5B9D2CF0186E0D3A618537C83B74B628D5|facilities=9AA2BC9D9F9E0EC421FB7D23A9C9BF0BD5EDB59EB173A91CB27E6EB2655A1E07|grid_scores=F2B4631D6C4DB1C379BB9CAA13D29A9C055273F1C0D682BAC13EDD19C0A9E9BF|metrics_code=7A3920ABAC99C0EEE1FA013FF751C14428D5AA95E0F1F3F32FCED6B7A49541BA|model_spec=435B1018F2D35A2B421D1827A23C0DC739DC1F827F71189F8F818CE0B0C670E4|source_manifest=86163BE779951590317AB41BE2F9DE18666BC936F1735593673513008868CEC9,population=4D1530F251B312CE6564BA5676093B1043057F46A0FE2A58CF2756AFC530DA7B|one_person=01923C6EBD7440771E4EBE20CAB0648355A18C09D198677C0E265F5E68406A7D|admdongkor_boundary=6A63D079BA8AF4701AB200AD0B54EBDEA8689808B6E0E9F17973B9BA7883DC6A|bus_stops=01B63929056B55D0A8FE372756942FB9A81A89CB121A0CDB1838DDE9ED8555BF|hira_hospital=458D04F264BFE005CB12078699156CA72AD47B52062E0F79B8140E2635086268|hira_pharmacy=65B2B1E7F65BF1EFAF20C826BC1FB03CC24B65B359F4B5B51E1A234B334505A4
4128161000,능곡동,189,0.818181818181818,true,4,6,18,1.1.0,weight_simplex_boundary_audit_v1,goyang_mixed_20250825_20260630,population=2026-06-30|onePersonHouseholds=2026-06-30|hiraFacilities=2026-06-30|analysisBoundary=2026-04-01|busStops=2025-08-25,가중치 0~1; Jaccard 0~1; 포함수 0~231; 순위 1~41,DSS(w)=w_cag*z(CAG)+w_bus*z(bus_inefficiency)+w_facility*z(nearest_facility_mean_m); 44동에서 z표준화 후 과거 팀 사후 대리매핑 3동을 상위8 선정에서 제외,0.05 간격 전체 비음수 simplex 231개는 실제 정책에서 타당한 가중치 집합으로 가정하지 않는다. 제한 범위 밖 극단값을 포함해 45개 결과의 경계 의존성을 반증하는 감사용이며 포함수는 확률이 아니다.,area_adjacency=AF16E5259A667F45F5BF7F6B3DF3A22E1A4837C477F6B68DDC26CDCF60E2DFF0|area_scores=455106174A3E492D501F73B8BA55EFD1B7525656638E8109AE015C290C352DE3|bus_stops=BBA5AC0E8F29538F42373B1789179B5B9D2CF0186E0D3A618537C83B74B628D5|facilities=9AA2BC9D9F9E0EC421FB7D23A9C9BF0BD5EDB59EB173A91CB27E6EB2655A1E07|grid_scores=F2B4631D6C4DB1C379BB9CAA13D29A9C055273F1C0D682BAC13EDD19C0A9E9BF|metrics_code=7A3920ABAC99C0EEE1FA013FF751C14428D5AA95E0F1F3F32FCED6B7A49541BA|model_spec=435B1018F2D35A2B421D1827A23C0DC739DC1F827F71189F8F818CE0B0C670E4|source_manifest=86163BE779951590317AB41BE2F9DE18666BC936F1735593673513008868CEC9,population=4D1530F251B312CE6564BA5676093B1043057F46A0FE2A58CF2756AFC530DA7B|one_person=01923C6EBD7440771E4EBE20CAB0648355A18C09D198677C0E265F5E68406A7D|admdongkor_boundary=6A63D079BA8AF4701AB200AD0B54EBDEA8689808B6E0E9F17973B9BA7883DC6A|bus_stops=01B63929056B55D0A8FE372756942FB9A81A89CB121A0CDB1838DDE9ED8555BF|hira_hospital=458D04F264BFE005CB12078699156CA72AD47B52062E0F79B8140E2635086268|hira_pharmacy=65B2B1E7F65BF1EFAF20C826BC1FB03CC24B65B359F4B5B51E1A234B334505A4
4128162100,화정1동,0,0,false,22,28,31,1.1.0,weight_simplex_boundary_audit_v1,goyang_mixed_20250825_20260630,population=2026-06-30|onePersonHouseholds=2026-06-30|hiraFacilities=2026-06-30|analysisBoundary=2026-04-01|busStops=2025-08-25,가중치 0~1; Jaccard 0~1; 포함수 0~231; 순위 1~41,DSS(w)=w_cag*z(CAG)+w_bus*z(bus_inefficiency)+w_facility*z(nearest_facility_mean_m); 44동에서 z표준화 후 과거 팀 사후 대리매핑 3동을 상위8 선정에서 제외,0.05 간격 전체 비음수 simplex 231개는 실제 정책에서 타당한 가중치 집합으로 가정하지 않는다. 제한 범위 밖 극단값을 포함해 45개 결과의 경계 의존성을 반증하는 감사용이며 포함수는 확률이 아니다.,area_adjacency=AF16E5259A667F45F5BF7F6B3DF3A22E1A4837C477F6B68DDC26CDCF60E2DFF0|area_scores=455106174A3E492D501F73B8BA55EFD1B7525656638E8109AE015C290C352DE3|bus_stops=BBA5AC0E8F29538F42373B1789179B5B9D2CF0186E0D3A618537C83B74B628D5|facilities=9AA2BC9D9F9E0EC421FB7D23A9C9BF0BD5EDB59EB173A91CB27E6EB2655A1E07|grid_scores=F2B4631D6C4DB1C379BB9CAA13D29A9C055273F1C0D682BAC13EDD19C0A9E9BF|metrics_code=7A3920ABAC99C0EEE1FA013FF751C14428D5AA95E0F1F3F32FCED6B7A49541BA|model_spec=435B1018F2D35A2B421D1827A23C0DC739DC1F827F71189F8F818CE0B0C670E4|source_manifest=86163BE779951590317AB41BE2F9DE18666BC936F1735593673513008868CEC9,population=4D1530F251B312CE6564BA5676093B1043057F46A0FE2A58CF2756AFC530DA7B|one_person=01923C6EBD7440771E4EBE20CAB0648355A18C09D198677C0E265F5E68406A7D|admdongkor_boundary=6A63D079BA8AF4701AB200AD0B54EBDEA8689808B6E0E9F17973B9BA7883DC6A|bus_stops=01B63929056B55D0A8FE372756942FB9A81A89CB121A0CDB1838DDE9ED8555BF|hira_hospital=458D04F264BFE005CB12078699156CA72AD47B52062E0F79B8140E2635086268|hira_pharmacy=65B2B1E7F65BF1EFAF20C826BC1FB03CC24B65B359F4B5B51E1A234B334505A4
4128162200,화정2동,0,0,false,19,36,38,1.1.0,weight_simplex_boundary_audit_v1,goyang_mixed_20250825_20260630,population=2026-06-30|onePersonHouseholds=2026-06-30|hiraFacilities=2026-06-30|analysisBoundary=2026-04-01|busStops=2025-08-25,가중치 0~1; Jaccard 0~1; 포함수 0~231; 순위 1~41,DSS(w)=w_cag*z(CAG)+w_bus*z(bus_inefficiency)+w_facility*z(nearest_facility_mean_m); 44동에서 z표준화 후 과거 팀 사후 대리매핑 3동을 상위8 선정에서 제외,0.05 간격 전체 비음수 simplex 231개는 실제 정책에서 타당한 가중치 집합으로 가정하지 않는다. 제한 범위 밖 극단값을 포함해 45개 결과의 경계 의존성을 반증하는 감사용이며 포함수는 확률이 아니다.,area_adjacency=AF16E5259A667F45F5BF7F6B3DF3A22E1A4837C477F6B68DDC26CDCF60E2DFF0|area_scores=455106174A3E492D501F73B8BA55EFD1B7525656638E8109AE015C290C352DE3|bus_stops=BBA5AC0E8F29538F42373B1789179B5B9D2CF0186E0D3A618537C83B74B628D5|facilities=9AA2BC9D9F9E0EC421FB7D23A9C9BF0BD5EDB59EB173A91CB27E6EB2655A1E07|grid_scores=F2B4631D6C4DB1C379BB9CAA13D29A9C055273F1C0D682BAC13EDD19C0A9E9BF|metrics_code=7A3920ABAC99C0EEE1FA013FF751C14428D5AA95E0F1F3F32FCED6B7A49541BA|model_spec=435B1018F2D35A2B421D1827A23C0DC739DC1F827F71189F8F818CE0B0C670E4|source_manifest=86163BE779951590317AB41BE2F9DE18666BC936F1735593673513008868CEC9,population=4D1530F251B312CE6564BA5676093B1043057F46A0FE2A58CF2756AFC530DA7B|one_person=01923C6EBD7440771E4EBE20CAB0648355A18C09D198677C0E265F5E68406A7D|admdongkor_boundary=6A63D079BA8AF4701AB200AD0B54EBDEA8689808B6E0E9F17973B9BA7883DC6A|bus_stops=01B63929056B55D0A8FE372756942FB9A81A89CB121A0CDB1838DDE9ED8555BF|hira_hospital=458D04F264BFE005CB12078699156CA72AD47B52062E0F79B8140E2635086268|hira_pharmacy=65B2B1E7F65BF1EFAF20C826BC1FB03CC24B65B359F4B5B51E1A234B334505A4
4128163000,행주동,206,0.891774891774892,true,3,5,9,1.1.0,weight_simplex_boundary_audit_v1,goyang_mixed_20250825_20260630,population=2026-06-30|onePersonHouseholds=2026-06-30|hiraFacilities=2026-06-30|analysisBoundary=2026-04-01|busStops=2025-08-25,가중치 0~1; Jaccard 0~1; 포함수 0~231; 순위 1~41,DSS(w)=w_cag*z(CAG)+w_bus*z(bus_inefficiency)+w_facility*z(nearest_facility_mean_m); 44동에서 z표준화 후 과거 팀 사후 대리매핑 3동을 상위8 선정에서 제외,0.05 간격 전체 비음수 simplex 231개는 실제 정책에서 타당한 가중치 집합으로 가정하지 않는다. 제한 범위 밖 극단값을 포함해 45개 결과의 경계 의존성을 반증하는 감사용이며 포함수는 확률이 아니다.,area_adjacency=AF16E5259A667F45F5BF7F6B3DF3A22E1A4837C477F6B68DDC26CDCF60E2DFF0|area_scores=455106174A3E492D501F73B8BA55EFD1B7525656638E8109AE015C290C352DE3|bus_stops=BBA5AC0E8F29538F42373B1789179B5B9D2CF0186E0D3A618537C83B74B628D5|facilities=9AA2BC9D9F9E0EC421FB7D23A9C9BF0BD5EDB59EB173A91CB27E6EB2655A1E07|grid_scores=F2B4631D6C4DB1C379BB9CAA13D29A9C055273F1C0D682BAC13EDD19C0A9E9BF|metrics_code=7A3920ABAC99C0EEE1FA013FF751C14428D5AA95E0F1F3F32FCED6B7A49541BA|model_spec=435B1018F2D35A2B421D1827A23C0DC739DC1F827F71189F8F818CE0B0C670E4|source_manifest=86163BE779951590317AB41BE2F9DE18666BC936F1735593673513008868CEC9,population=4D1530F251B312CE6564BA5676093B1043057F46A0FE2A58CF2756AFC530DA7B|one_person=01923C6EBD7440771E4EBE20CAB0648355A18C09D198677C0E265F5E68406A7D|admdongkor_boundary=6A63D079BA8AF4701AB200AD0B54EBDEA8689808B6E0E9F17973B9BA7883DC6A|bus_stops=01B63929056B55D0A8FE372756942FB9A81A89CB121A0CDB1838DDE9ED8555BF|hira_hospital=458D04F264BFE005CB12078699156CA72AD47B52062E0F79B8140E2635086268|hira_pharmacy=65B2B1E7F65BF1EFAF20C826BC1FB03CC24B65B359F4B5B51E1A234B334505A4
4128164000,행신1동,0,0,false,16,30,38,1.1.0,weight_simplex_boundary_audit_v1,goyang_mixed_20250825_20260630,population=2026-06-30|onePersonHouseholds=2026-06-30|hiraFacilities=2026-06-30|analysisBoundary=2026-04-01|busStops=2025-08-25,가중치 0~1; Jaccard 0~1; 포함수 0~231; 순위 1~41,DSS(w)=w_cag*z(CAG)+w_bus*z(bus_inefficiency)+w_facility*z(nearest_facility_mean_m); 44동에서 z표준화 후 과거 팀 사후 대리매핑 3동을 상위8 선정에서 제외,0.05 간격 전체 비음수 simplex 231개는 실제 정책에서 타당한 가중치 집합으로 가정하지 않는다. 제한 범위 밖 극단값을 포함해 45개 결과의 경계 의존성을 반증하는 감사용이며 포함수는 확률이 아니다.,area_adjacency=AF16E5259A667F45F5BF7F6B3DF3A22E1A4837C477F6B68DDC26CDCF60E2DFF0|area_scores=455106174A3E492D501F73B8BA55EFD1B7525656638E8109AE015C290C352DE3|bus_stops=BBA5AC0E8F29538F42373B1789179B5B9D2CF0186E0D3A618537C83B74B628D5|facilities=9AA2BC9D9F9E0EC421FB7D23A9C9BF0BD5EDB59EB173A91CB27E6EB2655A1E07|grid_scores=F2B4631D6C4DB1C379BB9CAA13D29A9C055273F1C0D682BAC13EDD19C0A9E9BF|metrics_code=7A3920ABAC99C0EEE1FA013FF751C14428D5AA95E0F1F3F32FCED6B7A49541BA|model_spec=435B1018F2D35A2B421D1827A23C0DC739DC1F827F71189F8F818CE0B0C670E4|source_manifest=86163BE779951590317AB41BE2F9DE18666BC936F1735593673513008868CEC9,population=4D1530F251B312CE6564BA5676093B1043057F46A0FE2A58CF2756AFC530DA7B|one_person=01923C6EBD7440771E4EBE20CAB0648355A18C09D198677C0E265F5E68406A7D|admdongkor_boundary=6A63D079BA8AF4701AB200AD0B54EBDEA8689808B6E0E9F17973B9BA7883DC6A|bus_stops=01B63929056B55D0A8FE372756942FB9A81A89CB121A0CDB1838DDE9ED8555BF|hira_hospital=458D04F264BFE005CB12078699156CA72AD47B52062E0F79B8140E2635086268|hira_pharmacy=65B2B1E7F65BF1EFAF20C826BC1FB03CC24B65B359F4B5B51E1A234B334505A4
4128165000,행신2동,0,0,false,14,18,26,1.1.0,weight_simplex_boundary_audit_v1,goyang_mixed_20250825_20260630,population=2026-06-30|onePersonHouseholds=2026-06-30|hiraFacilities=2026-06-30|analysisBoundary=2026-04-01|busStops=2025-08-25,가중치 0~1; Jaccard 0~1; 포함수 0~231; 순위 1~41,DSS(w)=w_cag*z(CAG)+w_bus*z(bus_inefficiency)+w_facility*z(nearest_facility_mean_m); 44동에서 z표준화 후 과거 팀 사후 대리매핑 3동을 상위8 선정에서 제외,0.05 간격 전체 비음수 simplex 231개는 실제 정책에서 타당한 가중치 집합으로 가정하지 않는다. 제한 범위 밖 극단값을 포함해 45개 결과의 경계 의존성을 반증하는 감사용이며 포함수는 확률이 아니다.,area_adjacency=AF16E5259A667F45F5BF7F6B3DF3A22E1A4837C477F6B68DDC26CDCF60E2DFF0|area_scores=455106174A3E492D501F73B8BA55EFD1B7525656638E8109AE015C290C352DE3|bus_stops=BBA5AC0E8F29538F42373B1789179B5B9D2CF0186E0D3A618537C83B74B628D5|facilities=9AA2BC9D9F9E0EC421FB7D23A9C9BF0BD5EDB59EB173A91CB27E6EB2655A1E07|grid_scores=F2B4631D6C4DB1C379BB9CAA13D29A9C055273F1C0D682BAC13EDD19C0A9E9BF|metrics_code=7A3920ABAC99C0EEE1FA013FF751C14428D5AA95E0F1F3F32FCED6B7A49541BA|model_spec=435B1018F2D35A2B421D1827A23C0DC739DC1F827F71189F8F818CE0B0C670E4|source_manifest=86163BE779951590317AB41BE2F9DE18666BC936F1735593673513008868CEC9,population=4D1530F251B312CE6564BA5676093B1043057F46A0FE2A58CF2756AFC530DA7B|one_person=01923C6EBD7440771E4EBE20CAB0648355A18C09D198677C0E265F5E68406A7D|admdongkor_boundary=6A63D079BA8AF4701AB200AD0B54EBDEA8689808B6E0E9F17973B9BA7883DC6A|bus_stops=01B63929056B55D0A8FE372756942FB9A81A89CB121A0CDB1838DDE9ED8555BF|hira_hospital=458D04F264BFE005CB12078699156CA72AD47B52062E0F79B8140E2635086268|hira_pharmacy=65B2B1E7F65BF1EFAF20C826BC1FB03CC24B65B359F4B5B51E1A234B334505A4
4128165500,행신3동,0,0,false,14,27,31,1.1.0,weight_simplex_boundary_audit_v1,goyang_mixed_20250825_20260630,population=2026-06-30|onePersonHouseholds=2026-06-30|hiraFacilities=2026-06-30|analysisBoundary=2026-04-01|busStops=2025-08-25,가중치 0~1; Jaccard 0~1; 포함수 0~231; 순위 1~41,DSS(w)=w_cag*z(CAG)+w_bus*z(bus_inefficiency)+w_facility*z(nearest_facility_mean_m); 44동에서 z표준화 후 과거 팀 사후 대리매핑 3동을 상위8 선정에서 제외,0.05 간격 전체 비음수 simplex 231개는 실제 정책에서 타당한 가중치 집합으로 가정하지 않는다. 제한 범위 밖 극단값을 포함해 45개 결과의 경계 의존성을 반증하는 감사용이며 포함수는 확률이 아니다.,area_adjacency=AF16E5259A667F45F5BF7F6B3DF3A22E1A4837C477F6B68DDC26CDCF60E2DFF0|area_scores=455106174A3E492D501F73B8BA55EFD1B7525656638E8109AE015C290C352DE3|bus_stops=BBA5AC0E8F29538F42373B1789179B5B9D2CF0186E0D3A618537C83B74B628D5|facilities=9AA2BC9D9F9E0EC421FB7D23A9C9BF0BD5EDB59EB173A91CB27E6EB2655A1E07|grid_scores=F2B4631D6C4DB1C379BB9CAA13D29A9C055273F1C0D682BAC13EDD19C0A9E9BF|metrics_code=7A3920ABAC99C0EEE1FA013FF751C14428D5AA95E0F1F3F32FCED6B7A49541BA|model_spec=435B1018F2D35A2B421D1827A23C0DC739DC1F827F71189F8F818CE0B0C670E4|source_manifest=86163BE779951590317AB41BE2F9DE18666BC936F1735593673513008868CEC9,population=4D1530F251B312CE6564BA5676093B1043057F46A0FE2A58CF2756AFC530DA7B|one_person=01923C6EBD7440771E4EBE20CAB0648355A18C09D198677C0E265F5E68406A7D|admdongkor_boundary=6A63D079BA8AF4701AB200AD0B54EBDEA8689808B6E0E9F17973B9BA7883DC6A|bus_stops=01B63929056B55D0A8FE372756942FB9A81A89CB121A0CDB1838DDE9ED8555BF|hira_hospital=458D04F264BFE005CB12078699156CA72AD47B52062E0F79B8140E2635086268|hira_pharmacy=65B2B1E7F65BF1EFAF20C826BC1FB03CC24B65B359F4B5B51E1A234B334505A4
4128165600,행신4동,13,0.0562770562770563,false,6,18,24,1.1.0,weight_simplex_boundary_audit_v1,goyang_mixed_20250825_20260630,population=2026-06-30|onePersonHouseholds=2026-06-30|hiraFacilities=2026-06-30|analysisBoundary=2026-04-01|busStops=2025-08-25,가중치 0~1; Jaccard 0~1; 포함수 0~231; 순위 1~41,DSS(w)=w_cag*z(CAG)+w_bus*z(bus_inefficiency)+w_facility*z(nearest_facility_mean_m); 44동에서 z표준화 후 과거 팀 사후 대리매핑 3동을 상위8 선정에서 제외,0.05 간격 전체 비음수 simplex 231개는 실제 정책에서 타당한 가중치 집합으로 가정하지 않는다. 제한 범위 밖 극단값을 포함해 45개 결과의 경계 의존성을 반증하는 감사용이며 포함수는 확률이 아니다.,area_adjacency=AF16E5259A667F45F5BF7F6B3DF3A22E1A4837C477F6B68DDC26CDCF60E2DFF0|area_scores=455106174A3E492D501F73B8BA55EFD1B7525656638E8109AE015C290C352DE3|bus_stops=BBA5AC0E8F29538F42373B1789179B5B9D2CF0186E0D3A618537C83B74B628D5|facilities=9AA2BC9D9F9E0EC421FB7D23A9C9BF0BD5EDB59EB173A91CB27E6EB2655A1E07|grid_scores=F2B4631D6C4DB1C379BB9CAA13D29A9C055273F1C0D682BAC13EDD19C0A9E9BF|metrics_code=7A3920ABAC99C0EEE1FA013FF751C14428D5AA95E0F1F3F32FCED6B7A49541BA|model_spec=435B1018F2D35A2B421D1827A23C0DC739DC1F827F71189F8F818CE0B0C670E4|source_manifest=86163BE779951590317AB41BE2F9DE18666BC936F1735593673513008868CEC9,population=4D1530F251B312CE6564BA5676093B1043057F46A0FE2A58CF2756AFC530DA7B|one_person=01923C6EBD7440771E4EBE20CAB0648355A18C09D198677C0E265F5E68406A7D|admdongkor_boundary=6A63D079BA8AF4701AB200AD0B54EBDEA8689808B6E0E9F17973B9BA7883DC6A|bus_stops=01B63929056B55D0A8FE372756942FB9A81A89CB121A0CDB1838DDE9ED8555BF|hira_hospital=458D04F264BFE005CB12078699156CA72AD47B52062E0F79B8140E2635086268|hira_pharmacy=65B2B1E7F65BF1EFAF20C826BC1FB03CC24B65B359F4B5B51E1A234B334505A4
4128167000,대덕동,107,0.463203463203463,false,3,9,33,1.1.0,weight_simplex_boundary_audit_v1,goyang_mixed_20250825_20260630,population=2026-06-30|onePersonHouseholds=2026-06-30|hiraFacilities=2026-06-30|analysisBoundary=2026-04-01|busStops=2025-08-25,가중치 0~1; Jaccard 0~1; 포함수 0~231; 순위 1~41,DSS(w)=w_cag*z(CAG)+w_bus*z(bus_inefficiency)+w_facility*z(nearest_facility_mean_m); 44동에서 z표준화 후 과거 팀 사후 대리매핑 3동을 상위8 선정에서 제외,0.05 간격 전체 비음수 simplex 231개는 실제 정책에서 타당한 가중치 집합으로 가정하지 않는다. 제한 범위 밖 극단값을 포함해 45개 결과의 경계 의존성을 반증하는 감사용이며 포함수는 확률이 아니다.,area_adjacency=AF16E5259A667F45F5BF7F6B3DF3A22E1A4837C477F6B68DDC26CDCF60E2DFF0|area_scores=455106174A3E492D501F73B8BA55EFD1B7525656638E8109AE015C290C352DE3|bus_stops=BBA5AC0E8F29538F42373B1789179B5B9D2CF0186E0D3A618537C83B74B628D5|facilities=9AA2BC9D9F9E0EC421FB7D23A9C9BF0BD5EDB59EB173A91CB27E6EB2655A1E07|grid_scores=F2B4631D6C4DB1C379BB9CAA13D29A9C055273F1C0D682BAC13EDD19C0A9E9BF|metrics_code=7A3920ABAC99C0EEE1FA013FF751C14428D5AA95E0F1F3F32FCED6B7A49541BA|model_spec=435B1018F2D35A2B421D1827A23C0DC739DC1F827F71189F8F818CE0B0C670E4|source_manifest=86163BE779951590317AB41BE2F9DE18666BC936F1735593673513008868CEC9,population=4D1530F251B312CE6564BA5676093B1043057F46A0FE2A58CF2756AFC530DA7B|one_person=01923C6EBD7440771E4EBE20CAB0648355A18C09D198677C0E265F5E68406A7D|admdongkor_boundary=6A63D079BA8AF4701AB200AD0B54EBDEA8689808B6E0E9F17973B9BA7883DC6A|bus_stops=01B63929056B55D0A8FE372756942FB9A81A89CB121A0CDB1838DDE9ED8555BF|hira_hospital=458D04F264BFE005CB12078699156CA72AD47B52062E0F79B8140E2635086268|hira_pharmacy=65B2B1E7F65BF1EFAF20C826BC1FB03CC24B65B359F4B5B51E1A234B334505A4
4128552500,중산1동,42,0.181818181818182,false,4,15,27,1.1.0,weight_simplex_boundary_audit_v1,goyang_mixed_20250825_20260630,population=2026-06-30|onePersonHouseholds=2026-06-30|hiraFacilities=2026-06-30|analysisBoundary=2026-04-01|busStops=2025-08-25,가중치 0~1; Jaccard 0~1; 포함수 0~231; 순위 1~41,DSS(w)=w_cag*z(CAG)+w_bus*z(bus_inefficiency)+w_facility*z(nearest_facility_mean_m); 44동에서 z표준화 후 과거 팀 사후 대리매핑 3동을 상위8 선정에서 제외,0.05 간격 전체 비음수 simplex 231개는 실제 정책에서 타당한 가중치 집합으로 가정하지 않는다. 제한 범위 밖 극단값을 포함해 45개 결과의 경계 의존성을 반증하는 감사용이며 포함수는 확률이 아니다.,area_adjacency=AF16E5259A667F45F5BF7F6B3DF3A22E1A4837C477F6B68DDC26CDCF60E2DFF0|area_scores=455106174A3E492D501F73B8BA55EFD1B7525656638E8109AE015C290C352DE3|bus_stops=BBA5AC0E8F29538F42373B1789179B5B9D2CF0186E0D3A618537C83B74B628D5|facilities=9AA2BC9D9F9E0EC421FB7D23A9C9BF0BD5EDB59EB173A91CB27E6EB2655A1E07|grid_scores=F2B4631D6C4DB1C379BB9CAA13D29A9C055273F1C0D682BAC13EDD19C0A9E9BF|metrics_code=7A3920ABAC99C0EEE1FA013FF751C14428D5AA95E0F1F3F32FCED6B7A49541BA|model_spec=435B1018F2D35A2B421D1827A23C0DC739DC1F827F71189F8F818CE0B0C670E4|source_manifest=86163BE779951590317AB41BE2F9DE18666BC936F1735593673513008868CEC9,population=4D1530F251B312CE6564BA5676093B1043057F46A0FE2A58CF2756AFC530DA7B|one_person=01923C6EBD7440771E4EBE20CAB0648355A18C09D198677C0E265F5E68406A7D|admdongkor_boundary=6A63D079BA8AF4701AB200AD0B54EBDEA8689808B6E0E9F17973B9BA7883DC6A|bus_stops=01B63929056B55D0A8FE372756942FB9A81A89CB121A0CDB1838DDE9ED8555BF|hira_hospital=458D04F264BFE005CB12078699156CA72AD47B52062E0F79B8140E2635086268|hira_pharmacy=65B2B1E7F65BF1EFAF20C826BC1FB03CC24B65B359F4B5B51E1A234B334505A4
4128552600,중산2동,0,0,false,13,24,28,1.1.0,weight_simplex_boundary_audit_v1,goyang_mixed_20250825_20260630,population=2026-06-30|onePersonHouseholds=2026-06-30|hiraFacilities=2026-06-30|analysisBoundary=2026-04-01|busStops=2025-08-25,가중치 0~1; Jaccard 0~1; 포함수 0~231; 순위 1~41,DSS(w)=w_cag*z(CAG)+w_bus*z(bus_inefficiency)+w_facility*z(nearest_facility_mean_m); 44동에서 z표준화 후 과거 팀 사후 대리매핑 3동을 상위8 선정에서 제외,0.05 간격 전체 비음수 simplex 231개는 실제 정책에서 타당한 가중치 집합으로 가정하지 않는다. 제한 범위 밖 극단값을 포함해 45개 결과의 경계 의존성을 반증하는 감사용이며 포함수는 확률이 아니다.,area_adjacency=AF16E5259A667F45F5BF7F6B3DF3A22E1A4837C477F6B68DDC26CDCF60E2DFF0|area_scores=455106174A3E492D501F73B8BA55EFD1B7525656638E8109AE015C290C352DE3|bus_stops=BBA5AC0E8F29538F42373B1789179B5B9D2CF0186E0D3A618537C83B74B628D5|facilities=9AA2BC9D9F9E0EC421FB7D23A9C9BF0BD5EDB59EB173A91CB27E6EB2655A1E07|grid_scores=F2B4631D6C4DB1C379BB9CAA13D29A9C055273F1C0D682BAC13EDD19C0A9E9BF|metrics_code=7A3920ABAC99C0EEE1FA013FF751C14428D5AA95E0F1F3F32FCED6B7A49541BA|model_spec=435B1018F2D35A2B421D1827A23C0DC739DC1F827F71189F8F818CE0B0C670E4|source_manifest=86163BE779951590317AB41BE2F9DE18666BC936F1735593673513008868CEC9,population=4D1530F251B312CE6564BA5676093B1043057F46A0FE2A58CF2756AFC530DA7B|one_person=01923C6EBD7440771E4EBE20CAB0648355A18C09D198677C0E265F5E68406A7D|admdongkor_boundary=6A63D079BA8AF4701AB200AD0B54EBDEA8689808B6E0E9F17973B9BA7883DC6A|bus_stops=01B63929056B55D0A8FE372756942FB9A81A89CB121A0CDB1838DDE9ED8555BF|hira_hospital=458D04F264BFE005CB12078699156CA72AD47B52062E0F79B8140E2635086268|hira_pharmacy=65B2B1E7F65BF1EFAF20C826BC1FB03CC24B65B359F4B5B51E1A234B334505A4
4128553000,정발산동,0,0,false,26,32,35,1.1.0,weight_simplex_boundary_audit_v1,goyang_mixed_20250825_20260630,population=2026-06-30|onePersonHouseholds=2026-06-30|hiraFacilities=2026-06-30|analysisBoundary=2026-04-01|busStops=2025-08-25,가중치 0~1; Jaccard 0~1; 포함수 0~231; 순위 1~41,DSS(w)=w_cag*z(CAG)+w_bus*z(bus_inefficiency)+w_facility*z(nearest_facility_mean_m); 44동에서 z표준화 후 과거 팀 사후 대리매핑 3동을 상위8 선정에서 제외,0.05 간격 전체 비음수 simplex 231개는 실제 정책에서 타당한 가중치 집합으로 가정하지 않는다. 제한 범위 밖 극단값을 포함해 45개 결과의 경계 의존성을 반증하는 감사용이며 포함수는 확률이 아니다.,area_adjacency=AF16E5259A667F45F5BF7F6B3DF3A22E1A4837C477F6B68DDC26CDCF60E2DFF0|area_scores=455106174A3E492D501F73B8BA55EFD1B7525656638E8109AE015C290C352DE3|bus_stops=BBA5AC0E8F29538F42373B1789179B5B9D2CF0186E0D3A618537C83B74B628D5|facilities=9AA2BC9D9F9E0EC421FB7D23A9C9BF0BD5EDB59EB173A91CB27E6EB2655A1E07|grid_scores=F2B4631D6C4DB1C379BB9CAA13D29A9C055273F1C0D682BAC13EDD19C0A9E9BF|metrics_code=7A3920ABAC99C0EEE1FA013FF751C14428D5AA95E0F1F3F32FCED6B7A49541BA|model_spec=435B1018F2D35A2B421D1827A23C0DC739DC1F827F71189F8F818CE0B0C670E4|source_manifest=86163BE779951590317AB41BE2F9DE18666BC936F1735593673513008868CEC9,population=4D1530F251B312CE6564BA5676093B1043057F46A0FE2A58CF2756AFC530DA7B|one_person=01923C6EBD7440771E4EBE20CAB0648355A18C09D198677C0E265F5E68406A7D|admdongkor_boundary=6A63D079BA8AF4701AB200AD0B54EBDEA8689808B6E0E9F17973B9BA7883DC6A|bus_stops=01B63929056B55D0A8FE372756942FB9A81A89CB121A0CDB1838DDE9ED8555BF|hira_hospital=458D04F264BFE005CB12078699156CA72AD47B52062E0F79B8140E2635086268|hira_pharmacy=65B2B1E7F65BF1EFAF20C826BC1FB03CC24B65B359F4B5B51E1A234B334505A4
4128554000,풍산동,0,0,false,16,22,30,1.1.0,weight_simplex_boundary_audit_v1,goyang_mixed_20250825_20260630,population=2026-06-30|onePersonHouseholds=2026-06-30|hiraFacilities=2026-06-30|analysisBoundary=2026-04-01|busStops=2025-08-25,가중치 0~1; Jaccard 0~1; 포함수 0~231; 순위 1~41,DSS(w)=w_cag*z(CAG)+w_bus*z(bus_inefficiency)+w_facility*z(nearest_facility_mean_m); 44동에서 z표준화 후 과거 팀 사후 대리매핑 3동을 상위8 선정에서 제외,0.05 간격 전체 비음수 simplex 231개는 실제 정책에서 타당한 가중치 집합으로 가정하지 않는다. 제한 범위 밖 극단값을 포함해 45개 결과의 경계 의존성을 반증하는 감사용이며 포함수는 확률이 아니다.,area_adjacency=AF16E5259A667F45F5BF7F6B3DF3A22E1A4837C477F6B68DDC26CDCF60E2DFF0|area_scores=455106174A3E492D501F73B8BA55EFD1B7525656638E8109AE015C290C352DE3|bus_stops=BBA5AC0E8F29538F42373B1789179B5B9D2CF0186E0D3A618537C83B74B628D5|facilities=9AA2BC9D9F9E0EC421FB7D23A9C9BF0BD5EDB59EB173A91CB27E6EB2655A1E07|grid_scores=F2B4631D6C4DB1C379BB9CAA13D29A9C055273F1C0D682BAC13EDD19C0A9E9BF|metrics_code=7A3920ABAC99C0EEE1FA013FF751C14428D5AA95E0F1F3F32FCED6B7A49541BA|model_spec=435B1018F2D35A2B421D1827A23C0DC739DC1F827F71189F8F818CE0B0C670E4|source_manifest=86163BE779951590317AB41BE2F9DE18666BC936F1735593673513008868CEC9,population=4D1530F251B312CE6564BA5676093B1043057F46A0FE2A58CF2756AFC530DA7B|one_person=01923C6EBD7440771E4EBE20CAB0648355A18C09D198677C0E265F5E68406A7D|admdongkor_boundary=6A63D079BA8AF4701AB200AD0B54EBDEA8689808B6E0E9F17973B9BA7883DC6A|bus_stops=01B63929056B55D0A8FE372756942FB9A81A89CB121A0CDB1838DDE9ED8555BF|hira_hospital=458D04F264BFE005CB12078699156CA72AD47B52062E0F79B8140E2635086268|hira_pharmacy=65B2B1E7F65BF1EFAF20C826BC1FB03CC24B65B359F4B5B51E1A234B334505A4
4128555100,백석1동,0,0,false,29,33,35,1.1.0,weight_simplex_boundary_audit_v1,goyang_mixed_20250825_20260630,population=2026-06-30|onePersonHouseholds=2026-06-30|hiraFacilities=2026-06-30|analysisBoundary=2026-04-01|busStops=2025-08-25,가중치 0~1; Jaccard 0~1; 포함수 0~231; 순위 1~41,DSS(w)=w_cag*z(CAG)+w_bus*z(bus_inefficiency)+w_facility*z(nearest_facility_mean_m); 44동에서 z표준화 후 과거 팀 사후 대리매핑 3동을 상위8 선정에서 제외,0.05 간격 전체 비음수 simplex 231개는 실제 정책에서 타당한 가중치 집합으로 가정하지 않는다. 제한 범위 밖 극단값을 포함해 45개 결과의 경계 의존성을 반증하는 감사용이며 포함수는 확률이 아니다.,area_adjacency=AF16E5259A667F45F5BF7F6B3DF3A22E1A4837C477F6B68DDC26CDCF60E2DFF0|area_scores=455106174A3E492D501F73B8BA55EFD1B7525656638E8109AE015C290C352DE3|bus_stops=BBA5AC0E8F29538F42373B1789179B5B9D2CF0186E0D3A618537C83B74B628D5|facilities=9AA2BC9D9F9E0EC421FB7D23A9C9BF0BD5EDB59EB173A91CB27E6EB2655A1E07|grid_scores=F2B4631D6C4DB1C379BB9CAA13D29A9C055273F1C0D682BAC13EDD19C0A9E9BF|metrics_code=7A3920ABAC99C0EEE1FA013FF751C14428D5AA95E0F1F3F32FCED6B7A49541BA|model_spec=435B1018F2D35A2B421D1827A23C0DC739DC1F827F71189F8F818CE0B0C670E4|source_manifest=86163BE779951590317AB41BE2F9DE18666BC936F1735593673513008868CEC9,population=4D1530F251B312CE6564BA5676093B1043057F46A0FE2A58CF2756AFC530DA7B|one_person=01923C6EBD7440771E4EBE20CAB0648355A18C09D198677C0E265F5E68406A7D|admdongkor_boundary=6A63D079BA8AF4701AB200AD0B54EBDEA8689808B6E0E9F17973B9BA7883DC6A|bus_stops=01B63929056B55D0A8FE372756942FB9A81A89CB121A0CDB1838DDE9ED8555BF|hira_hospital=458D04F264BFE005CB12078699156CA72AD47B52062E0F79B8140E2635086268|hira_pharmacy=65B2B1E7F65BF1EFAF20C826BC1FB03CC24B65B359F4B5B51E1A234B334505A4
4128555200,백석2동,0,0,false,9,22,36,1.1.0,weight_simplex_boundary_audit_v1,goyang_mixed_20250825_20260630,population=2026-06-30|onePersonHouseholds=2026-06-30|hiraFacilities=2026-06-30|analysisBoundary=2026-04-01|busStops=2025-08-25,가중치 0~1; Jaccard 0~1; 포함수 0~231; 순위 1~41,DSS(w)=w_cag*z(CAG)+w_bus*z(bus_inefficiency)+w_facility*z(nearest_facility_mean_m); 44동에서 z표준화 후 과거 팀 사후 대리매핑 3동을 상위8 선정에서 제외,0.05 간격 전체 비음수 simplex 231개는 실제 정책에서 타당한 가중치 집합으로 가정하지 않는다. 제한 범위 밖 극단값을 포함해 45개 결과의 경계 의존성을 반증하는 감사용이며 포함수는 확률이 아니다.,area_adjacency=AF16E5259A667F45F5BF7F6B3DF3A22E1A4837C477F6B68DDC26CDCF60E2DFF0|area_scores=455106174A3E492D501F73B8BA55EFD1B7525656638E8109AE015C290C352DE3|bus_stops=BBA5AC0E8F29538F42373B1789179B5B9D2CF0186E0D3A618537C83B74B628D5|facilities=9AA2BC9D9F9E0EC421FB7D23A9C9BF0BD5EDB59EB173A91CB27E6EB2655A1E07|grid_scores=F2B4631D6C4DB1C379BB9CAA13D29A9C055273F1C0D682BAC13EDD19C0A9E9BF|metrics_code=7A3920ABAC99C0EEE1FA013FF751C14428D5AA95E0F1F3F32FCED6B7A49541BA|model_spec=435B1018F2D35A2B421D1827A23C0DC739DC1F827F71189F8F818CE0B0C670E4|source_manifest=86163BE779951590317AB41BE2F9DE18666BC936F1735593673513008868CEC9,population=4D1530F251B312CE6564BA5676093B1043057F46A0FE2A58CF2756AFC530DA7B|one_person=01923C6EBD7440771E4EBE20CAB0648355A18C09D198677C0E265F5E68406A7D|admdongkor_boundary=6A63D079BA8AF4701AB200AD0B54EBDEA8689808B6E0E9F17973B9BA7883DC6A|bus_stops=01B63929056B55D0A8FE372756942FB9A81A89CB121A0CDB1838DDE9ED8555BF|hira_hospital=458D04F264BFE005CB12078699156CA72AD47B52062E0F79B8140E2635086268|hira_pharmacy=65B2B1E7F65BF1EFAF20C826BC1FB03CC24B65B359F4B5B51E1A234B334505A4
4128556000,마두1동,0,0,false,20,37,38,1.1.0,weight_simplex_boundary_audit_v1,goyang_mixed_20250825_20260630,population=2026-06-30|onePersonHouseholds=2026-06-30|hiraFacilities=2026-06-30|analysisBoundary=2026-04-01|busStops=2025-08-25,가중치 0~1; Jaccard 0~1; 포함수 0~231; 순위 1~41,DSS(w)=w_cag*z(CAG)+w_bus*z(bus_inefficiency)+w_facility*z(nearest_facility_mean_m); 44동에서 z표준화 후 과거 팀 사후 대리매핑 3동을 상위8 선정에서 제외,0.05 간격 전체 비음수 simplex 231개는 실제 정책에서 타당한 가중치 집합으로 가정하지 않는다. 제한 범위 밖 극단값을 포함해 45개 결과의 경계 의존성을 반증하는 감사용이며 포함수는 확률이 아니다.,area_adjacency=AF16E5259A667F45F5BF7F6B3DF3A22E1A4837C477F6B68DDC26CDCF60E2DFF0|area_scores=455106174A3E492D501F73B8BA55EFD1B7525656638E8109AE015C290C352DE3|bus_stops=BBA5AC0E8F29538F42373B1789179B5B9D2CF0186E0D3A618537C83B74B628D5|facilities=9AA2BC9D9F9E0EC421FB7D23A9C9BF0BD5EDB59EB173A91CB27E6EB2655A1E07|grid_scores=F2B4631D6C4DB1C379BB9CAA13D29A9C055273F1C0D682BAC13EDD19C0A9E9BF|metrics_code=7A3920ABAC99C0EEE1FA013FF751C14428D5AA95E0F1F3F32FCED6B7A49541BA|model_spec=435B1018F2D35A2B421D1827A23C0DC739DC1F827F71189F8F818CE0B0C670E4|source_manifest=86163BE779951590317AB41BE2F9DE18666BC936F1735593673513008868CEC9,population=4D1530F251B312CE6564BA5676093B1043057F46A0FE2A58CF2756AFC530DA7B|one_person=01923C6EBD7440771E4EBE20CAB0648355A18C09D198677C0E265F5E68406A7D|admdongkor_boundary=6A63D079BA8AF4701AB200AD0B54EBDEA8689808B6E0E9F17973B9BA7883DC6A|bus_stops=01B63929056B55D0A8FE372756942FB9A81A89CB121A0CDB1838DDE9ED8555BF|hira_hospital=458D04F264BFE005CB12078699156CA72AD47B52062E0F79B8140E2635086268|hira_pharmacy=65B2B1E7F65BF1EFAF20C826BC1FB03CC24B65B359F4B5B51E1A234B334505A4
4128557000,마두2동,0,0,false,37,40,41,1.1.0,weight_simplex_boundary_audit_v1,goyang_mixed_20250825_20260630,population=2026-06-30|onePersonHouseholds=2026-06-30|hiraFacilities=2026-06-30|analysisBoundary=2026-04-01|busStops=2025-08-25,가중치 0~1; Jaccard 0~1; 포함수 0~231; 순위 1~41,DSS(w)=w_cag*z(CAG)+w_bus*z(bus_inefficiency)+w_facility*z(nearest_facility_mean_m); 44동에서 z표준화 후 과거 팀 사후 대리매핑 3동을 상위8 선정에서 제외,0.05 간격 전체 비음수 simplex 231개는 실제 정책에서 타당한 가중치 집합으로 가정하지 않는다. 제한 범위 밖 극단값을 포함해 45개 결과의 경계 의존성을 반증하는 감사용이며 포함수는 확률이 아니다.,area_adjacency=AF16E5259A667F45F5BF7F6B3DF3A22E1A4837C477F6B68DDC26CDCF60E2DFF0|area_scores=455106174A3E492D501F73B8BA55EFD1B7525656638E8109AE015C290C352DE3|bus_stops=BBA5AC0E8F29538F42373B1789179B5B9D2CF0186E0D3A618537C83B74B628D5|facilities=9AA2BC9D9F9E0EC421FB7D23A9C9BF0BD5EDB59EB173A91CB27E6EB2655A1E07|grid_scores=F2B4631D6C4DB1C379BB9CAA13D29A9C055273F1C0D682BAC13EDD19C0A9E9BF|metrics_code=7A3920ABAC99C0EEE1FA013FF751C14428D5AA95E0F1F3F32FCED6B7A49541BA|model_spec=435B1018F2D35A2B421D1827A23C0DC739DC1F827F71189F8F818CE0B0C670E4|source_manifest=86163BE779951590317AB41BE2F9DE18666BC936F1735593673513008868CEC9,population=4D1530F251B312CE6564BA5676093B1043057F46A0FE2A58CF2756AFC530DA7B|one_person=01923C6EBD7440771E4EBE20CAB0648355A18C09D198677C0E265F5E68406A7D|admdongkor_boundary=6A63D079BA8AF4701AB200AD0B54EBDEA8689808B6E0E9F17973B9BA7883DC6A|bus_stops=01B63929056B55D0A8FE372756942FB9A81A89CB121A0CDB1838DDE9ED8555BF|hira_hospital=458D04F264BFE005CB12078699156CA72AD47B52062E0F79B8140E2635086268|hira_pharmacy=65B2B1E7F65BF1EFAF20C826BC1FB03CC24B65B359F4B5B51E1A234B334505A4
4128558000,장항1동,52,0.225108225108225,false,3,12,35,1.1.0,weight_simplex_boundary_audit_v1,goyang_mixed_20250825_20260630,population=2026-06-30|onePersonHouseholds=2026-06-30|hiraFacilities=2026-06-30|analysisBoundary=2026-04-01|busStops=2025-08-25,가중치 0~1; Jaccard 0~1; 포함수 0~231; 순위 1~41,DSS(w)=w_cag*z(CAG)+w_bus*z(bus_inefficiency)+w_facility*z(nearest_facility_mean_m); 44동에서 z표준화 후 과거 팀 사후 대리매핑 3동을 상위8 선정에서 제외,0.05 간격 전체 비음수 simplex 231개는 실제 정책에서 타당한 가중치 집합으로 가정하지 않는다. 제한 범위 밖 극단값을 포함해 45개 결과의 경계 의존성을 반증하는 감사용이며 포함수는 확률이 아니다.,area_adjacency=AF16E5259A667F45F5BF7F6B3DF3A22E1A4837C477F6B68DDC26CDCF60E2DFF0|area_scores=455106174A3E492D501F73B8BA55EFD1B7525656638E8109AE015C290C352DE3|bus_stops=BBA5AC0E8F29538F42373B1789179B5B9D2CF0186E0D3A618537C83B74B628D5|facilities=9AA2BC9D9F9E0EC421FB7D23A9C9BF0BD5EDB59EB173A91CB27E6EB2655A1E07|grid_scores=F2B4631D6C4DB1C379BB9CAA13D29A9C055273F1C0D682BAC13EDD19C0A9E9BF|metrics_code=7A3920ABAC99C0EEE1FA013FF751C14428D5AA95E0F1F3F32FCED6B7A49541BA|model_spec=435B1018F2D35A2B421D1827A23C0DC739DC1F827F71189F8F818CE0B0C670E4|source_manifest=86163BE779951590317AB41BE2F9DE18666BC936F1735593673513008868CEC9,population=4D1530F251B312CE6564BA5676093B1043057F46A0FE2A58CF2756AFC530DA7B|one_person=01923C6EBD7440771E4EBE20CAB0648355A18C09D198677C0E265F5E68406A7D|admdongkor_boundary=6A63D079BA8AF4701AB200AD0B54EBDEA8689808B6E0E9F17973B9BA7883DC6A|bus_stops=01B63929056B55D0A8FE372756942FB9A81A89CB121A0CDB1838DDE9ED8555BF|hira_hospital=458D04F264BFE005CB12078699156CA72AD47B52062E0F79B8140E2635086268|hira_pharmacy=65B2B1E7F65BF1EFAF20C826BC1FB03CC24B65B359F4B5B51E1A234B334505A4
4128559000,장항2동,0,0,false,26,41,41,1.1.0,weight_simplex_boundary_audit_v1,goyang_mixed_20250825_20260630,population=2026-06-30|onePersonHouseholds=2026-06-30|hiraFacilities=2026-06-30|analysisBoundary=2026-04-01|busStops=2025-08-25,가중치 0~1; Jaccard 0~1; 포함수 0~231; 순위 1~41,DSS(w)=w_cag*z(CAG)+w_bus*z(bus_inefficiency)+w_facility*z(nearest_facility_mean_m); 44동에서 z표준화 후 과거 팀 사후 대리매핑 3동을 상위8 선정에서 제외,0.05 간격 전체 비음수 simplex 231개는 실제 정책에서 타당한 가중치 집합으로 가정하지 않는다. 제한 범위 밖 극단값을 포함해 45개 결과의 경계 의존성을 반증하는 감사용이며 포함수는 확률이 아니다.,area_adjacency=AF16E5259A667F45F5BF7F6B3DF3A22E1A4837C477F6B68DDC26CDCF60E2DFF0|area_scores=455106174A3E492D501F73B8BA55EFD1B7525656638E8109AE015C290C352DE3|bus_stops=BBA5AC0E8F29538F42373B1789179B5B9D2CF0186E0D3A618537C83B74B628D5|facilities=9AA2BC9D9F9E0EC421FB7D23A9C9BF0BD5EDB59EB173A91CB27E6EB2655A1E07|grid_scores=F2B4631D6C4DB1C379BB9CAA13D29A9C055273F1C0D682BAC13EDD19C0A9E9BF|metrics_code=7A3920ABAC99C0EEE1FA013FF751C14428D5AA95E0F1F3F32FCED6B7A49541BA|model_spec=435B1018F2D35A2B421D1827A23C0DC739DC1F827F71189F8F818CE0B0C670E4|source_manifest=86163BE779951590317AB41BE2F9DE18666BC936F1735593673513008868CEC9,population=4D1530F251B312CE6564BA5676093B1043057F46A0FE2A58CF2756AFC530DA7B|one_person=01923C6EBD7440771E4EBE20CAB0648355A18C09D198677C0E265F5E68406A7D|admdongkor_boundary=6A63D079BA8AF4701AB200AD0B54EBDEA8689808B6E0E9F17973B9BA7883DC6A|bus_stops=01B63929056B55D0A8FE372756942FB9A81A89CB121A0CDB1838DDE9ED8555BF|hira_hospital=458D04F264BFE005CB12078699156CA72AD47B52062E0F79B8140E2635086268|hira_pharmacy=65B2B1E7F65BF1EFAF20C826BC1FB03CC24B65B359F4B5B51E1A234B334505A4
4128751000,일산1동,33,0.142857142857143,false,3,17,39,1.1.0,weight_simplex_boundary_audit_v1,goyang_mixed_20250825_20260630,population=2026-06-30|onePersonHouseholds=2026-06-30|hiraFacilities=2026-06-30|analysisBoundary=2026-04-01|busStops=2025-08-25,가중치 0~1; Jaccard 0~1; 포함수 0~231; 순위 1~41,DSS(w)=w_cag*z(CAG)+w_bus*z(bus_inefficiency)+w_facility*z(nearest_facility_mean_m); 44동에서 z표준화 후 과거 팀 사후 대리매핑 3동을 상위8 선정에서 제외,0.05 간격 전체 비음수 simplex 231개는 실제 정책에서 타당한 가중치 집합으로 가정하지 않는다. 제한 범위 밖 극단값을 포함해 45개 결과의 경계 의존성을 반증하는 감사용이며 포함수는 확률이 아니다.,area_adjacency=AF16E5259A667F45F5BF7F6B3DF3A22E1A4837C477F6B68DDC26CDCF60E2DFF0|area_scores=455106174A3E492D501F73B8BA55EFD1B7525656638E8109AE015C290C352DE3|bus_stops=BBA5AC0E8F29538F42373B1789179B5B9D2CF0186E0D3A618537C83B74B628D5|facilities=9AA2BC9D9F9E0EC421FB7D23A9C9BF0BD5EDB59EB173A91CB27E6EB2655A1E07|grid_scores=F2B4631D6C4DB1C379BB9CAA13D29A9C055273F1C0D682BAC13EDD19C0A9E9BF|metrics_code=7A3920ABAC99C0EEE1FA013FF751C14428D5AA95E0F1F3F32FCED6B7A49541BA|model_spec=435B1018F2D35A2B421D1827A23C0DC739DC1F827F71189F8F818CE0B0C670E4|source_manifest=86163BE779951590317AB41BE2F9DE18666BC936F1735593673513008868CEC9,population=4D1530F251B312CE6564BA5676093B1043057F46A0FE2A58CF2756AFC530DA7B|one_person=01923C6EBD7440771E4EBE20CAB0648355A18C09D198677C0E265F5E68406A7D|admdongkor_boundary=6A63D079BA8AF4701AB200AD0B54EBDEA8689808B6E0E9F17973B9BA7883DC6A|bus_stops=01B63929056B55D0A8FE372756942FB9A81A89CB121A0CDB1838DDE9ED8555BF|hira_hospital=458D04F264BFE005CB12078699156CA72AD47B52062E0F79B8140E2635086268|hira_pharmacy=65B2B1E7F65BF1EFAF20C826BC1FB03CC24B65B359F4B5B51E1A234B334505A4
4128752000,일산2동,0,0,false,10,24,40,1.1.0,weight_simplex_boundary_audit_v1,goyang_mixed_20250825_20260630,population=2026-06-30|onePersonHouseholds=2026-06-30|hiraFacilities=2026-06-30|analysisBoundary=2026-04-01|busStops=2025-08-25,가중치 0~1; Jaccard 0~1; 포함수 0~231; 순위 1~41,DSS(w)=w_cag*z(CAG)+w_bus*z(bus_inefficiency)+w_facility*z(nearest_facility_mean_m); 44동에서 z표준화 후 과거 팀 사후 대리매핑 3동을 상위8 선정에서 제외,0.05 간격 전체 비음수 simplex 231개는 실제 정책에서 타당한 가중치 집합으로 가정하지 않는다. 제한 범위 밖 극단값을 포함해 45개 결과의 경계 의존성을 반증하는 감사용이며 포함수는 확률이 아니다.,area_adjacency=AF16E5259A667F45F5BF7F6B3DF3A22E1A4837C477F6B68DDC26CDCF60E2DFF0|area_scores=455106174A3E492D501F73B8BA55EFD1B7525656638E8109AE015C290C352DE3|bus_stops=BBA5AC0E8F29538F42373B1789179B5B9D2CF0186E0D3A618537C83B74B628D5|facilities=9AA2BC9D9F9E0EC421FB7D23A9C9BF0BD5EDB59EB173A91CB27E6EB2655A1E07|grid_scores=F2B4631D6C4DB1C379BB9CAA13D29A9C055273F1C0D682BAC13EDD19C0A9E9BF|metrics_code=7A3920ABAC99C0EEE1FA013FF751C14428D5AA95E0F1F3F32FCED6B7A49541BA|model_spec=435B1018F2D35A2B421D1827A23C0DC739DC1F827F71189F8F818CE0B0C670E4|source_manifest=86163BE779951590317AB41BE2F9DE18666BC936F1735593673513008868CEC9,population=4D1530F251B312CE6564BA5676093B1043057F46A0FE2A58CF2756AFC530DA7B|one_person=01923C6EBD7440771E4EBE20CAB0648355A18C09D198677C0E265F5E68406A7D|admdongkor_boundary=6A63D079BA8AF4701AB200AD0B54EBDEA8689808B6E0E9F17973B9BA7883DC6A|bus_stops=01B63929056B55D0A8FE372756942FB9A81A89CB121A0CDB1838DDE9ED8555BF|hira_hospital=458D04F264BFE005CB12078699156CA72AD47B52062E0F79B8140E2635086268|hira_pharmacy=65B2B1E7F65BF1EFAF20C826BC1FB03CC24B65B359F4B5B51E1A234B334505A4
4128753000,일산3동,0,0,false,32,39,40,1.1.0,weight_simplex_boundary_audit_v1,goyang_mixed_20250825_20260630,population=2026-06-30|onePersonHouseholds=2026-06-30|hiraFacilities=2026-06-30|analysisBoundary=2026-04-01|busStops=2025-08-25,가중치 0~1; Jaccard 0~1; 포함수 0~231; 순위 1~41,DSS(w)=w_cag*z(CAG)+w_bus*z(bus_inefficiency)+w_facility*z(nearest_facility_mean_m); 44동에서 z표준화 후 과거 팀 사후 대리매핑 3동을 상위8 선정에서 제외,0.05 간격 전체 비음수 simplex 231개는 실제 정책에서 타당한 가중치 집합으로 가정하지 않는다. 제한 범위 밖 극단값을 포함해 45개 결과의 경계 의존성을 반증하는 감사용이며 포함수는 확률이 아니다.,area_adjacency=AF16E5259A667F45F5BF7F6B3DF3A22E1A4837C477F6B68DDC26CDCF60E2DFF0|area_scores=455106174A3E492D501F73B8BA55EFD1B7525656638E8109AE015C290C352DE3|bus_stops=BBA5AC0E8F29538F42373B1789179B5B9D2CF0186E0D3A618537C83B74B628D5|facilities=9AA2BC9D9F9E0EC421FB7D23A9C9BF0BD5EDB59EB173A91CB27E6EB2655A1E07|grid_scores=F2B4631D6C4DB1C379BB9CAA13D29A9C055273F1C0D682BAC13EDD19C0A9E9BF|metrics_code=7A3920ABAC99C0EEE1FA013FF751C14428D5AA95E0F1F3F32FCED6B7A49541BA|model_spec=435B1018F2D35A2B421D1827A23C0DC739DC1F827F71189F8F818CE0B0C670E4|source_manifest=86163BE779951590317AB41BE2F9DE18666BC936F1735593673513008868CEC9,population=4D1530F251B312CE6564BA5676093B1043057F46A0FE2A58CF2756AFC530DA7B|one_person=01923C6EBD7440771E4EBE20CAB0648355A18C09D198677C0E265F5E68406A7D|admdongkor_boundary=6A63D079BA8AF4701AB200AD0B54EBDEA8689808B6E0E9F17973B9BA7883DC6A|bus_stops=01B63929056B55D0A8FE372756942FB9A81A89CB121A0CDB1838DDE9ED8555BF|hira_hospital=458D04F264BFE005CB12078699156CA72AD47B52062E0F79B8140E2635086268|hira_pharmacy=65B2B1E7F65BF1EFAF20C826BC1FB03CC24B65B359F4B5B51E1A234B334505A4
4128754500,탄현1동,0,0,false,20,31,41,1.1.0,weight_simplex_boundary_audit_v1,goyang_mixed_20250825_20260630,population=2026-06-30|onePersonHouseholds=2026-06-30|hiraFacilities=2026-06-30|analysisBoundary=2026-04-01|busStops=2025-08-25,가중치 0~1; Jaccard 0~1; 포함수 0~231; 순위 1~41,DSS(w)=w_cag*z(CAG)+w_bus*z(bus_inefficiency)+w_facility*z(nearest_facility_mean_m); 44동에서 z표준화 후 과거 팀 사후 대리매핑 3동을 상위8 선정에서 제외,0.05 간격 전체 비음수 simplex 231개는 실제 정책에서 타당한 가중치 집합으로 가정하지 않는다. 제한 범위 밖 극단값을 포함해 45개 결과의 경계 의존성을 반증하는 감사용이며 포함수는 확률이 아니다.,area_adjacency=AF16E5259A667F45F5BF7F6B3DF3A22E1A4837C477F6B68DDC26CDCF60E2DFF0|area_scores=455106174A3E492D501F73B8BA55EFD1B7525656638E8109AE015C290C352DE3|bus_stops=BBA5AC0E8F29538F42373B1789179B5B9D2CF0186E0D3A618537C83B74B628D5|facilities=9AA2BC9D9F9E0EC421FB7D23A9C9BF0BD5EDB59EB173A91CB27E6EB2655A1E07|grid_scores=F2B4631D6C4DB1C379BB9CAA13D29A9C055273F1C0D682BAC13EDD19C0A9E9BF|metrics_code=7A3920ABAC99C0EEE1FA013FF751C14428D5AA95E0F1F3F32FCED6B7A49541BA|model_spec=435B1018F2D35A2B421D1827A23C0DC739DC1F827F71189F8F818CE0B0C670E4|source_manifest=86163BE779951590317AB41BE2F9DE18666BC936F1735593673513008868CEC9,population=4D1530F251B312CE6564BA5676093B1043057F46A0FE2A58CF2756AFC530DA7B|one_person=01923C6EBD7440771E4EBE20CAB0648355A18C09D198677C0E265F5E68406A7D|admdongkor_boundary=6A63D079BA8AF4701AB200AD0B54EBDEA8689808B6E0E9F17973B9BA7883DC6A|bus_stops=01B63929056B55D0A8FE372756942FB9A81A89CB121A0CDB1838DDE9ED8555BF|hira_hospital=458D04F264BFE005CB12078699156CA72AD47B52062E0F79B8140E2635086268|hira_pharmacy=65B2B1E7F65BF1EFAF20C826BC1FB03CC24B65B359F4B5B51E1A234B334505A4
4128754600,탄현2동,0,0,false,19,26,29,1.1.0,weight_simplex_boundary_audit_v1,goyang_mixed_20250825_20260630,population=2026-06-30|onePersonHouseholds=2026-06-30|hiraFacilities=2026-06-30|analysisBoundary=2026-04-01|busStops=2025-08-25,가중치 0~1; Jaccard 0~1; 포함수 0~231; 순위 1~41,DSS(w)=w_cag*z(CAG)+w_bus*z(bus_inefficiency)+w_facility*z(nearest_facility_mean_m); 44동에서 z표준화 후 과거 팀 사후 대리매핑 3동을 상위8 선정에서 제외,0.05 간격 전체 비음수 simplex 231개는 실제 정책에서 타당한 가중치 집합으로 가정하지 않는다. 제한 범위 밖 극단값을 포함해 45개 결과의 경계 의존성을 반증하는 감사용이며 포함수는 확률이 아니다.,area_adjacency=AF16E5259A667F45F5BF7F6B3DF3A22E1A4837C477F6B68DDC26CDCF60E2DFF0|area_scores=455106174A3E492D501F73B8BA55EFD1B7525656638E8109AE015C290C352DE3|bus_stops=BBA5AC0E8F29538F42373B1789179B5B9D2CF0186E0D3A618537C83B74B628D5|facilities=9AA2BC9D9F9E0EC421FB7D23A9C9BF0BD5EDB59EB173A91CB27E6EB2655A1E07|grid_scores=F2B4631D6C4DB1C379BB9CAA13D29A9C055273F1C0D682BAC13EDD19C0A9E9BF|metrics_code=7A3920ABAC99C0EEE1FA013FF751C14428D5AA95E0F1F3F32FCED6B7A49541BA|model_spec=435B1018F2D35A2B421D1827A23C0DC739DC1F827F71189F8F818CE0B0C670E4|source_manifest=86163BE779951590317AB41BE2F9DE18666BC936F1735593673513008868CEC9,population=4D1530F251B312CE6564BA5676093B1043057F46A0FE2A58CF2756AFC530DA7B|one_person=01923C6EBD7440771E4EBE20CAB0648355A18C09D198677C0E265F5E68406A7D|admdongkor_boundary=6A63D079BA8AF4701AB200AD0B54EBDEA8689808B6E0E9F17973B9BA7883DC6A|bus_stops=01B63929056B55D0A8FE372756942FB9A81A89CB121A0CDB1838DDE9ED8555BF|hira_hospital=458D04F264BFE005CB12078699156CA72AD47B52062E0F79B8140E2635086268|hira_pharmacy=65B2B1E7F65BF1EFAF20C826BC1FB03CC24B65B359F4B5B51E1A234B334505A4
4128755000,주엽1동,0,0,false,34,37,41,1.1.0,weight_simplex_boundary_audit_v1,goyang_mixed_20250825_20260630,population=2026-06-30|onePersonHouseholds=2026-06-30|hiraFacilities=2026-06-30|analysisBoundary=2026-04-01|busStops=2025-08-25,가중치 0~1; Jaccard 0~1; 포함수 0~231; 순위 1~41,DSS(w)=w_cag*z(CAG)+w_bus*z(bus_inefficiency)+w_facility*z(nearest_facility_mean_m); 44동에서 z표준화 후 과거 팀 사후 대리매핑 3동을 상위8 선정에서 제외,0.05 간격 전체 비음수 simplex 231개는 실제 정책에서 타당한 가중치 집합으로 가정하지 않는다. 제한 범위 밖 극단값을 포함해 45개 결과의 경계 의존성을 반증하는 감사용이며 포함수는 확률이 아니다.,area_adjacency=AF16E5259A667F45F5BF7F6B3DF3A22E1A4837C477F6B68DDC26CDCF60E2DFF0|area_scores=455106174A3E492D501F73B8BA55EFD1B7525656638E8109AE015C290C352DE3|bus_stops=BBA5AC0E8F29538F42373B1789179B5B9D2CF0186E0D3A618537C83B74B628D5|facilities=9AA2BC9D9F9E0EC421FB7D23A9C9BF0BD5EDB59EB173A91CB27E6EB2655A1E07|grid_scores=F2B4631D6C4DB1C379BB9CAA13D29A9C055273F1C0D682BAC13EDD19C0A9E9BF|metrics_code=7A3920ABAC99C0EEE1FA013FF751C14428D5AA95E0F1F3F32FCED6B7A49541BA|model_spec=435B1018F2D35A2B421D1827A23C0DC739DC1F827F71189F8F818CE0B0C670E4|source_manifest=86163BE779951590317AB41BE2F9DE18666BC936F1735593673513008868CEC9,population=4D1530F251B312CE6564BA5676093B1043057F46A0FE2A58CF2756AFC530DA7B|one_person=01923C6EBD7440771E4EBE20CAB0648355A18C09D198677C0E265F5E68406A7D|admdongkor_boundary=6A63D079BA8AF4701AB200AD0B54EBDEA8689808B6E0E9F17973B9BA7883DC6A|bus_stops=01B63929056B55D0A8FE372756942FB9A81A89CB121A0CDB1838DDE9ED8555BF|hira_hospital=458D04F264BFE005CB12078699156CA72AD47B52062E0F79B8140E2635086268|hira_pharmacy=65B2B1E7F65BF1EFAF20C826BC1FB03CC24B65B359F4B5B51E1A234B334505A4
4128756000,주엽2동,0,0,false,30,34,41,1.1.0,weight_simplex_boundary_audit_v1,goyang_mixed_20250825_20260630,population=2026-06-30|onePersonHouseholds=2026-06-30|hiraFacilities=2026-06-30|analysisBoundary=2026-04-01|busStops=2025-08-25,가중치 0~1; Jaccard 0~1; 포함수 0~231; 순위 1~41,DSS(w)=w_cag*z(CAG)+w_bus*z(bus_inefficiency)+w_facility*z(nearest_facility_mean_m); 44동에서 z표준화 후 과거 팀 사후 대리매핑 3동을 상위8 선정에서 제외,0.05 간격 전체 비음수 simplex 231개는 실제 정책에서 타당한 가중치 집합으로 가정하지 않는다. 제한 범위 밖 극단값을 포함해 45개 결과의 경계 의존성을 반증하는 감사용이며 포함수는 확률이 아니다.,area_adjacency=AF16E5259A667F45F5BF7F6B3DF3A22E1A4837C477F6B68DDC26CDCF60E2DFF0|area_scores=455106174A3E492D501F73B8BA55EFD1B7525656638E8109AE015C290C352DE3|bus_stops=BBA5AC0E8F29538F42373B1789179B5B9D2CF0186E0D3A618537C83B74B628D5|facilities=9AA2BC9D9F9E0EC421FB7D23A9C9BF0BD5EDB59EB173A91CB27E6EB2655A1E07|grid_scores=F2B4631D6C4DB1C379BB9CAA13D29A9C055273F1C0D682BAC13EDD19C0A9E9BF|metrics_code=7A3920ABAC99C0EEE1FA013FF751C14428D5AA95E0F1F3F32FCED6B7A49541BA|model_spec=435B1018F2D35A2B421D1827A23C0DC739DC1F827F71189F8F818CE0B0C670E4|source_manifest=86163BE779951590317AB41BE2F9DE18666BC936F1735593673513008868CEC9,population=4D1530F251B312CE6564BA5676093B1043057F46A0FE2A58CF2756AFC530DA7B|one_person=01923C6EBD7440771E4EBE20CAB0648355A18C09D198677C0E265F5E68406A7D|admdongkor_boundary=6A63D079BA8AF4701AB200AD0B54EBDEA8689808B6E0E9F17973B9BA7883DC6A|bus_stops=01B63929056B55D0A8FE372756942FB9A81A89CB121A0CDB1838DDE9ED8555BF|hira_hospital=458D04F264BFE005CB12078699156CA72AD47B52062E0F79B8140E2635086268|hira_pharmacy=65B2B1E7F65BF1EFAF20C826BC1FB03CC24B65B359F4B5B51E1A234B334505A4
4128757000,대화동,0,0,false,22,35,36,1.1.0,weight_simplex_boundary_audit_v1,goyang_mixed_20250825_20260630,population=2026-06-30|onePersonHouseholds=2026-06-30|hiraFacilities=2026-06-30|analysisBoundary=2026-04-01|busStops=2025-08-25,가중치 0~1; Jaccard 0~1; 포함수 0~231; 순위 1~41,DSS(w)=w_cag*z(CAG)+w_bus*z(bus_inefficiency)+w_facility*z(nearest_facility_mean_m); 44동에서 z표준화 후 과거 팀 사후 대리매핑 3동을 상위8 선정에서 제외,0.05 간격 전체 비음수 simplex 231개는 실제 정책에서 타당한 가중치 집합으로 가정하지 않는다. 제한 범위 밖 극단값을 포함해 45개 결과의 경계 의존성을 반증하는 감사용이며 포함수는 확률이 아니다.,area_adjacency=AF16E5259A667F45F5BF7F6B3DF3A22E1A4837C477F6B68DDC26CDCF60E2DFF0|area_scores=455106174A3E492D501F73B8BA55EFD1B7525656638E8109AE015C290C352DE3|bus_stops=BBA5AC0E8F29538F42373B1789179B5B9D2CF0186E0D3A618537C83B74B628D5|facilities=9AA2BC9D9F9E0EC421FB7D23A9C9BF0BD5EDB59EB173A91CB27E6EB2655A1E07|grid_scores=F2B4631D6C4DB1C379BB9CAA13D29A9C055273F1C0D682BAC13EDD19C0A9E9BF|metrics_code=7A3920ABAC99C0EEE1FA013FF751C14428D5AA95E0F1F3F32FCED6B7A49541BA|model_spec=435B1018F2D35A2B421D1827A23C0DC739DC1F827F71189F8F818CE0B0C670E4|source_manifest=86163BE779951590317AB41BE2F9DE18666BC936F1735593673513008868CEC9,population=4D1530F251B312CE6564BA5676093B1043057F46A0FE2A58CF2756AFC530DA7B|one_person=01923C6EBD7440771E4EBE20CAB0648355A18C09D198677C0E265F5E68406A7D|admdongkor_boundary=6A63D079BA8AF4701AB200AD0B54EBDEA8689808B6E0E9F17973B9BA7883DC6A|bus_stops=01B63929056B55D0A8FE372756942FB9A81A89CB121A0CDB1838DDE9ED8555BF|hira_hospital=458D04F264BFE005CB12078699156CA72AD47B52062E0F79B8140E2635086268|hira_pharmacy=65B2B1E7F65BF1EFAF20C826BC1FB03CC24B65B359F4B5B51E1A234B334505A4
4128758000,송포동,167,0.722943722943723,true,3,7,21,1.1.0,weight_simplex_boundary_audit_v1,goyang_mixed_20250825_20260630,population=2026-06-30|onePersonHouseholds=2026-06-30|hiraFacilities=2026-06-30|analysisBoundary=2026-04-01|busStops=2025-08-25,가중치 0~1; Jaccard 0~1; 포함수 0~231; 순위 1~41,DSS(w)=w_cag*z(CAG)+w_bus*z(bus_inefficiency)+w_facility*z(nearest_facility_mean_m); 44동에서 z표준화 후 과거 팀 사후 대리매핑 3동을 상위8 선정에서 제외,0.05 간격 전체 비음수 simplex 231개는 실제 정책에서 타당한 가중치 집합으로 가정하지 않는다. 제한 범위 밖 극단값을 포함해 45개 결과의 경계 의존성을 반증하는 감사용이며 포함수는 확률이 아니다.,area_adjacency=AF16E5259A667F45F5BF7F6B3DF3A22E1A4837C477F6B68DDC26CDCF60E2DFF0|area_scores=455106174A3E492D501F73B8BA55EFD1B7525656638E8109AE015C290C352DE3|bus_stops=BBA5AC0E8F29538F42373B1789179B5B9D2CF0186E0D3A618537C83B74B628D5|facilities=9AA2BC9D9F9E0EC421FB7D23A9C9BF0BD5EDB59EB173A91CB27E6EB2655A1E07|grid_scores=F2B4631D6C4DB1C379BB9CAA13D29A9C055273F1C0D682BAC13EDD19C0A9E9BF|metrics_code=7A3920ABAC99C0EEE1FA013FF751C14428D5AA95E0F1F3F32FCED6B7A49541BA|model_spec=435B1018F2D35A2B421D1827A23C0DC739DC1F827F71189F8F818CE0B0C670E4|source_manifest=86163BE779951590317AB41BE2F9DE18666BC936F1735593673513008868CEC9,population=4D1530F251B312CE6564BA5676093B1043057F46A0FE2A58CF2756AFC530DA7B|one_person=01923C6EBD7440771E4EBE20CAB0648355A18C09D198677C0E265F5E68406A7D|admdongkor_boundary=6A63D079BA8AF4701AB200AD0B54EBDEA8689808B6E0E9F17973B9BA7883DC6A|bus_stops=01B63929056B55D0A8FE372756942FB9A81A89CB121A0CDB1838DDE9ED8555BF|hira_hospital=458D04F264BFE005CB12078699156CA72AD47B52062E0F79B8140E2635086268|hira_pharmacy=65B2B1E7F65BF1EFAF20C826BC1FB03CC24B65B359F4B5B51E1A234B334505A4
4128760000,덕이동,0,0,false,14,24,29,1.1.0,weight_simplex_boundary_audit_v1,goyang_mixed_20250825_20260630,population=2026-06-30|onePersonHouseholds=2026-06-30|hiraFacilities=2026-06-30|analysisBoundary=2026-04-01|busStops=2025-08-25,가중치 0~1; Jaccard 0~1; 포함수 0~231; 순위 1~41,DSS(w)=w_cag*z(CAG)+w_bus*z(bus_inefficiency)+w_facility*z(nearest_facility_mean_m); 44동에서 z표준화 후 과거 팀 사후 대리매핑 3동을 상위8 선정에서 제외,0.05 간격 전체 비음수 simplex 231개는 실제 정책에서 타당한 가중치 집합으로 가정하지 않는다. 제한 범위 밖 극단값을 포함해 45개 결과의 경계 의존성을 반증하는 감사용이며 포함수는 확률이 아니다.,area_adjacency=AF16E5259A667F45F5BF7F6B3DF3A22E1A4837C477F6B68DDC26CDCF60E2DFF0|area_scores=455106174A3E492D501F73B8BA55EFD1B7525656638E8109AE015C290C352DE3|bus_stops=BBA5AC0E8F29538F42373B1789179B5B9D2CF0186E0D3A618537C83B74B628D5|facilities=9AA2BC9D9F9E0EC421FB7D23A9C9BF0BD5EDB59EB173A91CB27E6EB2655A1E07|grid_scores=F2B4631D6C4DB1C379BB9CAA13D29A9C055273F1C0D682BAC13EDD19C0A9E9BF|metrics_code=7A3920ABAC99C0EEE1FA013FF751C14428D5AA95E0F1F3F32FCED6B7A49541BA|model_spec=435B1018F2D35A2B421D1827A23C0DC739DC1F827F71189F8F818CE0B0C670E4|source_manifest=86163BE779951590317AB41BE2F9DE18666BC936F1735593673513008868CEC9,population=4D1530F251B312CE6564BA5676093B1043057F46A0FE2A58CF2756AFC530DA7B|one_person=01923C6EBD7440771E4EBE20CAB0648355A18C09D198677C0E265F5E68406A7D|admdongkor_boundary=6A63D079BA8AF4701AB200AD0B54EBDEA8689808B6E0E9F17973B9BA7883DC6A|bus_stops=01B63929056B55D0A8FE372756942FB9A81A89CB121A0CDB1838DDE9ED8555BF|hira_hospital=458D04F264BFE005CB12078699156CA72AD47B52062E0F79B8140E2635086268|hira_pharmacy=65B2B1E7F65BF1EFAF20C826BC1FB03CC24B65B359F4B5B51E1A234B334505A4
4128761000,가좌동,217,0.939393939393939,true,1,2,15,1.1.0,weight_simplex_boundary_audit_v1,goyang_mixed_20250825_20260630,population=2026-06-30|onePersonHouseholds=2026-06-30|hiraFacilities=2026-06-30|analysisBoundary=2026-04-01|busStops=2025-08-25,가중치 0~1; Jaccard 0~1; 포함수 0~231; 순위 1~41,DSS(w)=w_cag*z(CAG)+w_bus*z(bus_inefficiency)+w_facility*z(nearest_facility_mean_m); 44동에서 z표준화 후 과거 팀 사후 대리매핑 3동을 상위8 선정에서 제외,0.05 간격 전체 비음수 simplex 231개는 실제 정책에서 타당한 가중치 집합으로 가정하지 않는다. 제한 범위 밖 극단값을 포함해 45개 결과의 경계 의존성을 반증하는 감사용이며 포함수는 확률이 아니다.,area_adjacency=AF16E5259A667F45F5BF7F6B3DF3A22E1A4837C477F6B68DDC26CDCF60E2DFF0|area_scores=455106174A3E492D501F73B8BA55EFD1B7525656638E8109AE015C290C352DE3|bus_stops=BBA5AC0E8F29538F42373B1789179B5B9D2CF0186E0D3A618537C83B74B628D5|facilities=9AA2BC9D9F9E0EC421FB7D23A9C9BF0BD5EDB59EB173A91CB27E6EB2655A1E07|grid_scores=F2B4631D6C4DB1C379BB9CAA13D29A9C055273F1C0D682BAC13EDD19C0A9E9BF|metrics_code=7A3920ABAC99C0EEE1FA013FF751C14428D5AA95E0F1F3F32FCED6B7A49541BA|model_spec=435B1018F2D35A2B421D1827A23C0DC739DC1F827F71189F8F818CE0B0C670E4|source_manifest=86163BE779951590317AB41BE2F9DE18666BC936F1735593673513008868CEC9,population=4D1530F251B312CE6564BA5676093B1043057F46A0FE2A58CF2756AFC530DA7B|one_person=01923C6EBD7440771E4EBE20CAB0648355A18C09D198677C0E265F5E68406A7D|admdongkor_boundary=6A63D079BA8AF4701AB200AD0B54EBDEA8689808B6E0E9F17973B9BA7883DC6A|bus_stops=01B63929056B55D0A8FE372756942FB9A81A89CB121A0CDB1838DDE9ED8555BF|hira_hospital=458D04F264BFE005CB12078699156CA72AD47B52062E0F79B8140E2635086268|hira_pharmacy=65B2B1E7F65BF1EFAF20C826BC1FB03CC24B65B359F4B5B51E1A234B334505A4
