code,district,dong,candidate,currentDrtMapped,gridCount,coverage5,coverage10,coverage15,coverage30,meanNearestFacilityM,p90NearestFacilityM,artifact_schema_version,analysis_id,snapshot_id,source_dates,unit_definition,formula,limitation,input_sha256,raw_source_sha256
4128151000,고양시 덕양구,주교동,true,false,553,0.0867992766726944,0.226039783001808,0.414104882459313,0.978300180831826,801.38163907181,1254.31178594849,1.0.0,facility_grid_coverage_v1,goyang_mixed_20250825_20260630,population=2026-06-30|onePersonHouseholds=2026-06-30|hiraFacilities=2026-06-30|analysisBoundary=2026-04-01|busStops=2025-08-25,coverage 0~1 면적격자 비율; distance m; time min; speed m/s,coverage_t=100m 격자 중 nearest_facility_m <= t*60*0.8m/s 인 격자 비율; 그룹값은 동별 비율의 비가중 중앙값,면적격자 비율이며 주민·돌봄대상자 비율이 아니다. 직선보행 대리값으로 도로망·경사·대기·환승을 포함하지 않는다. 후보식에 시설거리가 포함되어 후보/비후보 차이는 독립 검증이 아니다.,area_adjacency=AF16E5259A667F45F5BF7F6B3DF3A22E1A4837C477F6B68DDC26CDCF60E2DFF0|area_scores=455106174A3E492D501F73B8BA55EFD1B7525656638E8109AE015C290C352DE3|facilities=9AA2BC9D9F9E0EC421FB7D23A9C9BF0BD5EDB59EB173A91CB27E6EB2655A1E07|grid_scores=F2B4631D6C4DB1C379BB9CAA13D29A9C055273F1C0D682BAC13EDD19C0A9E9BF|metrics_code=7A3920ABAC99C0EEE1FA013FF751C14428D5AA95E0F1F3F32FCED6B7A49541BA|model_spec=435B1018F2D35A2B421D1827A23C0DC739DC1F827F71189F8F818CE0B0C670E4|source_manifest=983711BFCB49D15F33641A807365C5022D2C4FFF285E36D669F2DD55BA01A039,population=4D1530F251B312CE6564BA5676093B1043057F46A0FE2A58CF2756AFC530DA7B|one_person=01923C6EBD7440771E4EBE20CAB0648355A18C09D198677C0E265F5E68406A7D|admdongkor_boundary=6A63D079BA8AF4701AB200AD0B54EBDEA8689808B6E0E9F17973B9BA7883DC6A|bus_stops=01B63929056B55D0A8FE372756942FB9A81A89CB121A0CDB1838DDE9ED8555BF|hira_hospital=458D04F264BFE005CB12078699156CA72AD47B52062E0F79B8140E2635086268|hira_pharmacy=65B2B1E7F65BF1EFAF20C826BC1FB03CC24B65B359F4B5B51E1A234B334505A4
4128152000,고양시 덕양구,원신동,false,false,1299,0.0300230946882217,0.0839107005388761,0.165511932255581,0.669745958429561,1186.98284411844,1693.90605216176,1.0.0,facility_grid_coverage_v1,goyang_mixed_20250825_20260630,population=2026-06-30|onePersonHouseholds=2026-06-30|hiraFacilities=2026-06-30|analysisBoundary=2026-04-01|busStops=2025-08-25,coverage 0~1 면적격자 비율; distance m; time min; speed m/s,coverage_t=100m 격자 중 nearest_facility_m <= t*60*0.8m/s 인 격자 비율; 그룹값은 동별 비율의 비가중 중앙값,면적격자 비율이며 주민·돌봄대상자 비율이 아니다. 직선보행 대리값으로 도로망·경사·대기·환승을 포함하지 않는다. 후보식에 시설거리가 포함되어 후보/비후보 차이는 독립 검증이 아니다.,area_adjacency=AF16E5259A667F45F5BF7F6B3DF3A22E1A4837C477F6B68DDC26CDCF60E2DFF0|area_scores=455106174A3E492D501F73B8BA55EFD1B7525656638E8109AE015C290C352DE3|facilities=9AA2BC9D9F9E0EC421FB7D23A9C9BF0BD5EDB59EB173A91CB27E6EB2655A1E07|grid_scores=F2B4631D6C4DB1C379BB9CAA13D29A9C055273F1C0D682BAC13EDD19C0A9E9BF|metrics_code=7A3920ABAC99C0EEE1FA013FF751C14428D5AA95E0F1F3F32FCED6B7A49541BA|model_spec=435B1018F2D35A2B421D1827A23C0DC739DC1F827F71189F8F818CE0B0C670E4|source_manifest=983711BFCB49D15F33641A807365C5022D2C4FFF285E36D669F2DD55BA01A039,population=4D1530F251B312CE6564BA5676093B1043057F46A0FE2A58CF2756AFC530DA7B|one_person=01923C6EBD7440771E4EBE20CAB0648355A18C09D198677C0E265F5E68406A7D|admdongkor_boundary=6A63D079BA8AF4701AB200AD0B54EBDEA8689808B6E0E9F17973B9BA7883DC6A|bus_stops=01B63929056B55D0A8FE372756942FB9A81A89CB121A0CDB1838DDE9ED8555BF|hira_hospital=458D04F264BFE005CB12078699156CA72AD47B52062E0F79B8140E2635086268|hira_pharmacy=65B2B1E7F65BF1EFAF20C826BC1FB03CC24B65B359F4B5B51E1A234B334505A4
4128153000,고양시 덕양구,흥도동,false,false,959,0.0698644421272158,0.18873826903024,0.369134515119917,0.934306569343066,859.773454579219,1377.34893618786,1.0.0,facility_grid_coverage_v1,goyang_mixed_20250825_20260630,population=2026-06-30|onePersonHouseholds=2026-06-30|hiraFacilities=2026-06-30|analysisBoundary=2026-04-01|busStops=2025-08-25,coverage 0~1 면적격자 비율; distance m; time min; speed m/s,coverage_t=100m 격자 중 nearest_facility_m <= t*60*0.8m/s 인 격자 비율; 그룹값은 동별 비율의 비가중 중앙값,면적격자 비율이며 주민·돌봄대상자 비율이 아니다. 직선보행 대리값으로 도로망·경사·대기·환승을 포함하지 않는다. 후보식에 시설거리가 포함되어 후보/비후보 차이는 독립 검증이 아니다.,area_adjacency=AF16E5259A667F45F5BF7F6B3DF3A22E1A4837C477F6B68DDC26CDCF60E2DFF0|area_scores=455106174A3E492D501F73B8BA55EFD1B7525656638E8109AE015C290C352DE3|facilities=9AA2BC9D9F9E0EC421FB7D23A9C9BF0BD5EDB59EB173A91CB27E6EB2655A1E07|grid_scores=F2B4631D6C4DB1C379BB9CAA13D29A9C055273F1C0D682BAC13EDD19C0A9E9BF|metrics_code=7A3920ABAC99C0EEE1FA013FF751C14428D5AA95E0F1F3F32FCED6B7A49541BA|model_spec=435B1018F2D35A2B421D1827A23C0DC739DC1F827F71189F8F818CE0B0C670E4|source_manifest=983711BFCB49D15F33641A807365C5022D2C4FFF285E36D669F2DD55BA01A039,population=4D1530F251B312CE6564BA5676093B1043057F46A0FE2A58CF2756AFC530DA7B|one_person=01923C6EBD7440771E4EBE20CAB0648355A18C09D198677C0E265F5E68406A7D|admdongkor_boundary=6A63D079BA8AF4701AB200AD0B54EBDEA8689808B6E0E9F17973B9BA7883DC6A|bus_stops=01B63929056B55D0A8FE372756942FB9A81A89CB121A0CDB1838DDE9ED8555BF|hira_hospital=458D04F264BFE005CB12078699156CA72AD47B52062E0F79B8140E2635086268|hira_pharmacy=65B2B1E7F65BF1EFAF20C826BC1FB03CC24B65B359F4B5B51E1A234B334505A4
4128154000,고양시 덕양구,성사1동,false,false,221,0.280542986425339,0.457013574660633,0.660633484162896,1,523.799807303764,963.016784898399,1.0.0,facility_grid_coverage_v1,goyang_mixed_20250825_20260630,population=2026-06-30|onePersonHouseholds=2026-06-30|hiraFacilities=2026-06-30|analysisBoundary=2026-04-01|busStops=2025-08-25,coverage 0~1 면적격자 비율; distance m; time min; speed m/s,coverage_t=100m 격자 중 nearest_facility_m <= t*60*0.8m/s 인 격자 비율; 그룹값은 동별 비율의 비가중 중앙값,면적격자 비율이며 주민·돌봄대상자 비율이 아니다. 직선보행 대리값으로 도로망·경사·대기·환승을 포함하지 않는다. 후보식에 시설거리가 포함되어 후보/비후보 차이는 독립 검증이 아니다.,area_adjacency=AF16E5259A667F45F5BF7F6B3DF3A22E1A4837C477F6B68DDC26CDCF60E2DFF0|area_scores=455106174A3E492D501F73B8BA55EFD1B7525656638E8109AE015C290C352DE3|facilities=9AA2BC9D9F9E0EC421FB7D23A9C9BF0BD5EDB59EB173A91CB27E6EB2655A1E07|grid_scores=F2B4631D6C4DB1C379BB9CAA13D29A9C055273F1C0D682BAC13EDD19C0A9E9BF|metrics_code=7A3920ABAC99C0EEE1FA013FF751C14428D5AA95E0F1F3F32FCED6B7A49541BA|model_spec=435B1018F2D35A2B421D1827A23C0DC739DC1F827F71189F8F818CE0B0C670E4|source_manifest=983711BFCB49D15F33641A807365C5022D2C4FFF285E36D669F2DD55BA01A039,population=4D1530F251B312CE6564BA5676093B1043057F46A0FE2A58CF2756AFC530DA7B|one_person=01923C6EBD7440771E4EBE20CAB0648355A18C09D198677C0E265F5E68406A7D|admdongkor_boundary=6A63D079BA8AF4701AB200AD0B54EBDEA8689808B6E0E9F17973B9BA7883DC6A|bus_stops=01B63929056B55D0A8FE372756942FB9A81A89CB121A0CDB1838DDE9ED8555BF|hira_hospital=458D04F264BFE005CB12078699156CA72AD47B52062E0F79B8140E2635086268|hira_pharmacy=65B2B1E7F65BF1EFAF20C826BC1FB03CC24B65B359F4B5B51E1A234B334505A4
4128155000,고양시 덕양구,성사2동,false,false,90,0.222222222222222,0.7,0.844444444444444,1,413.428634514588,774.627781330934,1.0.0,facility_grid_coverage_v1,goyang_mixed_20250825_20260630,population=2026-06-30|onePersonHouseholds=2026-06-30|hiraFacilities=2026-06-30|analysisBoundary=2026-04-01|busStops=2025-08-25,coverage 0~1 면적격자 비율; distance m; time min; speed m/s,coverage_t=100m 격자 중 nearest_facility_m <= t*60*0.8m/s 인 격자 비율; 그룹값은 동별 비율의 비가중 중앙값,면적격자 비율이며 주민·돌봄대상자 비율이 아니다. 직선보행 대리값으로 도로망·경사·대기·환승을 포함하지 않는다. 후보식에 시설거리가 포함되어 후보/비후보 차이는 독립 검증이 아니다.,area_adjacency=AF16E5259A667F45F5BF7F6B3DF3A22E1A4837C477F6B68DDC26CDCF60E2DFF0|area_scores=455106174A3E492D501F73B8BA55EFD1B7525656638E8109AE015C290C352DE3|facilities=9AA2BC9D9F9E0EC421FB7D23A9C9BF0BD5EDB59EB173A91CB27E6EB2655A1E07|grid_scores=F2B4631D6C4DB1C379BB9CAA13D29A9C055273F1C0D682BAC13EDD19C0A9E9BF|metrics_code=7A3920ABAC99C0EEE1FA013FF751C14428D5AA95E0F1F3F32FCED6B7A49541BA|model_spec=435B1018F2D35A2B421D1827A23C0DC739DC1F827F71189F8F818CE0B0C670E4|source_manifest=983711BFCB49D15F33641A807365C5022D2C4FFF285E36D669F2DD55BA01A039,population=4D1530F251B312CE6564BA5676093B1043057F46A0FE2A58CF2756AFC530DA7B|one_person=01923C6EBD7440771E4EBE20CAB0648355A18C09D198677C0E265F5E68406A7D|admdongkor_boundary=6A63D079BA8AF4701AB200AD0B54EBDEA8689808B6E0E9F17973B9BA7883DC6A|bus_stops=01B63929056B55D0A8FE372756942FB9A81A89CB121A0CDB1838DDE9ED8555BF|hira_hospital=458D04F264BFE005CB12078699156CA72AD47B52062E0F79B8140E2635086268|hira_pharmacy=65B2B1E7F65BF1EFAF20C826BC1FB03CC24B65B359F4B5B51E1A234B334505A4
4128156000,고양시 덕양구,효자동,true,false,2536,0.0153785488958991,0.0469242902208202,0.084384858044164,0.135646687697161,4152.76378650889,6288.02355120173,1.0.0,facility_grid_coverage_v1,goyang_mixed_20250825_20260630,population=2026-06-30|onePersonHouseholds=2026-06-30|hiraFacilities=2026-06-30|analysisBoundary=2026-04-01|busStops=2025-08-25,coverage 0~1 면적격자 비율; distance m; time min; speed m/s,coverage_t=100m 격자 중 nearest_facility_m <= t*60*0.8m/s 인 격자 비율; 그룹값은 동별 비율의 비가중 중앙값,면적격자 비율이며 주민·돌봄대상자 비율이 아니다. 직선보행 대리값으로 도로망·경사·대기·환승을 포함하지 않는다. 후보식에 시설거리가 포함되어 후보/비후보 차이는 독립 검증이 아니다.,area_adjacency=AF16E5259A667F45F5BF7F6B3DF3A22E1A4837C477F6B68DDC26CDCF60E2DFF0|area_scores=455106174A3E492D501F73B8BA55EFD1B7525656638E8109AE015C290C352DE3|facilities=9AA2BC9D9F9E0EC421FB7D23A9C9BF0BD5EDB59EB173A91CB27E6EB2655A1E07|grid_scores=F2B4631D6C4DB1C379BB9CAA13D29A9C055273F1C0D682BAC13EDD19C0A9E9BF|metrics_code=7A3920ABAC99C0EEE1FA013FF751C14428D5AA95E0F1F3F32FCED6B7A49541BA|model_spec=435B1018F2D35A2B421D1827A23C0DC739DC1F827F71189F8F818CE0B0C670E4|source_manifest=983711BFCB49D15F33641A807365C5022D2C4FFF285E36D669F2DD55BA01A039,population=4D1530F251B312CE6564BA5676093B1043057F46A0FE2A58CF2756AFC530DA7B|one_person=01923C6EBD7440771E4EBE20CAB0648355A18C09D198677C0E265F5E68406A7D|admdongkor_boundary=6A63D079BA8AF4701AB200AD0B54EBDEA8689808B6E0E9F17973B9BA7883DC6A|bus_stops=01B63929056B55D0A8FE372756942FB9A81A89CB121A0CDB1838DDE9ED8555BF|hira_hospital=458D04F264BFE005CB12078699156CA72AD47B52062E0F79B8140E2635086268|hira_pharmacy=65B2B1E7F65BF1EFAF20C826BC1FB03CC24B65B359F4B5B51E1A234B334505A4
4128157600,고양시 덕양구,삼송1동,false,false,552,0.143115942028986,0.393115942028986,0.603260869565217,0.885869565217391,724.221790181903,1514.61192907035,1.0.0,facility_grid_coverage_v1,goyang_mixed_20250825_20260630,population=2026-06-30|onePersonHouseholds=2026-06-30|hiraFacilities=2026-06-30|analysisBoundary=2026-04-01|busStops=2025-08-25,coverage 0~1 면적격자 비율; distance m; time min; speed m/s,coverage_t=100m 격자 중 nearest_facility_m <= t*60*0.8m/s 인 격자 비율; 그룹값은 동별 비율의 비가중 중앙값,면적격자 비율이며 주민·돌봄대상자 비율이 아니다. 직선보행 대리값으로 도로망·경사·대기·환승을 포함하지 않는다. 후보식에 시설거리가 포함되어 후보/비후보 차이는 독립 검증이 아니다.,area_adjacency=AF16E5259A667F45F5BF7F6B3DF3A22E1A4837C477F6B68DDC26CDCF60E2DFF0|area_scores=455106174A3E492D501F73B8BA55EFD1B7525656638E8109AE015C290C352DE3|facilities=9AA2BC9D9F9E0EC421FB7D23A9C9BF0BD5EDB59EB173A91CB27E6EB2655A1E07|grid_scores=F2B4631D6C4DB1C379BB9CAA13D29A9C055273F1C0D682BAC13EDD19C0A9E9BF|metrics_code=7A3920ABAC99C0EEE1FA013FF751C14428D5AA95E0F1F3F32FCED6B7A49541BA|model_spec=435B1018F2D35A2B421D1827A23C0DC739DC1F827F71189F8F818CE0B0C670E4|source_manifest=983711BFCB49D15F33641A807365C5022D2C4FFF285E36D669F2DD55BA01A039,population=4D1530F251B312CE6564BA5676093B1043057F46A0FE2A58CF2756AFC530DA7B|one_person=01923C6EBD7440771E4EBE20CAB0648355A18C09D198677C0E265F5E68406A7D|admdongkor_boundary=6A63D079BA8AF4701AB200AD0B54EBDEA8689808B6E0E9F17973B9BA7883DC6A|bus_stops=01B63929056B55D0A8FE372756942FB9A81A89CB121A0CDB1838DDE9ED8555BF|hira_hospital=458D04F264BFE005CB12078699156CA72AD47B52062E0F79B8140E2635086268|hira_pharmacy=65B2B1E7F65BF1EFAF20C826BC1FB03CC24B65B359F4B5B51E1A234B334505A4
4128157700,고양시 덕양구,삼송2동,false,false,236,0.254237288135593,0.597457627118644,0.822033898305085,1,438.598988066654,818.118445842891,1.0.0,facility_grid_coverage_v1,goyang_mixed_20250825_20260630,population=2026-06-30|onePersonHouseholds=2026-06-30|hiraFacilities=2026-06-30|analysisBoundary=2026-04-01|busStops=2025-08-25,coverage 0~1 면적격자 비율; distance m; time min; speed m/s,coverage_t=100m 격자 중 nearest_facility_m <= t*60*0.8m/s 인 격자 비율; 그룹값은 동별 비율의 비가중 중앙값,면적격자 비율이며 주민·돌봄대상자 비율이 아니다. 직선보행 대리값으로 도로망·경사·대기·환승을 포함하지 않는다. 후보식에 시설거리가 포함되어 후보/비후보 차이는 독립 검증이 아니다.,area_adjacency=AF16E5259A667F45F5BF7F6B3DF3A22E1A4837C477F6B68DDC26CDCF60E2DFF0|area_scores=455106174A3E492D501F73B8BA55EFD1B7525656638E8109AE015C290C352DE3|facilities=9AA2BC9D9F9E0EC421FB7D23A9C9BF0BD5EDB59EB173A91CB27E6EB2655A1E07|grid_scores=F2B4631D6C4DB1C379BB9CAA13D29A9C055273F1C0D682BAC13EDD19C0A9E9BF|metrics_code=7A3920ABAC99C0EEE1FA013FF751C14428D5AA95E0F1F3F32FCED6B7A49541BA|model_spec=435B1018F2D35A2B421D1827A23C0DC739DC1F827F71189F8F818CE0B0C670E4|source_manifest=983711BFCB49D15F33641A807365C5022D2C4FFF285E36D669F2DD55BA01A039,population=4D1530F251B312CE6564BA5676093B1043057F46A0FE2A58CF2756AFC530DA7B|one_person=01923C6EBD7440771E4EBE20CAB0648355A18C09D198677C0E265F5E68406A7D|admdongkor_boundary=6A63D079BA8AF4701AB200AD0B54EBDEA8689808B6E0E9F17973B9BA7883DC6A|bus_stops=01B63929056B55D0A8FE372756942FB9A81A89CB121A0CDB1838DDE9ED8555BF|hira_hospital=458D04F264BFE005CB12078699156CA72AD47B52062E0F79B8140E2635086268|hira_pharmacy=65B2B1E7F65BF1EFAF20C826BC1FB03CC24B65B359F4B5B51E1A234B334505A4
4128158000,고양시 덕양구,창릉동,false,false,1096,0.0629562043795621,0.156934306569343,0.268248175182482,0.666058394160584,1141.84817453145,1925.15498211079,1.0.0,facility_grid_coverage_v1,goyang_mixed_20250825_20260630,population=2026-06-30|onePersonHouseholds=2026-06-30|hiraFacilities=2026-06-30|analysisBoundary=2026-04-01|busStops=2025-08-25,coverage 0~1 면적격자 비율; distance m; time min; speed m/s,coverage_t=100m 격자 중 nearest_facility_m <= t*60*0.8m/s 인 격자 비율; 그룹값은 동별 비율의 비가중 중앙값,면적격자 비율이며 주민·돌봄대상자 비율이 아니다. 직선보행 대리값으로 도로망·경사·대기·환승을 포함하지 않는다. 후보식에 시설거리가 포함되어 후보/비후보 차이는 독립 검증이 아니다.,area_adjacency=AF16E5259A667F45F5BF7F6B3DF3A22E1A4837C477F6B68DDC26CDCF60E2DFF0|area_scores=455106174A3E492D501F73B8BA55EFD1B7525656638E8109AE015C290C352DE3|facilities=9AA2BC9D9F9E0EC421FB7D23A9C9BF0BD5EDB59EB173A91CB27E6EB2655A1E07|grid_scores=F2B4631D6C4DB1C379BB9CAA13D29A9C055273F1C0D682BAC13EDD19C0A9E9BF|metrics_code=7A3920ABAC99C0EEE1FA013FF751C14428D5AA95E0F1F3F32FCED6B7A49541BA|model_spec=435B1018F2D35A2B421D1827A23C0DC739DC1F827F71189F8F818CE0B0C670E4|source_manifest=983711BFCB49D15F33641A807365C5022D2C4FFF285E36D669F2DD55BA01A039,population=4D1530F251B312CE6564BA5676093B1043057F46A0FE2A58CF2756AFC530DA7B|one_person=01923C6EBD7440771E4EBE20CAB0648355A18C09D198677C0E265F5E68406A7D|admdongkor_boundary=6A63D079BA8AF4701AB200AD0B54EBDEA8689808B6E0E9F17973B9BA7883DC6A|bus_stops=01B63929056B55D0A8FE372756942FB9A81A89CB121A0CDB1838DDE9ED8555BF|hira_hospital=458D04F264BFE005CB12078699156CA72AD47B52062E0F79B8140E2635086268|hira_pharmacy=65B2B1E7F65BF1EFAF20C826BC1FB03CC24B65B359F4B5B51E1A234B334505A4
4128159000,고양시 덕양구,고양동,true,false,2366,0.0490278951817413,0.12341504649197,0.215131022823331,0.535080304311074,1438.55428542956,2632.49961927685,1.0.0,facility_grid_coverage_v1,goyang_mixed_20250825_20260630,population=2026-06-30|onePersonHouseholds=2026-06-30|hiraFacilities=2026-06-30|analysisBoundary=2026-04-01|busStops=2025-08-25,coverage 0~1 면적격자 비율; distance m; time min; speed m/s,coverage_t=100m 격자 중 nearest_facility_m <= t*60*0.8m/s 인 격자 비율; 그룹값은 동별 비율의 비가중 중앙값,면적격자 비율이며 주민·돌봄대상자 비율이 아니다. 직선보행 대리값으로 도로망·경사·대기·환승을 포함하지 않는다. 후보식에 시설거리가 포함되어 후보/비후보 차이는 독립 검증이 아니다.,area_adjacency=AF16E5259A667F45F5BF7F6B3DF3A22E1A4837C477F6B68DDC26CDCF60E2DFF0|area_scores=455106174A3E492D501F73B8BA55EFD1B7525656638E8109AE015C290C352DE3|facilities=9AA2BC9D9F9E0EC421FB7D23A9C9BF0BD5EDB59EB173A91CB27E6EB2655A1E07|grid_scores=F2B4631D6C4DB1C379BB9CAA13D29A9C055273F1C0D682BAC13EDD19C0A9E9BF|metrics_code=7A3920ABAC99C0EEE1FA013FF751C14428D5AA95E0F1F3F32FCED6B7A49541BA|model_spec=435B1018F2D35A2B421D1827A23C0DC739DC1F827F71189F8F818CE0B0C670E4|source_manifest=983711BFCB49D15F33641A807365C5022D2C4FFF285E36D669F2DD55BA01A039,population=4D1530F251B312CE6564BA5676093B1043057F46A0FE2A58CF2756AFC530DA7B|one_person=01923C6EBD7440771E4EBE20CAB0648355A18C09D198677C0E265F5E68406A7D|admdongkor_boundary=6A63D079BA8AF4701AB200AD0B54EBDEA8689808B6E0E9F17973B9BA7883DC6A|bus_stops=01B63929056B55D0A8FE372756942FB9A81A89CB121A0CDB1838DDE9ED8555BF|hira_hospital=458D04F264BFE005CB12078699156CA72AD47B52062E0F79B8140E2635086268|hira_pharmacy=65B2B1E7F65BF1EFAF20C826BC1FB03CC24B65B359F4B5B51E1A234B334505A4
4128160000,고양시 덕양구,관산동,true,false,1625,0.0812307692307692,0.230769230769231,0.441846153846154,0.884923076923077,834.258424110588,1474.90328523492,1.0.0,facility_grid_coverage_v1,goyang_mixed_20250825_20260630,population=2026-06-30|onePersonHouseholds=2026-06-30|hiraFacilities=2026-06-30|analysisBoundary=2026-04-01|busStops=2025-08-25,coverage 0~1 면적격자 비율; distance m; time min; speed m/s,coverage_t=100m 격자 중 nearest_facility_m <= t*60*0.8m/s 인 격자 비율; 그룹값은 동별 비율의 비가중 중앙값,면적격자 비율이며 주민·돌봄대상자 비율이 아니다. 직선보행 대리값으로 도로망·경사·대기·환승을 포함하지 않는다. 후보식에 시설거리가 포함되어 후보/비후보 차이는 독립 검증이 아니다.,area_adjacency=AF16E5259A667F45F5BF7F6B3DF3A22E1A4837C477F6B68DDC26CDCF60E2DFF0|area_scores=455106174A3E492D501F73B8BA55EFD1B7525656638E8109AE015C290C352DE3|facilities=9AA2BC9D9F9E0EC421FB7D23A9C9BF0BD5EDB59EB173A91CB27E6EB2655A1E07|grid_scores=F2B4631D6C4DB1C379BB9CAA13D29A9C055273F1C0D682BAC13EDD19C0A9E9BF|metrics_code=7A3920ABAC99C0EEE1FA013FF751C14428D5AA95E0F1F3F32FCED6B7A49541BA|model_spec=435B1018F2D35A2B421D1827A23C0DC739DC1F827F71189F8F818CE0B0C670E4|source_manifest=983711BFCB49D15F33641A807365C5022D2C4FFF285E36D669F2DD55BA01A039,population=4D1530F251B312CE6564BA5676093B1043057F46A0FE2A58CF2756AFC530DA7B|one_person=01923C6EBD7440771E4EBE20CAB0648355A18C09D198677C0E265F5E68406A7D|admdongkor_boundary=6A63D079BA8AF4701AB200AD0B54EBDEA8689808B6E0E9F17973B9BA7883DC6A|bus_stops=01B63929056B55D0A8FE372756942FB9A81A89CB121A0CDB1838DDE9ED8555BF|hira_hospital=458D04F264BFE005CB12078699156CA72AD47B52062E0F79B8140E2635086268|hira_pharmacy=65B2B1E7F65BF1EFAF20C826BC1FB03CC24B65B359F4B5B51E1A234B334505A4
4128161000,고양시 덕양구,능곡동,true,false,1096,0.041970802919708,0.102189781021898,0.197080291970803,0.631386861313869,1268.76463153858,2126.44913747949,1.0.0,facility_grid_coverage_v1,goyang_mixed_20250825_20260630,population=2026-06-30|onePersonHouseholds=2026-06-30|hiraFacilities=2026-06-30|analysisBoundary=2026-04-01|busStops=2025-08-25,coverage 0~1 면적격자 비율; distance m; time min; speed m/s,coverage_t=100m 격자 중 nearest_facility_m <= t*60*0.8m/s 인 격자 비율; 그룹값은 동별 비율의 비가중 중앙값,면적격자 비율이며 주민·돌봄대상자 비율이 아니다. 직선보행 대리값으로 도로망·경사·대기·환승을 포함하지 않는다. 후보식에 시설거리가 포함되어 후보/비후보 차이는 독립 검증이 아니다.,area_adjacency=AF16E5259A667F45F5BF7F6B3DF3A22E1A4837C477F6B68DDC26CDCF60E2DFF0|area_scores=455106174A3E492D501F73B8BA55EFD1B7525656638E8109AE015C290C352DE3|facilities=9AA2BC9D9F9E0EC421FB7D23A9C9BF0BD5EDB59EB173A91CB27E6EB2655A1E07|grid_scores=F2B4631D6C4DB1C379BB9CAA13D29A9C055273F1C0D682BAC13EDD19C0A9E9BF|metrics_code=7A3920ABAC99C0EEE1FA013FF751C14428D5AA95E0F1F3F32FCED6B7A49541BA|model_spec=435B1018F2D35A2B421D1827A23C0DC739DC1F827F71189F8F818CE0B0C670E4|source_manifest=983711BFCB49D15F33641A807365C5022D2C4FFF285E36D669F2DD55BA01A039,population=4D1530F251B312CE6564BA5676093B1043057F46A0FE2A58CF2756AFC530DA7B|one_person=01923C6EBD7440771E4EBE20CAB0648355A18C09D198677C0E265F5E68406A7D|admdongkor_boundary=6A63D079BA8AF4701AB200AD0B54EBDEA8689808B6E0E9F17973B9BA7883DC6A|bus_stops=01B63929056B55D0A8FE372756942FB9A81A89CB121A0CDB1838DDE9ED8555BF|hira_hospital=458D04F264BFE005CB12078699156CA72AD47B52062E0F79B8140E2635086268|hira_pharmacy=65B2B1E7F65BF1EFAF20C826BC1FB03CC24B65B359F4B5B51E1A234B334505A4
4128162100,고양시 덕양구,화정1동,false,false,230,0.41304347826087,0.795652173913043,0.982608695652174,1,312.012810447185,576.374885593187,1.0.0,facility_grid_coverage_v1,goyang_mixed_20250825_20260630,population=2026-06-30|onePersonHouseholds=2026-06-30|hiraFacilities=2026-06-30|analysisBoundary=2026-04-01|busStops=2025-08-25,coverage 0~1 면적격자 비율; distance m; time min; speed m/s,coverage_t=100m 격자 중 nearest_facility_m <= t*60*0.8m/s 인 격자 비율; 그룹값은 동별 비율의 비가중 중앙값,면적격자 비율이며 주민·돌봄대상자 비율이 아니다. 직선보행 대리값으로 도로망·경사·대기·환승을 포함하지 않는다. 후보식에 시설거리가 포함되어 후보/비후보 차이는 독립 검증이 아니다.,area_adjacency=AF16E5259A667F45F5BF7F6B3DF3A22E1A4837C477F6B68DDC26CDCF60E2DFF0|area_scores=455106174A3E492D501F73B8BA55EFD1B7525656638E8109AE015C290C352DE3|facilities=9AA2BC9D9F9E0EC421FB7D23A9C9BF0BD5EDB59EB173A91CB27E6EB2655A1E07|grid_scores=F2B4631D6C4DB1C379BB9CAA13D29A9C055273F1C0D682BAC13EDD19C0A9E9BF|metrics_code=7A3920ABAC99C0EEE1FA013FF751C14428D5AA95E0F1F3F32FCED6B7A49541BA|model_spec=435B1018F2D35A2B421D1827A23C0DC739DC1F827F71189F8F818CE0B0C670E4|source_manifest=983711BFCB49D15F33641A807365C5022D2C4FFF285E36D669F2DD55BA01A039,population=4D1530F251B312CE6564BA5676093B1043057F46A0FE2A58CF2756AFC530DA7B|one_person=01923C6EBD7440771E4EBE20CAB0648355A18C09D198677C0E265F5E68406A7D|admdongkor_boundary=6A63D079BA8AF4701AB200AD0B54EBDEA8689808B6E0E9F17973B9BA7883DC6A|bus_stops=01B63929056B55D0A8FE372756942FB9A81A89CB121A0CDB1838DDE9ED8555BF|hira_hospital=458D04F264BFE005CB12078699156CA72AD47B52062E0F79B8140E2635086268|hira_pharmacy=65B2B1E7F65BF1EFAF20C826BC1FB03CC24B65B359F4B5B51E1A234B334505A4
4128162200,고양시 덕양구,화정2동,false,false,197,0.355329949238579,0.543147208121827,0.700507614213198,1,485.396193139357,1017.25147726321,1.0.0,facility_grid_coverage_v1,goyang_mixed_20250825_20260630,population=2026-06-30|onePersonHouseholds=2026-06-30|hiraFacilities=2026-06-30|analysisBoundary=2026-04-01|busStops=2025-08-25,coverage 0~1 면적격자 비율; distance m; time min; speed m/s,coverage_t=100m 격자 중 nearest_facility_m <= t*60*0.8m/s 인 격자 비율; 그룹값은 동별 비율의 비가중 중앙값,면적격자 비율이며 주민·돌봄대상자 비율이 아니다. 직선보행 대리값으로 도로망·경사·대기·환승을 포함하지 않는다. 후보식에 시설거리가 포함되어 후보/비후보 차이는 독립 검증이 아니다.,area_adjacency=AF16E5259A667F45F5BF7F6B3DF3A22E1A4837C477F6B68DDC26CDCF60E2DFF0|area_scores=455106174A3E492D501F73B8BA55EFD1B7525656638E8109AE015C290C352DE3|facilities=9AA2BC9D9F9E0EC421FB7D23A9C9BF0BD5EDB59EB173A91CB27E6EB2655A1E07|grid_scores=F2B4631D6C4DB1C379BB9CAA13D29A9C055273F1C0D682BAC13EDD19C0A9E9BF|metrics_code=7A3920ABAC99C0EEE1FA013FF751C14428D5AA95E0F1F3F32FCED6B7A49541BA|model_spec=435B1018F2D35A2B421D1827A23C0DC739DC1F827F71189F8F818CE0B0C670E4|source_manifest=983711BFCB49D15F33641A807365C5022D2C4FFF285E36D669F2DD55BA01A039,population=4D1530F251B312CE6564BA5676093B1043057F46A0FE2A58CF2756AFC530DA7B|one_person=01923C6EBD7440771E4EBE20CAB0648355A18C09D198677C0E265F5E68406A7D|admdongkor_boundary=6A63D079BA8AF4701AB200AD0B54EBDEA8689808B6E0E9F17973B9BA7883DC6A|bus_stops=01B63929056B55D0A8FE372756942FB9A81A89CB121A0CDB1838DDE9ED8555BF|hira_hospital=458D04F264BFE005CB12078699156CA72AD47B52062E0F79B8140E2635086268|hira_pharmacy=65B2B1E7F65BF1EFAF20C826BC1FB03CC24B65B359F4B5B51E1A234B334505A4
4128163000,고양시 덕양구,행주동,true,false,670,0.0880597014925373,0.158208955223881,0.222388059701493,0.504477611940298,1358.41928683615,2243.10189785995,1.0.0,facility_grid_coverage_v1,goyang_mixed_20250825_20260630,population=2026-06-30|onePersonHouseholds=2026-06-30|hiraFacilities=2026-06-30|analysisBoundary=2026-04-01|busStops=2025-08-25,coverage 0~1 면적격자 비율; distance m; time min; speed m/s,coverage_t=100m 격자 중 nearest_facility_m <= t*60*0.8m/s 인 격자 비율; 그룹값은 동별 비율의 비가중 중앙값,면적격자 비율이며 주민·돌봄대상자 비율이 아니다. 직선보행 대리값으로 도로망·경사·대기·환승을 포함하지 않는다. 후보식에 시설거리가 포함되어 후보/비후보 차이는 독립 검증이 아니다.,area_adjacency=AF16E5259A667F45F5BF7F6B3DF3A22E1A4837C477F6B68DDC26CDCF60E2DFF0|area_scores=455106174A3E492D501F73B8BA55EFD1B7525656638E8109AE015C290C352DE3|facilities=9AA2BC9D9F9E0EC421FB7D23A9C9BF0BD5EDB59EB173A91CB27E6EB2655A1E07|grid_scores=F2B4631D6C4DB1C379BB9CAA13D29A9C055273F1C0D682BAC13EDD19C0A9E9BF|metrics_code=7A3920ABAC99C0EEE1FA013FF751C14428D5AA95E0F1F3F32FCED6B7A49541BA|model_spec=435B1018F2D35A2B421D1827A23C0DC739DC1F827F71189F8F818CE0B0C670E4|source_manifest=983711BFCB49D15F33641A807365C5022D2C4FFF285E36D669F2DD55BA01A039,population=4D1530F251B312CE6564BA5676093B1043057F46A0FE2A58CF2756AFC530DA7B|one_person=01923C6EBD7440771E4EBE20CAB0648355A18C09D198677C0E265F5E68406A7D|admdongkor_boundary=6A63D079BA8AF4701AB200AD0B54EBDEA8689808B6E0E9F17973B9BA7883DC6A|bus_stops=01B63929056B55D0A8FE372756942FB9A81A89CB121A0CDB1838DDE9ED8555BF|hira_hospital=458D04F264BFE005CB12078699156CA72AD47B52062E0F79B8140E2635086268|hira_pharmacy=65B2B1E7F65BF1EFAF20C826BC1FB03CC24B65B359F4B5B51E1A234B334505A4
4128164000,고양시 덕양구,행신1동,false,false,67,0.791044776119403,1,1,1,168.043455860318,266.050380909671,1.0.0,facility_grid_coverage_v1,goyang_mixed_20250825_20260630,population=2026-06-30|onePersonHouseholds=2026-06-30|hiraFacilities=2026-06-30|analysisBoundary=2026-04-01|busStops=2025-08-25,coverage 0~1 면적격자 비율; distance m; time min; speed m/s,coverage_t=100m 격자 중 nearest_facility_m <= t*60*0.8m/s 인 격자 비율; 그룹값은 동별 비율의 비가중 중앙값,면적격자 비율이며 주민·돌봄대상자 비율이 아니다. 직선보행 대리값으로 도로망·경사·대기·환승을 포함하지 않는다. 후보식에 시설거리가 포함되어 후보/비후보 차이는 독립 검증이 아니다.,area_adjacency=AF16E5259A667F45F5BF7F6B3DF3A22E1A4837C477F6B68DDC26CDCF60E2DFF0|area_scores=455106174A3E492D501F73B8BA55EFD1B7525656638E8109AE015C290C352DE3|facilities=9AA2BC9D9F9E0EC421FB7D23A9C9BF0BD5EDB59EB173A91CB27E6EB2655A1E07|grid_scores=F2B4631D6C4DB1C379BB9CAA13D29A9C055273F1C0D682BAC13EDD19C0A9E9BF|metrics_code=7A3920ABAC99C0EEE1FA013FF751C14428D5AA95E0F1F3F32FCED6B7A49541BA|model_spec=435B1018F2D35A2B421D1827A23C0DC739DC1F827F71189F8F818CE0B0C670E4|source_manifest=983711BFCB49D15F33641A807365C5022D2C4FFF285E36D669F2DD55BA01A039,population=4D1530F251B312CE6564BA5676093B1043057F46A0FE2A58CF2756AFC530DA7B|one_person=01923C6EBD7440771E4EBE20CAB0648355A18C09D198677C0E265F5E68406A7D|admdongkor_boundary=6A63D079BA8AF4701AB200AD0B54EBDEA8689808B6E0E9F17973B9BA7883DC6A|bus_stops=01B63929056B55D0A8FE372756942FB9A81A89CB121A0CDB1838DDE9ED8555BF|hira_hospital=458D04F264BFE005CB12078699156CA72AD47B52062E0F79B8140E2635086268|hira_pharmacy=65B2B1E7F65BF1EFAF20C826BC1FB03CC24B65B359F4B5B51E1A234B334505A4
4128165000,고양시 덕양구,행신2동,false,false,437,0.224256292906178,0.395881006864989,0.521739130434783,0.864988558352403,739.226842202464,1519.2576849605,1.0.0,facility_grid_coverage_v1,goyang_mixed_20250825_20260630,population=2026-06-30|onePersonHouseholds=2026-06-30|hiraFacilities=2026-06-30|analysisBoundary=2026-04-01|busStops=2025-08-25,coverage 0~1 면적격자 비율; distance m; time min; speed m/s,coverage_t=100m 격자 중 nearest_facility_m <= t*60*0.8m/s 인 격자 비율; 그룹값은 동별 비율의 비가중 중앙값,면적격자 비율이며 주민·돌봄대상자 비율이 아니다. 직선보행 대리값으로 도로망·경사·대기·환승을 포함하지 않는다. 후보식에 시설거리가 포함되어 후보/비후보 차이는 독립 검증이 아니다.,area_adjacency=AF16E5259A667F45F5BF7F6B3DF3A22E1A4837C477F6B68DDC26CDCF60E2DFF0|area_scores=455106174A3E492D501F73B8BA55EFD1B7525656638E8109AE015C290C352DE3|facilities=9AA2BC9D9F9E0EC421FB7D23A9C9BF0BD5EDB59EB173A91CB27E6EB2655A1E07|grid_scores=F2B4631D6C4DB1C379BB9CAA13D29A9C055273F1C0D682BAC13EDD19C0A9E9BF|metrics_code=7A3920ABAC99C0EEE1FA013FF751C14428D5AA95E0F1F3F32FCED6B7A49541BA|model_spec=435B1018F2D35A2B421D1827A23C0DC739DC1F827F71189F8F818CE0B0C670E4|source_manifest=983711BFCB49D15F33641A807365C5022D2C4FFF285E36D669F2DD55BA01A039,population=4D1530F251B312CE6564BA5676093B1043057F46A0FE2A58CF2756AFC530DA7B|one_person=01923C6EBD7440771E4EBE20CAB0648355A18C09D198677C0E265F5E68406A7D|admdongkor_boundary=6A63D079BA8AF4701AB200AD0B54EBDEA8689808B6E0E9F17973B9BA7883DC6A|bus_stops=01B63929056B55D0A8FE372756942FB9A81A89CB121A0CDB1838DDE9ED8555BF|hira_hospital=458D04F264BFE005CB12078699156CA72AD47B52062E0F79B8140E2635086268|hira_pharmacy=65B2B1E7F65BF1EFAF20C826BC1FB03CC24B65B359F4B5B51E1A234B334505A4
4128165500,고양시 덕양구,행신3동,false,false,60,0.6,0.916666666666667,1,1,227.082292268654,444.144028613293,1.0.0,facility_grid_coverage_v1,goyang_mixed_20250825_20260630,population=2026-06-30|onePersonHouseholds=2026-06-30|hiraFacilities=2026-06-30|analysisBoundary=2026-04-01|busStops=2025-08-25,coverage 0~1 면적격자 비율; distance m; time min; speed m/s,coverage_t=100m 격자 중 nearest_facility_m <= t*60*0.8m/s 인 격자 비율; 그룹값은 동별 비율의 비가중 중앙값,면적격자 비율이며 주민·돌봄대상자 비율이 아니다. 직선보행 대리값으로 도로망·경사·대기·환승을 포함하지 않는다. 후보식에 시설거리가 포함되어 후보/비후보 차이는 독립 검증이 아니다.,area_adjacency=AF16E5259A667F45F5BF7F6B3DF3A22E1A4837C477F6B68DDC26CDCF60E2DFF0|area_scores=455106174A3E492D501F73B8BA55EFD1B7525656638E8109AE015C290C352DE3|facilities=9AA2BC9D9F9E0EC421FB7D23A9C9BF0BD5EDB59EB173A91CB27E6EB2655A1E07|grid_scores=F2B4631D6C4DB1C379BB9CAA13D29A9C055273F1C0D682BAC13EDD19C0A9E9BF|metrics_code=7A3920ABAC99C0EEE1FA013FF751C14428D5AA95E0F1F3F32FCED6B7A49541BA|model_spec=435B1018F2D35A2B421D1827A23C0DC739DC1F827F71189F8F818CE0B0C670E4|source_manifest=983711BFCB49D15F33641A807365C5022D2C4FFF285E36D669F2DD55BA01A039,population=4D1530F251B312CE6564BA5676093B1043057F46A0FE2A58CF2756AFC530DA7B|one_person=01923C6EBD7440771E4EBE20CAB0648355A18C09D198677C0E265F5E68406A7D|admdongkor_boundary=6A63D079BA8AF4701AB200AD0B54EBDEA8689808B6E0E9F17973B9BA7883DC6A|bus_stops=01B63929056B55D0A8FE372756942FB9A81A89CB121A0CDB1838DDE9ED8555BF|hira_hospital=458D04F264BFE005CB12078699156CA72AD47B52062E0F79B8140E2635086268|hira_pharmacy=65B2B1E7F65BF1EFAF20C826BC1FB03CC24B65B359F4B5B51E1A234B334505A4
4128165600,고양시 덕양구,행신4동,false,false,134,0.477611940298507,0.813432835820896,0.970149253731343,1,294.157870592951,604.183162318736,1.0.0,facility_grid_coverage_v1,goyang_mixed_20250825_20260630,population=2026-06-30|onePersonHouseholds=2026-06-30|hiraFacilities=2026-06-30|analysisBoundary=2026-04-01|busStops=2025-08-25,coverage 0~1 면적격자 비율; distance m; time min; speed m/s,coverage_t=100m 격자 중 nearest_facility_m <= t*60*0.8m/s 인 격자 비율; 그룹값은 동별 비율의 비가중 중앙값,면적격자 비율이며 주민·돌봄대상자 비율이 아니다. 직선보행 대리값으로 도로망·경사·대기·환승을 포함하지 않는다. 후보식에 시설거리가 포함되어 후보/비후보 차이는 독립 검증이 아니다.,area_adjacency=AF16E5259A667F45F5BF7F6B3DF3A22E1A4837C477F6B68DDC26CDCF60E2DFF0|area_scores=455106174A3E492D501F73B8BA55EFD1B7525656638E8109AE015C290C352DE3|facilities=9AA2BC9D9F9E0EC421FB7D23A9C9BF0BD5EDB59EB173A91CB27E6EB2655A1E07|grid_scores=F2B4631D6C4DB1C379BB9CAA13D29A9C055273F1C0D682BAC13EDD19C0A9E9BF|metrics_code=7A3920ABAC99C0EEE1FA013FF751C14428D5AA95E0F1F3F32FCED6B7A49541BA|model_spec=435B1018F2D35A2B421D1827A23C0DC739DC1F827F71189F8F818CE0B0C670E4|source_manifest=983711BFCB49D15F33641A807365C5022D2C4FFF285E36D669F2DD55BA01A039,population=4D1530F251B312CE6564BA5676093B1043057F46A0FE2A58CF2756AFC530DA7B|one_person=01923C6EBD7440771E4EBE20CAB0648355A18C09D198677C0E265F5E68406A7D|admdongkor_boundary=6A63D079BA8AF4701AB200AD0B54EBDEA8689808B6E0E9F17973B9BA7883DC6A|bus_stops=01B63929056B55D0A8FE372756942FB9A81A89CB121A0CDB1838DDE9ED8555BF|hira_hospital=458D04F264BFE005CB12078699156CA72AD47B52062E0F79B8140E2635086268|hira_pharmacy=65B2B1E7F65BF1EFAF20C826BC1FB03CC24B65B359F4B5B51E1A234B334505A4
4128166000,고양시 덕양구,화전동,false,true,763,0.149410222804718,0.391874180865007,0.618610747051114,0.929226736566186,672.917588506983,1332.5002639622,1.0.0,facility_grid_coverage_v1,goyang_mixed_20250825_20260630,population=2026-06-30|onePersonHouseholds=2026-06-30|hiraFacilities=2026-06-30|analysisBoundary=2026-04-01|busStops=2025-08-25,coverage 0~1 면적격자 비율; distance m; time min; speed m/s,coverage_t=100m 격자 중 nearest_facility_m <= t*60*0.8m/s 인 격자 비율; 그룹값은 동별 비율의 비가중 중앙값,면적격자 비율이며 주민·돌봄대상자 비율이 아니다. 직선보행 대리값으로 도로망·경사·대기·환승을 포함하지 않는다. 후보식에 시설거리가 포함되어 후보/비후보 차이는 독립 검증이 아니다.,area_adjacency=AF16E5259A667F45F5BF7F6B3DF3A22E1A4837C477F6B68DDC26CDCF60E2DFF0|area_scores=455106174A3E492D501F73B8BA55EFD1B7525656638E8109AE015C290C352DE3|facilities=9AA2BC9D9F9E0EC421FB7D23A9C9BF0BD5EDB59EB173A91CB27E6EB2655A1E07|grid_scores=F2B4631D6C4DB1C379BB9CAA13D29A9C055273F1C0D682BAC13EDD19C0A9E9BF|metrics_code=7A3920ABAC99C0EEE1FA013FF751C14428D5AA95E0F1F3F32FCED6B7A49541BA|model_spec=435B1018F2D35A2B421D1827A23C0DC739DC1F827F71189F8F818CE0B0C670E4|source_manifest=983711BFCB49D15F33641A807365C5022D2C4FFF285E36D669F2DD55BA01A039,population=4D1530F251B312CE6564BA5676093B1043057F46A0FE2A58CF2756AFC530DA7B|one_person=01923C6EBD7440771E4EBE20CAB0648355A18C09D198677C0E265F5E68406A7D|admdongkor_boundary=6A63D079BA8AF4701AB200AD0B54EBDEA8689808B6E0E9F17973B9BA7883DC6A|bus_stops=01B63929056B55D0A8FE372756942FB9A81A89CB121A0CDB1838DDE9ED8555BF|hira_hospital=458D04F264BFE005CB12078699156CA72AD47B52062E0F79B8140E2635086268|hira_pharmacy=65B2B1E7F65BF1EFAF20C826BC1FB03CC24B65B359F4B5B51E1A234B334505A4
4128167000,고양시 덕양구,대덕동,false,false,1081,0.0490286771507863,0.131359851988899,0.235892691951896,0.633672525439408,1266.16658363396,2274.73073632672,1.0.0,facility_grid_coverage_v1,goyang_mixed_20250825_20260630,population=2026-06-30|onePersonHouseholds=2026-06-30|hiraFacilities=2026-06-30|analysisBoundary=2026-04-01|busStops=2025-08-25,coverage 0~1 면적격자 비율; distance m; time min; speed m/s,coverage_t=100m 격자 중 nearest_facility_m <= t*60*0.8m/s 인 격자 비율; 그룹값은 동별 비율의 비가중 중앙값,면적격자 비율이며 주민·돌봄대상자 비율이 아니다. 직선보행 대리값으로 도로망·경사·대기·환승을 포함하지 않는다. 후보식에 시설거리가 포함되어 후보/비후보 차이는 독립 검증이 아니다.,area_adjacency=AF16E5259A667F45F5BF7F6B3DF3A22E1A4837C477F6B68DDC26CDCF60E2DFF0|area_scores=455106174A3E492D501F73B8BA55EFD1B7525656638E8109AE015C290C352DE3|facilities=9AA2BC9D9F9E0EC421FB7D23A9C9BF0BD5EDB59EB173A91CB27E6EB2655A1E07|grid_scores=F2B4631D6C4DB1C379BB9CAA13D29A9C055273F1C0D682BAC13EDD19C0A9E9BF|metrics_code=7A3920ABAC99C0EEE1FA013FF751C14428D5AA95E0F1F3F32FCED6B7A49541BA|model_spec=435B1018F2D35A2B421D1827A23C0DC739DC1F827F71189F8F818CE0B0C670E4|source_manifest=983711BFCB49D15F33641A807365C5022D2C4FFF285E36D669F2DD55BA01A039,population=4D1530F251B312CE6564BA5676093B1043057F46A0FE2A58CF2756AFC530DA7B|one_person=01923C6EBD7440771E4EBE20CAB0648355A18C09D198677C0E265F5E68406A7D|admdongkor_boundary=6A63D079BA8AF4701AB200AD0B54EBDEA8689808B6E0E9F17973B9BA7883DC6A|bus_stops=01B63929056B55D0A8FE372756942FB9A81A89CB121A0CDB1838DDE9ED8555BF|hira_hospital=458D04F264BFE005CB12078699156CA72AD47B52062E0F79B8140E2635086268|hira_pharmacy=65B2B1E7F65BF1EFAF20C826BC1FB03CC24B65B359F4B5B51E1A234B334505A4
4128551000,고양시 일산동구,식사동,false,true,651,0.182795698924731,0.400921658986175,0.580645161290323,0.992319508448541,643.064541047056,1197.31382848228,1.0.0,facility_grid_coverage_v1,goyang_mixed_20250825_20260630,population=2026-06-30|onePersonHouseholds=2026-06-30|hiraFacilities=2026-06-30|analysisBoundary=2026-04-01|busStops=2025-08-25,coverage 0~1 면적격자 비율; distance m; time min; speed m/s,coverage_t=100m 격자 중 nearest_facility_m <= t*60*0.8m/s 인 격자 비율; 그룹값은 동별 비율의 비가중 중앙값,면적격자 비율이며 주민·돌봄대상자 비율이 아니다. 직선보행 대리값으로 도로망·경사·대기·환승을 포함하지 않는다. 후보식에 시설거리가 포함되어 후보/비후보 차이는 독립 검증이 아니다.,area_adjacency=AF16E5259A667F45F5BF7F6B3DF3A22E1A4837C477F6B68DDC26CDCF60E2DFF0|area_scores=455106174A3E492D501F73B8BA55EFD1B7525656638E8109AE015C290C352DE3|facilities=9AA2BC9D9F9E0EC421FB7D23A9C9BF0BD5EDB59EB173A91CB27E6EB2655A1E07|grid_scores=F2B4631D6C4DB1C379BB9CAA13D29A9C055273F1C0D682BAC13EDD19C0A9E9BF|metrics_code=7A3920ABAC99C0EEE1FA013FF751C14428D5AA95E0F1F3F32FCED6B7A49541BA|model_spec=435B1018F2D35A2B421D1827A23C0DC739DC1F827F71189F8F818CE0B0C670E4|source_manifest=983711BFCB49D15F33641A807365C5022D2C4FFF285E36D669F2DD55BA01A039,population=4D1530F251B312CE6564BA5676093B1043057F46A0FE2A58CF2756AFC530DA7B|one_person=01923C6EBD7440771E4EBE20CAB0648355A18C09D198677C0E265F5E68406A7D|admdongkor_boundary=6A63D079BA8AF4701AB200AD0B54EBDEA8689808B6E0E9F17973B9BA7883DC6A|bus_stops=01B63929056B55D0A8FE372756942FB9A81A89CB121A0CDB1838DDE9ED8555BF|hira_hospital=458D04F264BFE005CB12078699156CA72AD47B52062E0F79B8140E2635086268|hira_pharmacy=65B2B1E7F65BF1EFAF20C826BC1FB03CC24B65B359F4B5B51E1A234B334505A4
4128552500,고양시 일산동구,중산1동,false,false,144,0.416666666666667,0.756944444444444,0.951388888888889,1,318.796571995547,644.129154417509,1.0.0,facility_grid_coverage_v1,goyang_mixed_20250825_20260630,population=2026-06-30|onePersonHouseholds=2026-06-30|hiraFacilities=2026-06-30|analysisBoundary=2026-04-01|busStops=2025-08-25,coverage 0~1 면적격자 비율; distance m; time min; speed m/s,coverage_t=100m 격자 중 nearest_facility_m <= t*60*0.8m/s 인 격자 비율; 그룹값은 동별 비율의 비가중 중앙값,면적격자 비율이며 주민·돌봄대상자 비율이 아니다. 직선보행 대리값으로 도로망·경사·대기·환승을 포함하지 않는다. 후보식에 시설거리가 포함되어 후보/비후보 차이는 독립 검증이 아니다.,area_adjacency=AF16E5259A667F45F5BF7F6B3DF3A22E1A4837C477F6B68DDC26CDCF60E2DFF0|area_scores=455106174A3E492D501F73B8BA55EFD1B7525656638E8109AE015C290C352DE3|facilities=9AA2BC9D9F9E0EC421FB7D23A9C9BF0BD5EDB59EB173A91CB27E6EB2655A1E07|grid_scores=F2B4631D6C4DB1C379BB9CAA13D29A9C055273F1C0D682BAC13EDD19C0A9E9BF|metrics_code=7A3920ABAC99C0EEE1FA013FF751C14428D5AA95E0F1F3F32FCED6B7A49541BA|model_spec=435B1018F2D35A2B421D1827A23C0DC739DC1F827F71189F8F818CE0B0C670E4|source_manifest=983711BFCB49D15F33641A807365C5022D2C4FFF285E36D669F2DD55BA01A039,population=4D1530F251B312CE6564BA5676093B1043057F46A0FE2A58CF2756AFC530DA7B|one_person=01923C6EBD7440771E4EBE20CAB0648355A18C09D198677C0E265F5E68406A7D|admdongkor_boundary=6A63D079BA8AF4701AB200AD0B54EBDEA8689808B6E0E9F17973B9BA7883DC6A|bus_stops=01B63929056B55D0A8FE372756942FB9A81A89CB121A0CDB1838DDE9ED8555BF|hira_hospital=458D04F264BFE005CB12078699156CA72AD47B52062E0F79B8140E2635086268|hira_pharmacy=65B2B1E7F65BF1EFAF20C826BC1FB03CC24B65B359F4B5B51E1A234B334505A4
4128552600,고양시 일산동구,중산2동,false,false,147,0.442176870748299,0.952380952380952,1,1,265.566776922521,437.222930103754,1.0.0,facility_grid_coverage_v1,goyang_mixed_20250825_20260630,population=2026-06-30|onePersonHouseholds=2026-06-30|hiraFacilities=2026-06-30|analysisBoundary=2026-04-01|busStops=2025-08-25,coverage 0~1 면적격자 비율; distance m; time min; speed m/s,coverage_t=100m 격자 중 nearest_facility_m <= t*60*0.8m/s 인 격자 비율; 그룹값은 동별 비율의 비가중 중앙값,면적격자 비율이며 주민·돌봄대상자 비율이 아니다. 직선보행 대리값으로 도로망·경사·대기·환승을 포함하지 않는다. 후보식에 시설거리가 포함되어 후보/비후보 차이는 독립 검증이 아니다.,area_adjacency=AF16E5259A667F45F5BF7F6B3DF3A22E1A4837C477F6B68DDC26CDCF60E2DFF0|area_scores=455106174A3E492D501F73B8BA55EFD1B7525656638E8109AE015C290C352DE3|facilities=9AA2BC9D9F9E0EC421FB7D23A9C9BF0BD5EDB59EB173A91CB27E6EB2655A1E07|grid_scores=F2B4631D6C4DB1C379BB9CAA13D29A9C055273F1C0D682BAC13EDD19C0A9E9BF|metrics_code=7A3920ABAC99C0EEE1FA013FF751C14428D5AA95E0F1F3F32FCED6B7A49541BA|model_spec=435B1018F2D35A2B421D1827A23C0DC739DC1F827F71189F8F818CE0B0C670E4|source_manifest=983711BFCB49D15F33641A807365C5022D2C4FFF285E36D669F2DD55BA01A039,population=4D1530F251B312CE6564BA5676093B1043057F46A0FE2A58CF2756AFC530DA7B|one_person=01923C6EBD7440771E4EBE20CAB0648355A18C09D198677C0E265F5E68406A7D|admdongkor_boundary=6A63D079BA8AF4701AB200AD0B54EBDEA8689808B6E0E9F17973B9BA7883DC6A|bus_stops=01B63929056B55D0A8FE372756942FB9A81A89CB121A0CDB1838DDE9ED8555BF|hira_hospital=458D04F264BFE005CB12078699156CA72AD47B52062E0F79B8140E2635086268|hira_pharmacy=65B2B1E7F65BF1EFAF20C826BC1FB03CC24B65B359F4B5B51E1A234B334505A4
4128553000,고양시 일산동구,정발산동,false,false,152,0.651315789473684,1,1,1,193.939367265167,307.332372127195,1.0.0,facility_grid_coverage_v1,goyang_mixed_20250825_20260630,population=2026-06-30|onePersonHouseholds=2026-06-30|hiraFacilities=2026-06-30|analysisBoundary=2026-04-01|busStops=2025-08-25,coverage 0~1 면적격자 비율; distance m; time min; speed m/s,coverage_t=100m 격자 중 nearest_facility_m <= t*60*0.8m/s 인 격자 비율; 그룹값은 동별 비율의 비가중 중앙값,면적격자 비율이며 주민·돌봄대상자 비율이 아니다. 직선보행 대리값으로 도로망·경사·대기·환승을 포함하지 않는다. 후보식에 시설거리가 포함되어 후보/비후보 차이는 독립 검증이 아니다.,area_adjacency=AF16E5259A667F45F5BF7F6B3DF3A22E1A4837C477F6B68DDC26CDCF60E2DFF0|area_scores=455106174A3E492D501F73B8BA55EFD1B7525656638E8109AE015C290C352DE3|facilities=9AA2BC9D9F9E0EC421FB7D23A9C9BF0BD5EDB59EB173A91CB27E6EB2655A1E07|grid_scores=F2B4631D6C4DB1C379BB9CAA13D29A9C055273F1C0D682BAC13EDD19C0A9E9BF|metrics_code=7A3920ABAC99C0EEE1FA013FF751C14428D5AA95E0F1F3F32FCED6B7A49541BA|model_spec=435B1018F2D35A2B421D1827A23C0DC739DC1F827F71189F8F818CE0B0C670E4|source_manifest=983711BFCB49D15F33641A807365C5022D2C4FFF285E36D669F2DD55BA01A039,population=4D1530F251B312CE6564BA5676093B1043057F46A0FE2A58CF2756AFC530DA7B|one_person=01923C6EBD7440771E4EBE20CAB0648355A18C09D198677C0E265F5E68406A7D|admdongkor_boundary=6A63D079BA8AF4701AB200AD0B54EBDEA8689808B6E0E9F17973B9BA7883DC6A|bus_stops=01B63929056B55D0A8FE372756942FB9A81A89CB121A0CDB1838DDE9ED8555BF|hira_hospital=458D04F264BFE005CB12078699156CA72AD47B52062E0F79B8140E2635086268|hira_pharmacy=65B2B1E7F65BF1EFAF20C826BC1FB03CC24B65B359F4B5B51E1A234B334505A4
4128554000,고양시 일산동구,풍산동,false,false,589,0.164685908319185,0.517826825127334,0.697792869269949,0.949066213921901,604.578976145472,1313.19970632774,1.0.0,facility_grid_coverage_v1,goyang_mixed_20250825_20260630,population=2026-06-30|onePersonHouseholds=2026-06-30|hiraFacilities=2026-06-30|analysisBoundary=2026-04-01|busStops=2025-08-25,coverage 0~1 면적격자 비율; distance m; time min; speed m/s,coverage_t=100m 격자 중 nearest_facility_m <= t*60*0.8m/s 인 격자 비율; 그룹값은 동별 비율의 비가중 중앙값,면적격자 비율이며 주민·돌봄대상자 비율이 아니다. 직선보행 대리값으로 도로망·경사·대기·환승을 포함하지 않는다. 후보식에 시설거리가 포함되어 후보/비후보 차이는 독립 검증이 아니다.,area_adjacency=AF16E5259A667F45F5BF7F6B3DF3A22E1A4837C477F6B68DDC26CDCF60E2DFF0|area_scores=455106174A3E492D501F73B8BA55EFD1B7525656638E8109AE015C290C352DE3|facilities=9AA2BC9D9F9E0EC421FB7D23A9C9BF0BD5EDB59EB173A91CB27E6EB2655A1E07|grid_scores=F2B4631D6C4DB1C379BB9CAA13D29A9C055273F1C0D682BAC13EDD19C0A9E9BF|metrics_code=7A3920ABAC99C0EEE1FA013FF751C14428D5AA95E0F1F3F32FCED6B7A49541BA|model_spec=435B1018F2D35A2B421D1827A23C0DC739DC1F827F71189F8F818CE0B0C670E4|source_manifest=983711BFCB49D15F33641A807365C5022D2C4FFF285E36D669F2DD55BA01A039,population=4D1530F251B312CE6564BA5676093B1043057F46A0FE2A58CF2756AFC530DA7B|one_person=01923C6EBD7440771E4EBE20CAB0648355A18C09D198677C0E265F5E68406A7D|admdongkor_boundary=6A63D079BA8AF4701AB200AD0B54EBDEA8689808B6E0E9F17973B9BA7883DC6A|bus_stops=01B63929056B55D0A8FE372756942FB9A81A89CB121A0CDB1838DDE9ED8555BF|hira_hospital=458D04F264BFE005CB12078699156CA72AD47B52062E0F79B8140E2635086268|hira_pharmacy=65B2B1E7F65BF1EFAF20C826BC1FB03CC24B65B359F4B5B51E1A234B334505A4
4128555100,고양시 일산동구,백석1동,false,false,171,0.660818713450292,0.87719298245614,0.994152046783626,1,233.770236880679,514.900694182259,1.0.0,facility_grid_coverage_v1,goyang_mixed_20250825_20260630,population=2026-06-30|onePersonHouseholds=2026-06-30|hiraFacilities=2026-06-30|analysisBoundary=2026-04-01|busStops=2025-08-25,coverage 0~1 면적격자 비율; distance m; time min; speed m/s,coverage_t=100m 격자 중 nearest_facility_m <= t*60*0.8m/s 인 격자 비율; 그룹값은 동별 비율의 비가중 중앙값,면적격자 비율이며 주민·돌봄대상자 비율이 아니다. 직선보행 대리값으로 도로망·경사·대기·환승을 포함하지 않는다. 후보식에 시설거리가 포함되어 후보/비후보 차이는 독립 검증이 아니다.,area_adjacency=AF16E5259A667F45F5BF7F6B3DF3A22E1A4837C477F6B68DDC26CDCF60E2DFF0|area_scores=455106174A3E492D501F73B8BA55EFD1B7525656638E8109AE015C290C352DE3|facilities=9AA2BC9D9F9E0EC421FB7D23A9C9BF0BD5EDB59EB173A91CB27E6EB2655A1E07|grid_scores=F2B4631D6C4DB1C379BB9CAA13D29A9C055273F1C0D682BAC13EDD19C0A9E9BF|metrics_code=7A3920ABAC99C0EEE1FA013FF751C14428D5AA95E0F1F3F32FCED6B7A49541BA|model_spec=435B1018F2D35A2B421D1827A23C0DC739DC1F827F71189F8F818CE0B0C670E4|source_manifest=983711BFCB49D15F33641A807365C5022D2C4FFF285E36D669F2DD55BA01A039,population=4D1530F251B312CE6564BA5676093B1043057F46A0FE2A58CF2756AFC530DA7B|one_person=01923C6EBD7440771E4EBE20CAB0648355A18C09D198677C0E265F5E68406A7D|admdongkor_boundary=6A63D079BA8AF4701AB200AD0B54EBDEA8689808B6E0E9F17973B9BA7883DC6A|bus_stops=01B63929056B55D0A8FE372756942FB9A81A89CB121A0CDB1838DDE9ED8555BF|hira_hospital=458D04F264BFE005CB12078699156CA72AD47B52062E0F79B8140E2635086268|hira_pharmacy=65B2B1E7F65BF1EFAF20C826BC1FB03CC24B65B359F4B5B51E1A234B334505A4
4128555200,고양시 일산동구,백석2동,false,false,87,0.701149425287356,1,1,1,179.810716264464,337.730457018239,1.0.0,facility_grid_coverage_v1,goyang_mixed_20250825_20260630,population=2026-06-30|onePersonHouseholds=2026-06-30|hiraFacilities=2026-06-30|analysisBoundary=2026-04-01|busStops=2025-08-25,coverage 0~1 면적격자 비율; distance m; time min; speed m/s,coverage_t=100m 격자 중 nearest_facility_m <= t*60*0.8m/s 인 격자 비율; 그룹값은 동별 비율의 비가중 중앙값,면적격자 비율이며 주민·돌봄대상자 비율이 아니다. 직선보행 대리값으로 도로망·경사·대기·환승을 포함하지 않는다. 후보식에 시설거리가 포함되어 후보/비후보 차이는 독립 검증이 아니다.,area_adjacency=AF16E5259A667F45F5BF7F6B3DF3A22E1A4837C477F6B68DDC26CDCF60E2DFF0|area_scores=455106174A3E492D501F73B8BA55EFD1B7525656638E8109AE015C290C352DE3|facilities=9AA2BC9D9F9E0EC421FB7D23A9C9BF0BD5EDB59EB173A91CB27E6EB2655A1E07|grid_scores=F2B4631D6C4DB1C379BB9CAA13D29A9C055273F1C0D682BAC13EDD19C0A9E9BF|metrics_code=7A3920ABAC99C0EEE1FA013FF751C14428D5AA95E0F1F3F32FCED6B7A49541BA|model_spec=435B1018F2D35A2B421D1827A23C0DC739DC1F827F71189F8F818CE0B0C670E4|source_manifest=983711BFCB49D15F33641A807365C5022D2C4FFF285E36D669F2DD55BA01A039,population=4D1530F251B312CE6564BA5676093B1043057F46A0FE2A58CF2756AFC530DA7B|one_person=01923C6EBD7440771E4EBE20CAB0648355A18C09D198677C0E265F5E68406A7D|admdongkor_boundary=6A63D079BA8AF4701AB200AD0B54EBDEA8689808B6E0E9F17973B9BA7883DC6A|bus_stops=01B63929056B55D0A8FE372756942FB9A81A89CB121A0CDB1838DDE9ED8555BF|hira_hospital=458D04F264BFE005CB12078699156CA72AD47B52062E0F79B8140E2635086268|hira_pharmacy=65B2B1E7F65BF1EFAF20C826BC1FB03CC24B65B359F4B5B51E1A234B334505A4
4128556000,고양시 일산동구,마두1동,false,false,216,0.569444444444444,0.962962962962963,1,1,229.356011183839,413.292591701266,1.0.0,facility_grid_coverage_v1,goyang_mixed_20250825_20260630,population=2026-06-30|onePersonHouseholds=2026-06-30|hiraFacilities=2026-06-30|analysisBoundary=2026-04-01|busStops=2025-08-25,coverage 0~1 면적격자 비율; distance m; time min; speed m/s,coverage_t=100m 격자 중 nearest_facility_m <= t*60*0.8m/s 인 격자 비율; 그룹값은 동별 비율의 비가중 중앙값,면적격자 비율이며 주민·돌봄대상자 비율이 아니다. 직선보행 대리값으로 도로망·경사·대기·환승을 포함하지 않는다. 후보식에 시설거리가 포함되어 후보/비후보 차이는 독립 검증이 아니다.,area_adjacency=AF16E5259A667F45F5BF7F6B3DF3A22E1A4837C477F6B68DDC26CDCF60E2DFF0|area_scores=455106174A3E492D501F73B8BA55EFD1B7525656638E8109AE015C290C352DE3|facilities=9AA2BC9D9F9E0EC421FB7D23A9C9BF0BD5EDB59EB173A91CB27E6EB2655A1E07|grid_scores=F2B4631D6C4DB1C379BB9CAA13D29A9C055273F1C0D682BAC13EDD19C0A9E9BF|metrics_code=7A3920ABAC99C0EEE1FA013FF751C14428D5AA95E0F1F3F32FCED6B7A49541BA|model_spec=435B1018F2D35A2B421D1827A23C0DC739DC1F827F71189F8F818CE0B0C670E4|source_manifest=983711BFCB49D15F33641A807365C5022D2C4FFF285E36D669F2DD55BA01A039,population=4D1530F251B312CE6564BA5676093B1043057F46A0FE2A58CF2756AFC530DA7B|one_person=01923C6EBD7440771E4EBE20CAB0648355A18C09D198677C0E265F5E68406A7D|admdongkor_boundary=6A63D079BA8AF4701AB200AD0B54EBDEA8689808B6E0E9F17973B9BA7883DC6A|bus_stops=01B63929056B55D0A8FE372756942FB9A81A89CB121A0CDB1838DDE9ED8555BF|hira_hospital=458D04F264BFE005CB12078699156CA72AD47B52062E0F79B8140E2635086268|hira_pharmacy=65B2B1E7F65BF1EFAF20C826BC1FB03CC24B65B359F4B5B51E1A234B334505A4
4128557000,고양시 일산동구,마두2동,false,false,65,0.8,1,1,1,165.941699359426,265.361555803936,1.0.0,facility_grid_coverage_v1,goyang_mixed_20250825_20260630,population=2026-06-30|onePersonHouseholds=2026-06-30|hiraFacilities=2026-06-30|analysisBoundary=2026-04-01|busStops=2025-08-25,coverage 0~1 면적격자 비율; distance m; time min; speed m/s,coverage_t=100m 격자 중 nearest_facility_m <= t*60*0.8m/s 인 격자 비율; 그룹값은 동별 비율의 비가중 중앙값,면적격자 비율이며 주민·돌봄대상자 비율이 아니다. 직선보행 대리값으로 도로망·경사·대기·환승을 포함하지 않는다. 후보식에 시설거리가 포함되어 후보/비후보 차이는 독립 검증이 아니다.,area_adjacency=AF16E5259A667F45F5BF7F6B3DF3A22E1A4837C477F6B68DDC26CDCF60E2DFF0|area_scores=455106174A3E492D501F73B8BA55EFD1B7525656638E8109AE015C290C352DE3|facilities=9AA2BC9D9F9E0EC421FB7D23A9C9BF0BD5EDB59EB173A91CB27E6EB2655A1E07|grid_scores=F2B4631D6C4DB1C379BB9CAA13D29A9C055273F1C0D682BAC13EDD19C0A9E9BF|metrics_code=7A3920ABAC99C0EEE1FA013FF751C14428D5AA95E0F1F3F32FCED6B7A49541BA|model_spec=435B1018F2D35A2B421D1827A23C0DC739DC1F827F71189F8F818CE0B0C670E4|source_manifest=983711BFCB49D15F33641A807365C5022D2C4FFF285E36D669F2DD55BA01A039,population=4D1530F251B312CE6564BA5676093B1043057F46A0FE2A58CF2756AFC530DA7B|one_person=01923C6EBD7440771E4EBE20CAB0648355A18C09D198677C0E265F5E68406A7D|admdongkor_boundary=6A63D079BA8AF4701AB200AD0B54EBDEA8689808B6E0E9F17973B9BA7883DC6A|bus_stops=01B63929056B55D0A8FE372756942FB9A81A89CB121A0CDB1838DDE9ED8555BF|hira_hospital=458D04F264BFE005CB12078699156CA72AD47B52062E0F79B8140E2635086268|hira_pharmacy=65B2B1E7F65BF1EFAF20C826BC1FB03CC24B65B359F4B5B51E1A234B334505A4
4128558000,고양시 일산동구,장항1동,false,false,1031,0.0193986420950533,0.105722599418041,0.282250242483026,0.774005819592628,1056.61001735991,1733.79741118963,1.0.0,facility_grid_coverage_v1,goyang_mixed_20250825_20260630,population=2026-06-30|onePersonHouseholds=2026-06-30|hiraFacilities=2026-06-30|analysisBoundary=2026-04-01|busStops=2025-08-25,coverage 0~1 면적격자 비율; distance m; time min; speed m/s,coverage_t=100m 격자 중 nearest_facility_m <= t*60*0.8m/s 인 격자 비율; 그룹값은 동별 비율의 비가중 중앙값,면적격자 비율이며 주민·돌봄대상자 비율이 아니다. 직선보행 대리값으로 도로망·경사·대기·환승을 포함하지 않는다. 후보식에 시설거리가 포함되어 후보/비후보 차이는 독립 검증이 아니다.,area_adjacency=AF16E5259A667F45F5BF7F6B3DF3A22E1A4837C477F6B68DDC26CDCF60E2DFF0|area_scores=455106174A3E492D501F73B8BA55EFD1B7525656638E8109AE015C290C352DE3|facilities=9AA2BC9D9F9E0EC421FB7D23A9C9BF0BD5EDB59EB173A91CB27E6EB2655A1E07|grid_scores=F2B4631D6C4DB1C379BB9CAA13D29A9C055273F1C0D682BAC13EDD19C0A9E9BF|metrics_code=7A3920ABAC99C0EEE1FA013FF751C14428D5AA95E0F1F3F32FCED6B7A49541BA|model_spec=435B1018F2D35A2B421D1827A23C0DC739DC1F827F71189F8F818CE0B0C670E4|source_manifest=983711BFCB49D15F33641A807365C5022D2C4FFF285E36D669F2DD55BA01A039,population=4D1530F251B312CE6564BA5676093B1043057F46A0FE2A58CF2756AFC530DA7B|one_person=01923C6EBD7440771E4EBE20CAB0648355A18C09D198677C0E265F5E68406A7D|admdongkor_boundary=6A63D079BA8AF4701AB200AD0B54EBDEA8689808B6E0E9F17973B9BA7883DC6A|bus_stops=01B63929056B55D0A8FE372756942FB9A81A89CB121A0CDB1838DDE9ED8555BF|hira_hospital=458D04F264BFE005CB12078699156CA72AD47B52062E0F79B8140E2635086268|hira_pharmacy=65B2B1E7F65BF1EFAF20C826BC1FB03CC24B65B359F4B5B51E1A234B334505A4
4128559000,고양시 일산동구,장항2동,false,false,245,0.502040816326531,0.779591836734694,0.983673469387755,1,283.366140185935,593.185062717061,1.0.0,facility_grid_coverage_v1,goyang_mixed_20250825_20260630,population=2026-06-30|onePersonHouseholds=2026-06-30|hiraFacilities=2026-06-30|analysisBoundary=2026-04-01|busStops=2025-08-25,coverage 0~1 면적격자 비율; distance m; time min; speed m/s,coverage_t=100m 격자 중 nearest_facility_m <= t*60*0.8m/s 인 격자 비율; 그룹값은 동별 비율의 비가중 중앙값,면적격자 비율이며 주민·돌봄대상자 비율이 아니다. 직선보행 대리값으로 도로망·경사·대기·환승을 포함하지 않는다. 후보식에 시설거리가 포함되어 후보/비후보 차이는 독립 검증이 아니다.,area_adjacency=AF16E5259A667F45F5BF7F6B3DF3A22E1A4837C477F6B68DDC26CDCF60E2DFF0|area_scores=455106174A3E492D501F73B8BA55EFD1B7525656638E8109AE015C290C352DE3|facilities=9AA2BC9D9F9E0EC421FB7D23A9C9BF0BD5EDB59EB173A91CB27E6EB2655A1E07|grid_scores=F2B4631D6C4DB1C379BB9CAA13D29A9C055273F1C0D682BAC13EDD19C0A9E9BF|metrics_code=7A3920ABAC99C0EEE1FA013FF751C14428D5AA95E0F1F3F32FCED6B7A49541BA|model_spec=435B1018F2D35A2B421D1827A23C0DC739DC1F827F71189F8F818CE0B0C670E4|source_manifest=983711BFCB49D15F33641A807365C5022D2C4FFF285E36D669F2DD55BA01A039,population=4D1530F251B312CE6564BA5676093B1043057F46A0FE2A58CF2756AFC530DA7B|one_person=01923C6EBD7440771E4EBE20CAB0648355A18C09D198677C0E265F5E68406A7D|admdongkor_boundary=6A63D079BA8AF4701AB200AD0B54EBDEA8689808B6E0E9F17973B9BA7883DC6A|bus_stops=01B63929056B55D0A8FE372756942FB9A81A89CB121A0CDB1838DDE9ED8555BF|hira_hospital=458D04F264BFE005CB12078699156CA72AD47B52062E0F79B8140E2635086268|hira_pharmacy=65B2B1E7F65BF1EFAF20C826BC1FB03CC24B65B359F4B5B51E1A234B334505A4
4128560000,고양시 일산동구,고봉동,false,true,2514,0.0393794749403341,0.142402545743835,0.308671439936356,0.778042959427208,1019.35289579314,1741.1209810802,1.0.0,facility_grid_coverage_v1,goyang_mixed_20250825_20260630,population=2026-06-30|onePersonHouseholds=2026-06-30|hiraFacilities=2026-06-30|analysisBoundary=2026-04-01|busStops=2025-08-25,coverage 0~1 면적격자 비율; distance m; time min; speed m/s,coverage_t=100m 격자 중 nearest_facility_m <= t*60*0.8m/s 인 격자 비율; 그룹값은 동별 비율의 비가중 중앙값,면적격자 비율이며 주민·돌봄대상자 비율이 아니다. 직선보행 대리값으로 도로망·경사·대기·환승을 포함하지 않는다. 후보식에 시설거리가 포함되어 후보/비후보 차이는 독립 검증이 아니다.,area_adjacency=AF16E5259A667F45F5BF7F6B3DF3A22E1A4837C477F6B68DDC26CDCF60E2DFF0|area_scores=455106174A3E492D501F73B8BA55EFD1B7525656638E8109AE015C290C352DE3|facilities=9AA2BC9D9F9E0EC421FB7D23A9C9BF0BD5EDB59EB173A91CB27E6EB2655A1E07|grid_scores=F2B4631D6C4DB1C379BB9CAA13D29A9C055273F1C0D682BAC13EDD19C0A9E9BF|metrics_code=7A3920ABAC99C0EEE1FA013FF751C14428D5AA95E0F1F3F32FCED6B7A49541BA|model_spec=435B1018F2D35A2B421D1827A23C0DC739DC1F827F71189F8F818CE0B0C670E4|source_manifest=983711BFCB49D15F33641A807365C5022D2C4FFF285E36D669F2DD55BA01A039,population=4D1530F251B312CE6564BA5676093B1043057F46A0FE2A58CF2756AFC530DA7B|one_person=01923C6EBD7440771E4EBE20CAB0648355A18C09D198677C0E265F5E68406A7D|admdongkor_boundary=6A63D079BA8AF4701AB200AD0B54EBDEA8689808B6E0E9F17973B9BA7883DC6A|bus_stops=01B63929056B55D0A8FE372756942FB9A81A89CB121A0CDB1838DDE9ED8555BF|hira_hospital=458D04F264BFE005CB12078699156CA72AD47B52062E0F79B8140E2635086268|hira_pharmacy=65B2B1E7F65BF1EFAF20C826BC1FB03CC24B65B359F4B5B51E1A234B334505A4
4128751000,고양시 일산서구,일산1동,false,false,67,0.776119402985075,1,1,1,155.71190829337,263.220269537871,1.0.0,facility_grid_coverage_v1,goyang_mixed_20250825_20260630,population=2026-06-30|onePersonHouseholds=2026-06-30|hiraFacilities=2026-06-30|analysisBoundary=2026-04-01|busStops=2025-08-25,coverage 0~1 면적격자 비율; distance m; time min; speed m/s,coverage_t=100m 격자 중 nearest_facility_m <= t*60*0.8m/s 인 격자 비율; 그룹값은 동별 비율의 비가중 중앙값,면적격자 비율이며 주민·돌봄대상자 비율이 아니다. 직선보행 대리값으로 도로망·경사·대기·환승을 포함하지 않는다. 후보식에 시설거리가 포함되어 후보/비후보 차이는 독립 검증이 아니다.,area_adjacency=AF16E5259A667F45F5BF7F6B3DF3A22E1A4837C477F6B68DDC26CDCF60E2DFF0|area_scores=455106174A3E492D501F73B8BA55EFD1B7525656638E8109AE015C290C352DE3|facilities=9AA2BC9D9F9E0EC421FB7D23A9C9BF0BD5EDB59EB173A91CB27E6EB2655A1E07|grid_scores=F2B4631D6C4DB1C379BB9CAA13D29A9C055273F1C0D682BAC13EDD19C0A9E9BF|metrics_code=7A3920ABAC99C0EEE1FA013FF751C14428D5AA95E0F1F3F32FCED6B7A49541BA|model_spec=435B1018F2D35A2B421D1827A23C0DC739DC1F827F71189F8F818CE0B0C670E4|source_manifest=983711BFCB49D15F33641A807365C5022D2C4FFF285E36D669F2DD55BA01A039,population=4D1530F251B312CE6564BA5676093B1043057F46A0FE2A58CF2756AFC530DA7B|one_person=01923C6EBD7440771E4EBE20CAB0648355A18C09D198677C0E265F5E68406A7D|admdongkor_boundary=6A63D079BA8AF4701AB200AD0B54EBDEA8689808B6E0E9F17973B9BA7883DC6A|bus_stops=01B63929056B55D0A8FE372756942FB9A81A89CB121A0CDB1838DDE9ED8555BF|hira_hospital=458D04F264BFE005CB12078699156CA72AD47B52062E0F79B8140E2635086268|hira_pharmacy=65B2B1E7F65BF1EFAF20C826BC1FB03CC24B65B359F4B5B51E1A234B334505A4
4128752000,고양시 일산서구,일산2동,false,false,73,0.794520547945205,1,1,1,140.917239847072,295.801146048944,1.0.0,facility_grid_coverage_v1,goyang_mixed_20250825_20260630,population=2026-06-30|onePersonHouseholds=2026-06-30|hiraFacilities=2026-06-30|analysisBoundary=2026-04-01|busStops=2025-08-25,coverage 0~1 면적격자 비율; distance m; time min; speed m/s,coverage_t=100m 격자 중 nearest_facility_m <= t*60*0.8m/s 인 격자 비율; 그룹값은 동별 비율의 비가중 중앙값,면적격자 비율이며 주민·돌봄대상자 비율이 아니다. 직선보행 대리값으로 도로망·경사·대기·환승을 포함하지 않는다. 후보식에 시설거리가 포함되어 후보/비후보 차이는 독립 검증이 아니다.,area_adjacency=AF16E5259A667F45F5BF7F6B3DF3A22E1A4837C477F6B68DDC26CDCF60E2DFF0|area_scores=455106174A3E492D501F73B8BA55EFD1B7525656638E8109AE015C290C352DE3|facilities=9AA2BC9D9F9E0EC421FB7D23A9C9BF0BD5EDB59EB173A91CB27E6EB2655A1E07|grid_scores=F2B4631D6C4DB1C379BB9CAA13D29A9C055273F1C0D682BAC13EDD19C0A9E9BF|metrics_code=7A3920ABAC99C0EEE1FA013FF751C14428D5AA95E0F1F3F32FCED6B7A49541BA|model_spec=435B1018F2D35A2B421D1827A23C0DC739DC1F827F71189F8F818CE0B0C670E4|source_manifest=983711BFCB49D15F33641A807365C5022D2C4FFF285E36D669F2DD55BA01A039,population=4D1530F251B312CE6564BA5676093B1043057F46A0FE2A58CF2756AFC530DA7B|one_person=01923C6EBD7440771E4EBE20CAB0648355A18C09D198677C0E265F5E68406A7D|admdongkor_boundary=6A63D079BA8AF4701AB200AD0B54EBDEA8689808B6E0E9F17973B9BA7883DC6A|bus_stops=01B63929056B55D0A8FE372756942FB9A81A89CB121A0CDB1838DDE9ED8555BF|hira_hospital=458D04F264BFE005CB12078699156CA72AD47B52062E0F79B8140E2635086268|hira_pharmacy=65B2B1E7F65BF1EFAF20C826BC1FB03CC24B65B359F4B5B51E1A234B334505A4
4128753000,고양시 일산서구,일산3동,false,false,115,0.591304347826087,1,1,1,211.868579075593,357.178756151378,1.0.0,facility_grid_coverage_v1,goyang_mixed_20250825_20260630,population=2026-06-30|onePersonHouseholds=2026-06-30|hiraFacilities=2026-06-30|analysisBoundary=2026-04-01|busStops=2025-08-25,coverage 0~1 면적격자 비율; distance m; time min; speed m/s,coverage_t=100m 격자 중 nearest_facility_m <= t*60*0.8m/s 인 격자 비율; 그룹값은 동별 비율의 비가중 중앙값,면적격자 비율이며 주민·돌봄대상자 비율이 아니다. 직선보행 대리값으로 도로망·경사·대기·환승을 포함하지 않는다. 후보식에 시설거리가 포함되어 후보/비후보 차이는 독립 검증이 아니다.,area_adjacency=AF16E5259A667F45F5BF7F6B3DF3A22E1A4837C477F6B68DDC26CDCF60E2DFF0|area_scores=455106174A3E492D501F73B8BA55EFD1B7525656638E8109AE015C290C352DE3|facilities=9AA2BC9D9F9E0EC421FB7D23A9C9BF0BD5EDB59EB173A91CB27E6EB2655A1E07|grid_scores=F2B4631D6C4DB1C379BB9CAA13D29A9C055273F1C0D682BAC13EDD19C0A9E9BF|metrics_code=7A3920ABAC99C0EEE1FA013FF751C14428D5AA95E0F1F3F32FCED6B7A49541BA|model_spec=435B1018F2D35A2B421D1827A23C0DC739DC1F827F71189F8F818CE0B0C670E4|source_manifest=983711BFCB49D15F33641A807365C5022D2C4FFF285E36D669F2DD55BA01A039,population=4D1530F251B312CE6564BA5676093B1043057F46A0FE2A58CF2756AFC530DA7B|one_person=01923C6EBD7440771E4EBE20CAB0648355A18C09D198677C0E265F5E68406A7D|admdongkor_boundary=6A63D079BA8AF4701AB200AD0B54EBDEA8689808B6E0E9F17973B9BA7883DC6A|bus_stops=01B63929056B55D0A8FE372756942FB9A81A89CB121A0CDB1838DDE9ED8555BF|hira_hospital=458D04F264BFE005CB12078699156CA72AD47B52062E0F79B8140E2635086268|hira_pharmacy=65B2B1E7F65BF1EFAF20C826BC1FB03CC24B65B359F4B5B51E1A234B334505A4
4128754500,고양시 일산서구,탄현1동,false,false,94,0.936170212765957,1,1,1,120.480696187603,189.676346690445,1.0.0,facility_grid_coverage_v1,goyang_mixed_20250825_20260630,population=2026-06-30|onePersonHouseholds=2026-06-30|hiraFacilities=2026-06-30|analysisBoundary=2026-04-01|busStops=2025-08-25,coverage 0~1 면적격자 비율; distance m; time min; speed m/s,coverage_t=100m 격자 중 nearest_facility_m <= t*60*0.8m/s 인 격자 비율; 그룹값은 동별 비율의 비가중 중앙값,면적격자 비율이며 주민·돌봄대상자 비율이 아니다. 직선보행 대리값으로 도로망·경사·대기·환승을 포함하지 않는다. 후보식에 시설거리가 포함되어 후보/비후보 차이는 독립 검증이 아니다.,area_adjacency=AF16E5259A667F45F5BF7F6B3DF3A22E1A4837C477F6B68DDC26CDCF60E2DFF0|area_scores=455106174A3E492D501F73B8BA55EFD1B7525656638E8109AE015C290C352DE3|facilities=9AA2BC9D9F9E0EC421FB7D23A9C9BF0BD5EDB59EB173A91CB27E6EB2655A1E07|grid_scores=F2B4631D6C4DB1C379BB9CAA13D29A9C055273F1C0D682BAC13EDD19C0A9E9BF|metrics_code=7A3920ABAC99C0EEE1FA013FF751C14428D5AA95E0F1F3F32FCED6B7A49541BA|model_spec=435B1018F2D35A2B421D1827A23C0DC739DC1F827F71189F8F818CE0B0C670E4|source_manifest=983711BFCB49D15F33641A807365C5022D2C4FFF285E36D669F2DD55BA01A039,population=4D1530F251B312CE6564BA5676093B1043057F46A0FE2A58CF2756AFC530DA7B|one_person=01923C6EBD7440771E4EBE20CAB0648355A18C09D198677C0E265F5E68406A7D|admdongkor_boundary=6A63D079BA8AF4701AB200AD0B54EBDEA8689808B6E0E9F17973B9BA7883DC6A|bus_stops=01B63929056B55D0A8FE372756942FB9A81A89CB121A0CDB1838DDE9ED8555BF|hira_hospital=458D04F264BFE005CB12078699156CA72AD47B52062E0F79B8140E2635086268|hira_pharmacy=65B2B1E7F65BF1EFAF20C826BC1FB03CC24B65B359F4B5B51E1A234B334505A4
4128754600,고양시 일산서구,탄현2동,false,false,125,0.44,0.944,1,1,267.620267811682,434.662548983705,1.0.0,facility_grid_coverage_v1,goyang_mixed_20250825_20260630,population=2026-06-30|onePersonHouseholds=2026-06-30|hiraFacilities=2026-06-30|analysisBoundary=2026-04-01|busStops=2025-08-25,coverage 0~1 면적격자 비율; distance m; time min; speed m/s,coverage_t=100m 격자 중 nearest_facility_m <= t*60*0.8m/s 인 격자 비율; 그룹값은 동별 비율의 비가중 중앙값,면적격자 비율이며 주민·돌봄대상자 비율이 아니다. 직선보행 대리값으로 도로망·경사·대기·환승을 포함하지 않는다. 후보식에 시설거리가 포함되어 후보/비후보 차이는 독립 검증이 아니다.,area_adjacency=AF16E5259A667F45F5BF7F6B3DF3A22E1A4837C477F6B68DDC26CDCF60E2DFF0|area_scores=455106174A3E492D501F73B8BA55EFD1B7525656638E8109AE015C290C352DE3|facilities=9AA2BC9D9F9E0EC421FB7D23A9C9BF0BD5EDB59EB173A91CB27E6EB2655A1E07|grid_scores=F2B4631D6C4DB1C379BB9CAA13D29A9C055273F1C0D682BAC13EDD19C0A9E9BF|metrics_code=7A3920ABAC99C0EEE1FA013FF751C14428D5AA95E0F1F3F32FCED6B7A49541BA|model_spec=435B1018F2D35A2B421D1827A23C0DC739DC1F827F71189F8F818CE0B0C670E4|source_manifest=983711BFCB49D15F33641A807365C5022D2C4FFF285E36D669F2DD55BA01A039,population=4D1530F251B312CE6564BA5676093B1043057F46A0FE2A58CF2756AFC530DA7B|one_person=01923C6EBD7440771E4EBE20CAB0648355A18C09D198677C0E265F5E68406A7D|admdongkor_boundary=6A63D079BA8AF4701AB200AD0B54EBDEA8689808B6E0E9F17973B9BA7883DC6A|bus_stops=01B63929056B55D0A8FE372756942FB9A81A89CB121A0CDB1838DDE9ED8555BF|hira_hospital=458D04F264BFE005CB12078699156CA72AD47B52062E0F79B8140E2635086268|hira_pharmacy=65B2B1E7F65BF1EFAF20C826BC1FB03CC24B65B359F4B5B51E1A234B334505A4
4128755000,고양시 일산서구,주엽1동,false,false,94,0.638297872340426,1,1,1,192.077809280482,341.90503433929,1.0.0,facility_grid_coverage_v1,goyang_mixed_20250825_20260630,population=2026-06-30|onePersonHouseholds=2026-06-30|hiraFacilities=2026-06-30|analysisBoundary=2026-04-01|busStops=2025-08-25,coverage 0~1 면적격자 비율; distance m; time min; speed m/s,coverage_t=100m 격자 중 nearest_facility_m <= t*60*0.8m/s 인 격자 비율; 그룹값은 동별 비율의 비가중 중앙값,면적격자 비율이며 주민·돌봄대상자 비율이 아니다. 직선보행 대리값으로 도로망·경사·대기·환승을 포함하지 않는다. 후보식에 시설거리가 포함되어 후보/비후보 차이는 독립 검증이 아니다.,area_adjacency=AF16E5259A667F45F5BF7F6B3DF3A22E1A4837C477F6B68DDC26CDCF60E2DFF0|area_scores=455106174A3E492D501F73B8BA55EFD1B7525656638E8109AE015C290C352DE3|facilities=9AA2BC9D9F9E0EC421FB7D23A9C9BF0BD5EDB59EB173A91CB27E6EB2655A1E07|grid_scores=F2B4631D6C4DB1C379BB9CAA13D29A9C055273F1C0D682BAC13EDD19C0A9E9BF|metrics_code=7A3920ABAC99C0EEE1FA013FF751C14428D5AA95E0F1F3F32FCED6B7A49541BA|model_spec=435B1018F2D35A2B421D1827A23C0DC739DC1F827F71189F8F818CE0B0C670E4|source_manifest=983711BFCB49D15F33641A807365C5022D2C4FFF285E36D669F2DD55BA01A039,population=4D1530F251B312CE6564BA5676093B1043057F46A0FE2A58CF2756AFC530DA7B|one_person=01923C6EBD7440771E4EBE20CAB0648355A18C09D198677C0E265F5E68406A7D|admdongkor_boundary=6A63D079BA8AF4701AB200AD0B54EBDEA8689808B6E0E9F17973B9BA7883DC6A|bus_stops=01B63929056B55D0A8FE372756942FB9A81A89CB121A0CDB1838DDE9ED8555BF|hira_hospital=458D04F264BFE005CB12078699156CA72AD47B52062E0F79B8140E2635086268|hira_pharmacy=65B2B1E7F65BF1EFAF20C826BC1FB03CC24B65B359F4B5B51E1A234B334505A4
4128756000,고양시 일산서구,주엽2동,false,false,97,0.835051546391753,1,1,1,159.719098456107,277.984212249033,1.0.0,facility_grid_coverage_v1,goyang_mixed_20250825_20260630,population=2026-06-30|onePersonHouseholds=2026-06-30|hiraFacilities=2026-06-30|analysisBoundary=2026-04-01|busStops=2025-08-25,coverage 0~1 면적격자 비율; distance m; time min; speed m/s,coverage_t=100m 격자 중 nearest_facility_m <= t*60*0.8m/s 인 격자 비율; 그룹값은 동별 비율의 비가중 중앙값,면적격자 비율이며 주민·돌봄대상자 비율이 아니다. 직선보행 대리값으로 도로망·경사·대기·환승을 포함하지 않는다. 후보식에 시설거리가 포함되어 후보/비후보 차이는 독립 검증이 아니다.,area_adjacency=AF16E5259A667F45F5BF7F6B3DF3A22E1A4837C477F6B68DDC26CDCF60E2DFF0|area_scores=455106174A3E492D501F73B8BA55EFD1B7525656638E8109AE015C290C352DE3|facilities=9AA2BC9D9F9E0EC421FB7D23A9C9BF0BD5EDB59EB173A91CB27E6EB2655A1E07|grid_scores=F2B4631D6C4DB1C379BB9CAA13D29A9C055273F1C0D682BAC13EDD19C0A9E9BF|metrics_code=7A3920ABAC99C0EEE1FA013FF751C14428D5AA95E0F1F3F32FCED6B7A49541BA|model_spec=435B1018F2D35A2B421D1827A23C0DC739DC1F827F71189F8F818CE0B0C670E4|source_manifest=983711BFCB49D15F33641A807365C5022D2C4FFF285E36D669F2DD55BA01A039,population=4D1530F251B312CE6564BA5676093B1043057F46A0FE2A58CF2756AFC530DA7B|one_person=01923C6EBD7440771E4EBE20CAB0648355A18C09D198677C0E265F5E68406A7D|admdongkor_boundary=6A63D079BA8AF4701AB200AD0B54EBDEA8689808B6E0E9F17973B9BA7883DC6A|bus_stops=01B63929056B55D0A8FE372756942FB9A81A89CB121A0CDB1838DDE9ED8555BF|hira_hospital=458D04F264BFE005CB12078699156CA72AD47B52062E0F79B8140E2635086268|hira_pharmacy=65B2B1E7F65BF1EFAF20C826BC1FB03CC24B65B359F4B5B51E1A234B334505A4
4128757000,고양시 일산서구,대화동,false,false,432,0.439814814814815,0.849537037037037,0.99537037037037,1,289.258239052582,525.537559382866,1.0.0,facility_grid_coverage_v1,goyang_mixed_20250825_20260630,population=2026-06-30|onePersonHouseholds=2026-06-30|hiraFacilities=2026-06-30|analysisBoundary=2026-04-01|busStops=2025-08-25,coverage 0~1 면적격자 비율; distance m; time min; speed m/s,coverage_t=100m 격자 중 nearest_facility_m <= t*60*0.8m/s 인 격자 비율; 그룹값은 동별 비율의 비가중 중앙값,면적격자 비율이며 주민·돌봄대상자 비율이 아니다. 직선보행 대리값으로 도로망·경사·대기·환승을 포함하지 않는다. 후보식에 시설거리가 포함되어 후보/비후보 차이는 독립 검증이 아니다.,area_adjacency=AF16E5259A667F45F5BF7F6B3DF3A22E1A4837C477F6B68DDC26CDCF60E2DFF0|area_scores=455106174A3E492D501F73B8BA55EFD1B7525656638E8109AE015C290C352DE3|facilities=9AA2BC9D9F9E0EC421FB7D23A9C9BF0BD5EDB59EB173A91CB27E6EB2655A1E07|grid_scores=F2B4631D6C4DB1C379BB9CAA13D29A9C055273F1C0D682BAC13EDD19C0A9E9BF|metrics_code=7A3920ABAC99C0EEE1FA013FF751C14428D5AA95E0F1F3F32FCED6B7A49541BA|model_spec=435B1018F2D35A2B421D1827A23C0DC739DC1F827F71189F8F818CE0B0C670E4|source_manifest=983711BFCB49D15F33641A807365C5022D2C4FFF285E36D669F2DD55BA01A039,population=4D1530F251B312CE6564BA5676093B1043057F46A0FE2A58CF2756AFC530DA7B|one_person=01923C6EBD7440771E4EBE20CAB0648355A18C09D198677C0E265F5E68406A7D|admdongkor_boundary=6A63D079BA8AF4701AB200AD0B54EBDEA8689808B6E0E9F17973B9BA7883DC6A|bus_stops=01B63929056B55D0A8FE372756942FB9A81A89CB121A0CDB1838DDE9ED8555BF|hira_hospital=458D04F264BFE005CB12078699156CA72AD47B52062E0F79B8140E2635086268|hira_pharmacy=65B2B1E7F65BF1EFAF20C826BC1FB03CC24B65B359F4B5B51E1A234B334505A4
4128758000,고양시 일산서구,송포동,true,false,1399,0.0428877769835597,0.114367405289492,0.220157255182273,0.523945675482487,1437.36042841299,2507.17152966733,1.0.0,facility_grid_coverage_v1,goyang_mixed_20250825_20260630,population=2026-06-30|onePersonHouseholds=2026-06-30|hiraFacilities=2026-06-30|analysisBoundary=2026-04-01|busStops=2025-08-25,coverage 0~1 면적격자 비율; distance m; time min; speed m/s,coverage_t=100m 격자 중 nearest_facility_m <= t*60*0.8m/s 인 격자 비율; 그룹값은 동별 비율의 비가중 중앙값,면적격자 비율이며 주민·돌봄대상자 비율이 아니다. 직선보행 대리값으로 도로망·경사·대기·환승을 포함하지 않는다. 후보식에 시설거리가 포함되어 후보/비후보 차이는 독립 검증이 아니다.,area_adjacency=AF16E5259A667F45F5BF7F6B3DF3A22E1A4837C477F6B68DDC26CDCF60E2DFF0|area_scores=455106174A3E492D501F73B8BA55EFD1B7525656638E8109AE015C290C352DE3|facilities=9AA2BC9D9F9E0EC421FB7D23A9C9BF0BD5EDB59EB173A91CB27E6EB2655A1E07|grid_scores=F2B4631D6C4DB1C379BB9CAA13D29A9C055273F1C0D682BAC13EDD19C0A9E9BF|metrics_code=7A3920ABAC99C0EEE1FA013FF751C14428D5AA95E0F1F3F32FCED6B7A49541BA|model_spec=435B1018F2D35A2B421D1827A23C0DC739DC1F827F71189F8F818CE0B0C670E4|source_manifest=983711BFCB49D15F33641A807365C5022D2C4FFF285E36D669F2DD55BA01A039,population=4D1530F251B312CE6564BA5676093B1043057F46A0FE2A58CF2756AFC530DA7B|one_person=01923C6EBD7440771E4EBE20CAB0648355A18C09D198677C0E265F5E68406A7D|admdongkor_boundary=6A63D079BA8AF4701AB200AD0B54EBDEA8689808B6E0E9F17973B9BA7883DC6A|bus_stops=01B63929056B55D0A8FE372756942FB9A81A89CB121A0CDB1838DDE9ED8555BF|hira_hospital=458D04F264BFE005CB12078699156CA72AD47B52062E0F79B8140E2635086268|hira_pharmacy=65B2B1E7F65BF1EFAF20C826BC1FB03CC24B65B359F4B5B51E1A234B334505A4
4128760000,고양시 일산서구,덕이동,false,false,541,0.21996303142329,0.508317929759704,0.746765249537893,1,496.312537543319,866.061900145344,1.0.0,facility_grid_coverage_v1,goyang_mixed_20250825_20260630,population=2026-06-30|onePersonHouseholds=2026-06-30|hiraFacilities=2026-06-30|analysisBoundary=2026-04-01|busStops=2025-08-25,coverage 0~1 면적격자 비율; distance m; time min; speed m/s,coverage_t=100m 격자 중 nearest_facility_m <= t*60*0.8m/s 인 격자 비율; 그룹값은 동별 비율의 비가중 중앙값,면적격자 비율이며 주민·돌봄대상자 비율이 아니다. 직선보행 대리값으로 도로망·경사·대기·환승을 포함하지 않는다. 후보식에 시설거리가 포함되어 후보/비후보 차이는 독립 검증이 아니다.,area_adjacency=AF16E5259A667F45F5BF7F6B3DF3A22E1A4837C477F6B68DDC26CDCF60E2DFF0|area_scores=455106174A3E492D501F73B8BA55EFD1B7525656638E8109AE015C290C352DE3|facilities=9AA2BC9D9F9E0EC421FB7D23A9C9BF0BD5EDB59EB173A91CB27E6EB2655A1E07|grid_scores=F2B4631D6C4DB1C379BB9CAA13D29A9C055273F1C0D682BAC13EDD19C0A9E9BF|metrics_code=7A3920ABAC99C0EEE1FA013FF751C14428D5AA95E0F1F3F32FCED6B7A49541BA|model_spec=435B1018F2D35A2B421D1827A23C0DC739DC1F827F71189F8F818CE0B0C670E4|source_manifest=983711BFCB49D15F33641A807365C5022D2C4FFF285E36D669F2DD55BA01A039,population=4D1530F251B312CE6564BA5676093B1043057F46A0FE2A58CF2756AFC530DA7B|one_person=01923C6EBD7440771E4EBE20CAB0648355A18C09D198677C0E265F5E68406A7D|admdongkor_boundary=6A63D079BA8AF4701AB200AD0B54EBDEA8689808B6E0E9F17973B9BA7883DC6A|bus_stops=01B63929056B55D0A8FE372756942FB9A81A89CB121A0CDB1838DDE9ED8555BF|hira_hospital=458D04F264BFE005CB12078699156CA72AD47B52062E0F79B8140E2635086268|hira_pharmacy=65B2B1E7F65BF1EFAF20C826BC1FB03CC24B65B359F4B5B51E1A234B334505A4
4128761000,고양시 일산서구,가좌동,true,false,1278,0.0422535211267606,0.122065727699531,0.190923317683881,0.374021909233177,2160.78036338123,3958.31311269787,1.0.0,facility_grid_coverage_v1,goyang_mixed_20250825_20260630,population=2026-06-30|onePersonHouseholds=2026-06-30|hiraFacilities=2026-06-30|analysisBoundary=2026-04-01|busStops=2025-08-25,coverage 0~1 면적격자 비율; distance m; time min; speed m/s,coverage_t=100m 격자 중 nearest_facility_m <= t*60*0.8m/s 인 격자 비율; 그룹값은 동별 비율의 비가중 중앙값,면적격자 비율이며 주민·돌봄대상자 비율이 아니다. 직선보행 대리값으로 도로망·경사·대기·환승을 포함하지 않는다. 후보식에 시설거리가 포함되어 후보/비후보 차이는 독립 검증이 아니다.,area_adjacency=AF16E5259A667F45F5BF7F6B3DF3A22E1A4837C477F6B68DDC26CDCF60E2DFF0|area_scores=455106174A3E492D501F73B8BA55EFD1B7525656638E8109AE015C290C352DE3|facilities=9AA2BC9D9F9E0EC421FB7D23A9C9BF0BD5EDB59EB173A91CB27E6EB2655A1E07|grid_scores=F2B4631D6C4DB1C379BB9CAA13D29A9C055273F1C0D682BAC13EDD19C0A9E9BF|metrics_code=7A3920ABAC99C0EEE1FA013FF751C14428D5AA95E0F1F3F32FCED6B7A49541BA|model_spec=435B1018F2D35A2B421D1827A23C0DC739DC1F827F71189F8F818CE0B0C670E4|source_manifest=983711BFCB49D15F33641A807365C5022D2C4FFF285E36D669F2DD55BA01A039,population=4D1530F251B312CE6564BA5676093B1043057F46A0FE2A58CF2756AFC530DA7B|one_person=01923C6EBD7440771E4EBE20CAB0648355A18C09D198677C0E265F5E68406A7D|admdongkor_boundary=6A63D079BA8AF4701AB200AD0B54EBDEA8689808B6E0E9F17973B9BA7883DC6A|bus_stops=01B63929056B55D0A8FE372756942FB9A81A89CB121A0CDB1838DDE9ED8555BF|hira_hospital=458D04F264BFE005CB12078699156CA72AD47B52062E0F79B8140E2635086268|hira_pharmacy=65B2B1E7F65BF1EFAF20C826BC1FB03CC24B65B359F4B5B51E1A234B334505A4
