code,dong,baselineCandidate,inclusionCount,inclusionShare,includedScenarioIds,minRank,medianRank,maxRank,stabilityClass,artifact_schema_version,analysis_id,snapshot_id,source_dates,unit_definition,formula,limitation,input_sha256,raw_source_sha256
4128151000,주교동,true,3,0.75,"[""baseline"",""remove_explicit_facility"",""remove_bus_and_explicit_facility""]",1,6,9,conditional_baseline,1.1.0,dss_top_level_component_ablation_v1,goyang_mixed_20250825_20260630,population=2026-06-30|onePersonHouseholds=2026-06-30|hiraFacilities=2026-06-30|analysisBoundary=2026-04-01|busStops=2025-08-25,가중치 0~1; Jaccard 0~1; 포함수 0~4; 순위 1~41; 동 집합,"44동에서 z(CAG), z(bus inefficiency), z(explicit facility distance)를 고정하고; 제거 항의 가중치를 0으로 만든 뒤 남은 기준가중치 비율을 합계 1로 재정규화; 현행 비교 3동은 top8에서 제외",상위 DSS 항의 기술적 ablation이며 인과효과·최적 명세를 뜻하지 않는다. 특히 CAG=demand-RI라서 명시적 의료거리 항을 제거해도 CAG 내부 시설접근성 RI는 남는다. 4개 명세 포함수는 선정확률이 아니다.,area_adjacency=AF16E5259A667F45F5BF7F6B3DF3A22E1A4837C477F6B68DDC26CDCF60E2DFF0|area_scores=455106174A3E492D501F73B8BA55EFD1B7525656638E8109AE015C290C352DE3|bus_stops=BBA5AC0E8F29538F42373B1789179B5B9D2CF0186E0D3A618537C83B74B628D5|facilities=9AA2BC9D9F9E0EC421FB7D23A9C9BF0BD5EDB59EB173A91CB27E6EB2655A1E07|grid_scores=F2B4631D6C4DB1C379BB9CAA13D29A9C055273F1C0D682BAC13EDD19C0A9E9BF|metrics_code=7A3920ABAC99C0EEE1FA013FF751C14428D5AA95E0F1F3F32FCED6B7A49541BA|model_spec=435B1018F2D35A2B421D1827A23C0DC739DC1F827F71189F8F818CE0B0C670E4|source_manifest=983711BFCB49D15F33641A807365C5022D2C4FFF285E36D669F2DD55BA01A039,population=4D1530F251B312CE6564BA5676093B1043057F46A0FE2A58CF2756AFC530DA7B|one_person=01923C6EBD7440771E4EBE20CAB0648355A18C09D198677C0E265F5E68406A7D|admdongkor_boundary=6A63D079BA8AF4701AB200AD0B54EBDEA8689808B6E0E9F17973B9BA7883DC6A|bus_stops=01B63929056B55D0A8FE372756942FB9A81A89CB121A0CDB1838DDE9ED8555BF|hira_hospital=458D04F264BFE005CB12078699156CA72AD47B52062E0F79B8140E2635086268|hira_pharmacy=65B2B1E7F65BF1EFAF20C826BC1FB03CC24B65B359F4B5B51E1A234B334505A4
4128152000,원신동,false,0,0,[],10,16,17,never_top8,1.1.0,dss_top_level_component_ablation_v1,goyang_mixed_20250825_20260630,population=2026-06-30|onePersonHouseholds=2026-06-30|hiraFacilities=2026-06-30|analysisBoundary=2026-04-01|busStops=2025-08-25,가중치 0~1; Jaccard 0~1; 포함수 0~4; 순위 1~41; 동 집합,"44동에서 z(CAG), z(bus inefficiency), z(explicit facility distance)를 고정하고; 제거 항의 가중치를 0으로 만든 뒤 남은 기준가중치 비율을 합계 1로 재정규화; 현행 비교 3동은 top8에서 제외",상위 DSS 항의 기술적 ablation이며 인과효과·최적 명세를 뜻하지 않는다. 특히 CAG=demand-RI라서 명시적 의료거리 항을 제거해도 CAG 내부 시설접근성 RI는 남는다. 4개 명세 포함수는 선정확률이 아니다.,area_adjacency=AF16E5259A667F45F5BF7F6B3DF3A22E1A4837C477F6B68DDC26CDCF60E2DFF0|area_scores=455106174A3E492D501F73B8BA55EFD1B7525656638E8109AE015C290C352DE3|bus_stops=BBA5AC0E8F29538F42373B1789179B5B9D2CF0186E0D3A618537C83B74B628D5|facilities=9AA2BC9D9F9E0EC421FB7D23A9C9BF0BD5EDB59EB173A91CB27E6EB2655A1E07|grid_scores=F2B4631D6C4DB1C379BB9CAA13D29A9C055273F1C0D682BAC13EDD19C0A9E9BF|metrics_code=7A3920ABAC99C0EEE1FA013FF751C14428D5AA95E0F1F3F32FCED6B7A49541BA|model_spec=435B1018F2D35A2B421D1827A23C0DC739DC1F827F71189F8F818CE0B0C670E4|source_manifest=983711BFCB49D15F33641A807365C5022D2C4FFF285E36D669F2DD55BA01A039,population=4D1530F251B312CE6564BA5676093B1043057F46A0FE2A58CF2756AFC530DA7B|one_person=01923C6EBD7440771E4EBE20CAB0648355A18C09D198677C0E265F5E68406A7D|admdongkor_boundary=6A63D079BA8AF4701AB200AD0B54EBDEA8689808B6E0E9F17973B9BA7883DC6A|bus_stops=01B63929056B55D0A8FE372756942FB9A81A89CB121A0CDB1838DDE9ED8555BF|hira_hospital=458D04F264BFE005CB12078699156CA72AD47B52062E0F79B8140E2635086268|hira_pharmacy=65B2B1E7F65BF1EFAF20C826BC1FB03CC24B65B359F4B5B51E1A234B334505A4
4128153000,흥도동,false,0,0,[],23,27.5,28,never_top8,1.1.0,dss_top_level_component_ablation_v1,goyang_mixed_20250825_20260630,population=2026-06-30|onePersonHouseholds=2026-06-30|hiraFacilities=2026-06-30|analysisBoundary=2026-04-01|busStops=2025-08-25,가중치 0~1; Jaccard 0~1; 포함수 0~4; 순위 1~41; 동 집합,"44동에서 z(CAG), z(bus inefficiency), z(explicit facility distance)를 고정하고; 제거 항의 가중치를 0으로 만든 뒤 남은 기준가중치 비율을 합계 1로 재정규화; 현행 비교 3동은 top8에서 제외",상위 DSS 항의 기술적 ablation이며 인과효과·최적 명세를 뜻하지 않는다. 특히 CAG=demand-RI라서 명시적 의료거리 항을 제거해도 CAG 내부 시설접근성 RI는 남는다. 4개 명세 포함수는 선정확률이 아니다.,area_adjacency=AF16E5259A667F45F5BF7F6B3DF3A22E1A4837C477F6B68DDC26CDCF60E2DFF0|area_scores=455106174A3E492D501F73B8BA55EFD1B7525656638E8109AE015C290C352DE3|bus_stops=BBA5AC0E8F29538F42373B1789179B5B9D2CF0186E0D3A618537C83B74B628D5|facilities=9AA2BC9D9F9E0EC421FB7D23A9C9BF0BD5EDB59EB173A91CB27E6EB2655A1E07|grid_scores=F2B4631D6C4DB1C379BB9CAA13D29A9C055273F1C0D682BAC13EDD19C0A9E9BF|metrics_code=7A3920ABAC99C0EEE1FA013FF751C14428D5AA95E0F1F3F32FCED6B7A49541BA|model_spec=435B1018F2D35A2B421D1827A23C0DC739DC1F827F71189F8F818CE0B0C670E4|source_manifest=983711BFCB49D15F33641A807365C5022D2C4FFF285E36D669F2DD55BA01A039,population=4D1530F251B312CE6564BA5676093B1043057F46A0FE2A58CF2756AFC530DA7B|one_person=01923C6EBD7440771E4EBE20CAB0648355A18C09D198677C0E265F5E68406A7D|admdongkor_boundary=6A63D079BA8AF4701AB200AD0B54EBDEA8689808B6E0E9F17973B9BA7883DC6A|bus_stops=01B63929056B55D0A8FE372756942FB9A81A89CB121A0CDB1838DDE9ED8555BF|hira_hospital=458D04F264BFE005CB12078699156CA72AD47B52062E0F79B8140E2635086268|hira_pharmacy=65B2B1E7F65BF1EFAF20C826BC1FB03CC24B65B359F4B5B51E1A234B334505A4
4128154000,성사1동,false,0,0,[],11,12.5,15,never_top8,1.1.0,dss_top_level_component_ablation_v1,goyang_mixed_20250825_20260630,population=2026-06-30|onePersonHouseholds=2026-06-30|hiraFacilities=2026-06-30|analysisBoundary=2026-04-01|busStops=2025-08-25,가중치 0~1; Jaccard 0~1; 포함수 0~4; 순위 1~41; 동 집합,"44동에서 z(CAG), z(bus inefficiency), z(explicit facility distance)를 고정하고; 제거 항의 가중치를 0으로 만든 뒤 남은 기준가중치 비율을 합계 1로 재정규화; 현행 비교 3동은 top8에서 제외",상위 DSS 항의 기술적 ablation이며 인과효과·최적 명세를 뜻하지 않는다. 특히 CAG=demand-RI라서 명시적 의료거리 항을 제거해도 CAG 내부 시설접근성 RI는 남는다. 4개 명세 포함수는 선정확률이 아니다.,area_adjacency=AF16E5259A667F45F5BF7F6B3DF3A22E1A4837C477F6B68DDC26CDCF60E2DFF0|area_scores=455106174A3E492D501F73B8BA55EFD1B7525656638E8109AE015C290C352DE3|bus_stops=BBA5AC0E8F29538F42373B1789179B5B9D2CF0186E0D3A618537C83B74B628D5|facilities=9AA2BC9D9F9E0EC421FB7D23A9C9BF0BD5EDB59EB173A91CB27E6EB2655A1E07|grid_scores=F2B4631D6C4DB1C379BB9CAA13D29A9C055273F1C0D682BAC13EDD19C0A9E9BF|metrics_code=7A3920ABAC99C0EEE1FA013FF751C14428D5AA95E0F1F3F32FCED6B7A49541BA|model_spec=435B1018F2D35A2B421D1827A23C0DC739DC1F827F71189F8F818CE0B0C670E4|source_manifest=983711BFCB49D15F33641A807365C5022D2C4FFF285E36D669F2DD55BA01A039,population=4D1530F251B312CE6564BA5676093B1043057F46A0FE2A58CF2756AFC530DA7B|one_person=01923C6EBD7440771E4EBE20CAB0648355A18C09D198677C0E265F5E68406A7D|admdongkor_boundary=6A63D079BA8AF4701AB200AD0B54EBDEA8689808B6E0E9F17973B9BA7883DC6A|bus_stops=01B63929056B55D0A8FE372756942FB9A81A89CB121A0CDB1838DDE9ED8555BF|hira_hospital=458D04F264BFE005CB12078699156CA72AD47B52062E0F79B8140E2635086268|hira_pharmacy=65B2B1E7F65BF1EFAF20C826BC1FB03CC24B65B359F4B5B51E1A234B334505A4
4128155000,성사2동,false,3,0.75,"[""remove_bus"",""remove_explicit_facility"",""remove_bus_and_explicit_facility""]",2,5.5,9,alternative_entry,1.1.0,dss_top_level_component_ablation_v1,goyang_mixed_20250825_20260630,population=2026-06-30|onePersonHouseholds=2026-06-30|hiraFacilities=2026-06-30|analysisBoundary=2026-04-01|busStops=2025-08-25,가중치 0~1; Jaccard 0~1; 포함수 0~4; 순위 1~41; 동 집합,"44동에서 z(CAG), z(bus inefficiency), z(explicit facility distance)를 고정하고; 제거 항의 가중치를 0으로 만든 뒤 남은 기준가중치 비율을 합계 1로 재정규화; 현행 비교 3동은 top8에서 제외",상위 DSS 항의 기술적 ablation이며 인과효과·최적 명세를 뜻하지 않는다. 특히 CAG=demand-RI라서 명시적 의료거리 항을 제거해도 CAG 내부 시설접근성 RI는 남는다. 4개 명세 포함수는 선정확률이 아니다.,area_adjacency=AF16E5259A667F45F5BF7F6B3DF3A22E1A4837C477F6B68DDC26CDCF60E2DFF0|area_scores=455106174A3E492D501F73B8BA55EFD1B7525656638E8109AE015C290C352DE3|bus_stops=BBA5AC0E8F29538F42373B1789179B5B9D2CF0186E0D3A618537C83B74B628D5|facilities=9AA2BC9D9F9E0EC421FB7D23A9C9BF0BD5EDB59EB173A91CB27E6EB2655A1E07|grid_scores=F2B4631D6C4DB1C379BB9CAA13D29A9C055273F1C0D682BAC13EDD19C0A9E9BF|metrics_code=7A3920ABAC99C0EEE1FA013FF751C14428D5AA95E0F1F3F32FCED6B7A49541BA|model_spec=435B1018F2D35A2B421D1827A23C0DC739DC1F827F71189F8F818CE0B0C670E4|source_manifest=983711BFCB49D15F33641A807365C5022D2C4FFF285E36D669F2DD55BA01A039,population=4D1530F251B312CE6564BA5676093B1043057F46A0FE2A58CF2756AFC530DA7B|one_person=01923C6EBD7440771E4EBE20CAB0648355A18C09D198677C0E265F5E68406A7D|admdongkor_boundary=6A63D079BA8AF4701AB200AD0B54EBDEA8689808B6E0E9F17973B9BA7883DC6A|bus_stops=01B63929056B55D0A8FE372756942FB9A81A89CB121A0CDB1838DDE9ED8555BF|hira_hospital=458D04F264BFE005CB12078699156CA72AD47B52062E0F79B8140E2635086268|hira_pharmacy=65B2B1E7F65BF1EFAF20C826BC1FB03CC24B65B359F4B5B51E1A234B334505A4
4128156000,효자동,true,2,0.5,"[""baseline"",""remove_bus""]",2,10.5,32,conditional_baseline,1.1.0,dss_top_level_component_ablation_v1,goyang_mixed_20250825_20260630,population=2026-06-30|onePersonHouseholds=2026-06-30|hiraFacilities=2026-06-30|analysisBoundary=2026-04-01|busStops=2025-08-25,가중치 0~1; Jaccard 0~1; 포함수 0~4; 순위 1~41; 동 집합,"44동에서 z(CAG), z(bus inefficiency), z(explicit facility distance)를 고정하고; 제거 항의 가중치를 0으로 만든 뒤 남은 기준가중치 비율을 합계 1로 재정규화; 현행 비교 3동은 top8에서 제외",상위 DSS 항의 기술적 ablation이며 인과효과·최적 명세를 뜻하지 않는다. 특히 CAG=demand-RI라서 명시적 의료거리 항을 제거해도 CAG 내부 시설접근성 RI는 남는다. 4개 명세 포함수는 선정확률이 아니다.,area_adjacency=AF16E5259A667F45F5BF7F6B3DF3A22E1A4837C477F6B68DDC26CDCF60E2DFF0|area_scores=455106174A3E492D501F73B8BA55EFD1B7525656638E8109AE015C290C352DE3|bus_stops=BBA5AC0E8F29538F42373B1789179B5B9D2CF0186E0D3A618537C83B74B628D5|facilities=9AA2BC9D9F9E0EC421FB7D23A9C9BF0BD5EDB59EB173A91CB27E6EB2655A1E07|grid_scores=F2B4631D6C4DB1C379BB9CAA13D29A9C055273F1C0D682BAC13EDD19C0A9E9BF|metrics_code=7A3920ABAC99C0EEE1FA013FF751C14428D5AA95E0F1F3F32FCED6B7A49541BA|model_spec=435B1018F2D35A2B421D1827A23C0DC739DC1F827F71189F8F818CE0B0C670E4|source_manifest=983711BFCB49D15F33641A807365C5022D2C4FFF285E36D669F2DD55BA01A039,population=4D1530F251B312CE6564BA5676093B1043057F46A0FE2A58CF2756AFC530DA7B|one_person=01923C6EBD7440771E4EBE20CAB0648355A18C09D198677C0E265F5E68406A7D|admdongkor_boundary=6A63D079BA8AF4701AB200AD0B54EBDEA8689808B6E0E9F17973B9BA7883DC6A|bus_stops=01B63929056B55D0A8FE372756942FB9A81A89CB121A0CDB1838DDE9ED8555BF|hira_hospital=458D04F264BFE005CB12078699156CA72AD47B52062E0F79B8140E2635086268|hira_pharmacy=65B2B1E7F65BF1EFAF20C826BC1FB03CC24B65B359F4B5B51E1A234B334505A4
4128157600,삼송1동,false,0,0,[],29,30,31,never_top8,1.1.0,dss_top_level_component_ablation_v1,goyang_mixed_20250825_20260630,population=2026-06-30|onePersonHouseholds=2026-06-30|hiraFacilities=2026-06-30|analysisBoundary=2026-04-01|busStops=2025-08-25,가중치 0~1; Jaccard 0~1; 포함수 0~4; 순위 1~41; 동 집합,"44동에서 z(CAG), z(bus inefficiency), z(explicit facility distance)를 고정하고; 제거 항의 가중치를 0으로 만든 뒤 남은 기준가중치 비율을 합계 1로 재정규화; 현행 비교 3동은 top8에서 제외",상위 DSS 항의 기술적 ablation이며 인과효과·최적 명세를 뜻하지 않는다. 특히 CAG=demand-RI라서 명시적 의료거리 항을 제거해도 CAG 내부 시설접근성 RI는 남는다. 4개 명세 포함수는 선정확률이 아니다.,area_adjacency=AF16E5259A667F45F5BF7F6B3DF3A22E1A4837C477F6B68DDC26CDCF60E2DFF0|area_scores=455106174A3E492D501F73B8BA55EFD1B7525656638E8109AE015C290C352DE3|bus_stops=BBA5AC0E8F29538F42373B1789179B5B9D2CF0186E0D3A618537C83B74B628D5|facilities=9AA2BC9D9F9E0EC421FB7D23A9C9BF0BD5EDB59EB173A91CB27E6EB2655A1E07|grid_scores=F2B4631D6C4DB1C379BB9CAA13D29A9C055273F1C0D682BAC13EDD19C0A9E9BF|metrics_code=7A3920ABAC99C0EEE1FA013FF751C14428D5AA95E0F1F3F32FCED6B7A49541BA|model_spec=435B1018F2D35A2B421D1827A23C0DC739DC1F827F71189F8F818CE0B0C670E4|source_manifest=983711BFCB49D15F33641A807365C5022D2C4FFF285E36D669F2DD55BA01A039,population=4D1530F251B312CE6564BA5676093B1043057F46A0FE2A58CF2756AFC530DA7B|one_person=01923C6EBD7440771E4EBE20CAB0648355A18C09D198677C0E265F5E68406A7D|admdongkor_boundary=6A63D079BA8AF4701AB200AD0B54EBDEA8689808B6E0E9F17973B9BA7883DC6A|bus_stops=01B63929056B55D0A8FE372756942FB9A81A89CB121A0CDB1838DDE9ED8555BF|hira_hospital=458D04F264BFE005CB12078699156CA72AD47B52062E0F79B8140E2635086268|hira_pharmacy=65B2B1E7F65BF1EFAF20C826BC1FB03CC24B65B359F4B5B51E1A234B334505A4
4128157700,삼송2동,false,0,0,[],11,12,14,never_top8,1.1.0,dss_top_level_component_ablation_v1,goyang_mixed_20250825_20260630,population=2026-06-30|onePersonHouseholds=2026-06-30|hiraFacilities=2026-06-30|analysisBoundary=2026-04-01|busStops=2025-08-25,가중치 0~1; Jaccard 0~1; 포함수 0~4; 순위 1~41; 동 집합,"44동에서 z(CAG), z(bus inefficiency), z(explicit facility distance)를 고정하고; 제거 항의 가중치를 0으로 만든 뒤 남은 기준가중치 비율을 합계 1로 재정규화; 현행 비교 3동은 top8에서 제외",상위 DSS 항의 기술적 ablation이며 인과효과·최적 명세를 뜻하지 않는다. 특히 CAG=demand-RI라서 명시적 의료거리 항을 제거해도 CAG 내부 시설접근성 RI는 남는다. 4개 명세 포함수는 선정확률이 아니다.,area_adjacency=AF16E5259A667F45F5BF7F6B3DF3A22E1A4837C477F6B68DDC26CDCF60E2DFF0|area_scores=455106174A3E492D501F73B8BA55EFD1B7525656638E8109AE015C290C352DE3|bus_stops=BBA5AC0E8F29538F42373B1789179B5B9D2CF0186E0D3A618537C83B74B628D5|facilities=9AA2BC9D9F9E0EC421FB7D23A9C9BF0BD5EDB59EB173A91CB27E6EB2655A1E07|grid_scores=F2B4631D6C4DB1C379BB9CAA13D29A9C055273F1C0D682BAC13EDD19C0A9E9BF|metrics_code=7A3920ABAC99C0EEE1FA013FF751C14428D5AA95E0F1F3F32FCED6B7A49541BA|model_spec=435B1018F2D35A2B421D1827A23C0DC739DC1F827F71189F8F818CE0B0C670E4|source_manifest=983711BFCB49D15F33641A807365C5022D2C4FFF285E36D669F2DD55BA01A039,population=4D1530F251B312CE6564BA5676093B1043057F46A0FE2A58CF2756AFC530DA7B|one_person=01923C6EBD7440771E4EBE20CAB0648355A18C09D198677C0E265F5E68406A7D|admdongkor_boundary=6A63D079BA8AF4701AB200AD0B54EBDEA8689808B6E0E9F17973B9BA7883DC6A|bus_stops=01B63929056B55D0A8FE372756942FB9A81A89CB121A0CDB1838DDE9ED8555BF|hira_hospital=458D04F264BFE005CB12078699156CA72AD47B52062E0F79B8140E2635086268|hira_pharmacy=65B2B1E7F65BF1EFAF20C826BC1FB03CC24B65B359F4B5B51E1A234B334505A4
4128158000,창릉동,false,0,0,[],17,22,27,never_top8,1.1.0,dss_top_level_component_ablation_v1,goyang_mixed_20250825_20260630,population=2026-06-30|onePersonHouseholds=2026-06-30|hiraFacilities=2026-06-30|analysisBoundary=2026-04-01|busStops=2025-08-25,가중치 0~1; Jaccard 0~1; 포함수 0~4; 순위 1~41; 동 집합,"44동에서 z(CAG), z(bus inefficiency), z(explicit facility distance)를 고정하고; 제거 항의 가중치를 0으로 만든 뒤 남은 기준가중치 비율을 합계 1로 재정규화; 현행 비교 3동은 top8에서 제외",상위 DSS 항의 기술적 ablation이며 인과효과·최적 명세를 뜻하지 않는다. 특히 CAG=demand-RI라서 명시적 의료거리 항을 제거해도 CAG 내부 시설접근성 RI는 남는다. 4개 명세 포함수는 선정확률이 아니다.,area_adjacency=AF16E5259A667F45F5BF7F6B3DF3A22E1A4837C477F6B68DDC26CDCF60E2DFF0|area_scores=455106174A3E492D501F73B8BA55EFD1B7525656638E8109AE015C290C352DE3|bus_stops=BBA5AC0E8F29538F42373B1789179B5B9D2CF0186E0D3A618537C83B74B628D5|facilities=9AA2BC9D9F9E0EC421FB7D23A9C9BF0BD5EDB59EB173A91CB27E6EB2655A1E07|grid_scores=F2B4631D6C4DB1C379BB9CAA13D29A9C055273F1C0D682BAC13EDD19C0A9E9BF|metrics_code=7A3920ABAC99C0EEE1FA013FF751C14428D5AA95E0F1F3F32FCED6B7A49541BA|model_spec=435B1018F2D35A2B421D1827A23C0DC739DC1F827F71189F8F818CE0B0C670E4|source_manifest=983711BFCB49D15F33641A807365C5022D2C4FFF285E36D669F2DD55BA01A039,population=4D1530F251B312CE6564BA5676093B1043057F46A0FE2A58CF2756AFC530DA7B|one_person=01923C6EBD7440771E4EBE20CAB0648355A18C09D198677C0E265F5E68406A7D|admdongkor_boundary=6A63D079BA8AF4701AB200AD0B54EBDEA8689808B6E0E9F17973B9BA7883DC6A|bus_stops=01B63929056B55D0A8FE372756942FB9A81A89CB121A0CDB1838DDE9ED8555BF|hira_hospital=458D04F264BFE005CB12078699156CA72AD47B52062E0F79B8140E2635086268|hira_pharmacy=65B2B1E7F65BF1EFAF20C826BC1FB03CC24B65B359F4B5B51E1A234B334505A4
4128159000,고양동,true,4,1,"[""baseline"",""remove_bus"",""remove_explicit_facility"",""remove_bus_and_explicit_facility""]",2,3.5,5,stable_core,1.1.0,dss_top_level_component_ablation_v1,goyang_mixed_20250825_20260630,population=2026-06-30|onePersonHouseholds=2026-06-30|hiraFacilities=2026-06-30|analysisBoundary=2026-04-01|busStops=2025-08-25,가중치 0~1; Jaccard 0~1; 포함수 0~4; 순위 1~41; 동 집합,"44동에서 z(CAG), z(bus inefficiency), z(explicit facility distance)를 고정하고; 제거 항의 가중치를 0으로 만든 뒤 남은 기준가중치 비율을 합계 1로 재정규화; 현행 비교 3동은 top8에서 제외",상위 DSS 항의 기술적 ablation이며 인과효과·최적 명세를 뜻하지 않는다. 특히 CAG=demand-RI라서 명시적 의료거리 항을 제거해도 CAG 내부 시설접근성 RI는 남는다. 4개 명세 포함수는 선정확률이 아니다.,area_adjacency=AF16E5259A667F45F5BF7F6B3DF3A22E1A4837C477F6B68DDC26CDCF60E2DFF0|area_scores=455106174A3E492D501F73B8BA55EFD1B7525656638E8109AE015C290C352DE3|bus_stops=BBA5AC0E8F29538F42373B1789179B5B9D2CF0186E0D3A618537C83B74B628D5|facilities=9AA2BC9D9F9E0EC421FB7D23A9C9BF0BD5EDB59EB173A91CB27E6EB2655A1E07|grid_scores=F2B4631D6C4DB1C379BB9CAA13D29A9C055273F1C0D682BAC13EDD19C0A9E9BF|metrics_code=7A3920ABAC99C0EEE1FA013FF751C14428D5AA95E0F1F3F32FCED6B7A49541BA|model_spec=435B1018F2D35A2B421D1827A23C0DC739DC1F827F71189F8F818CE0B0C670E4|source_manifest=983711BFCB49D15F33641A807365C5022D2C4FFF285E36D669F2DD55BA01A039,population=4D1530F251B312CE6564BA5676093B1043057F46A0FE2A58CF2756AFC530DA7B|one_person=01923C6EBD7440771E4EBE20CAB0648355A18C09D198677C0E265F5E68406A7D|admdongkor_boundary=6A63D079BA8AF4701AB200AD0B54EBDEA8689808B6E0E9F17973B9BA7883DC6A|bus_stops=01B63929056B55D0A8FE372756942FB9A81A89CB121A0CDB1838DDE9ED8555BF|hira_hospital=458D04F264BFE005CB12078699156CA72AD47B52062E0F79B8140E2635086268|hira_pharmacy=65B2B1E7F65BF1EFAF20C826BC1FB03CC24B65B359F4B5B51E1A234B334505A4
4128160000,관산동,true,4,1,"[""baseline"",""remove_bus"",""remove_explicit_facility"",""remove_bus_and_explicit_facility""]",1,2,6,stable_core,1.1.0,dss_top_level_component_ablation_v1,goyang_mixed_20250825_20260630,population=2026-06-30|onePersonHouseholds=2026-06-30|hiraFacilities=2026-06-30|analysisBoundary=2026-04-01|busStops=2025-08-25,가중치 0~1; Jaccard 0~1; 포함수 0~4; 순위 1~41; 동 집합,"44동에서 z(CAG), z(bus inefficiency), z(explicit facility distance)를 고정하고; 제거 항의 가중치를 0으로 만든 뒤 남은 기준가중치 비율을 합계 1로 재정규화; 현행 비교 3동은 top8에서 제외",상위 DSS 항의 기술적 ablation이며 인과효과·최적 명세를 뜻하지 않는다. 특히 CAG=demand-RI라서 명시적 의료거리 항을 제거해도 CAG 내부 시설접근성 RI는 남는다. 4개 명세 포함수는 선정확률이 아니다.,area_adjacency=AF16E5259A667F45F5BF7F6B3DF3A22E1A4837C477F6B68DDC26CDCF60E2DFF0|area_scores=455106174A3E492D501F73B8BA55EFD1B7525656638E8109AE015C290C352DE3|bus_stops=BBA5AC0E8F29538F42373B1789179B5B9D2CF0186E0D3A618537C83B74B628D5|facilities=9AA2BC9D9F9E0EC421FB7D23A9C9BF0BD5EDB59EB173A91CB27E6EB2655A1E07|grid_scores=F2B4631D6C4DB1C379BB9CAA13D29A9C055273F1C0D682BAC13EDD19C0A9E9BF|metrics_code=7A3920ABAC99C0EEE1FA013FF751C14428D5AA95E0F1F3F32FCED6B7A49541BA|model_spec=435B1018F2D35A2B421D1827A23C0DC739DC1F827F71189F8F818CE0B0C670E4|source_manifest=983711BFCB49D15F33641A807365C5022D2C4FFF285E36D669F2DD55BA01A039,population=4D1530F251B312CE6564BA5676093B1043057F46A0FE2A58CF2756AFC530DA7B|one_person=01923C6EBD7440771E4EBE20CAB0648355A18C09D198677C0E265F5E68406A7D|admdongkor_boundary=6A63D079BA8AF4701AB200AD0B54EBDEA8689808B6E0E9F17973B9BA7883DC6A|bus_stops=01B63929056B55D0A8FE372756942FB9A81A89CB121A0CDB1838DDE9ED8555BF|hira_hospital=458D04F264BFE005CB12078699156CA72AD47B52062E0F79B8140E2635086268|hira_pharmacy=65B2B1E7F65BF1EFAF20C826BC1FB03CC24B65B359F4B5B51E1A234B334505A4
4128161000,능곡동,true,1,0.25,"[""baseline""]",7,11.5,18,conditional_baseline,1.1.0,dss_top_level_component_ablation_v1,goyang_mixed_20250825_20260630,population=2026-06-30|onePersonHouseholds=2026-06-30|hiraFacilities=2026-06-30|analysisBoundary=2026-04-01|busStops=2025-08-25,가중치 0~1; Jaccard 0~1; 포함수 0~4; 순위 1~41; 동 집합,"44동에서 z(CAG), z(bus inefficiency), z(explicit facility distance)를 고정하고; 제거 항의 가중치를 0으로 만든 뒤 남은 기준가중치 비율을 합계 1로 재정규화; 현행 비교 3동은 top8에서 제외",상위 DSS 항의 기술적 ablation이며 인과효과·최적 명세를 뜻하지 않는다. 특히 CAG=demand-RI라서 명시적 의료거리 항을 제거해도 CAG 내부 시설접근성 RI는 남는다. 4개 명세 포함수는 선정확률이 아니다.,area_adjacency=AF16E5259A667F45F5BF7F6B3DF3A22E1A4837C477F6B68DDC26CDCF60E2DFF0|area_scores=455106174A3E492D501F73B8BA55EFD1B7525656638E8109AE015C290C352DE3|bus_stops=BBA5AC0E8F29538F42373B1789179B5B9D2CF0186E0D3A618537C83B74B628D5|facilities=9AA2BC9D9F9E0EC421FB7D23A9C9BF0BD5EDB59EB173A91CB27E6EB2655A1E07|grid_scores=F2B4631D6C4DB1C379BB9CAA13D29A9C055273F1C0D682BAC13EDD19C0A9E9BF|metrics_code=7A3920ABAC99C0EEE1FA013FF751C14428D5AA95E0F1F3F32FCED6B7A49541BA|model_spec=435B1018F2D35A2B421D1827A23C0DC739DC1F827F71189F8F818CE0B0C670E4|source_manifest=983711BFCB49D15F33641A807365C5022D2C4FFF285E36D669F2DD55BA01A039,population=4D1530F251B312CE6564BA5676093B1043057F46A0FE2A58CF2756AFC530DA7B|one_person=01923C6EBD7440771E4EBE20CAB0648355A18C09D198677C0E265F5E68406A7D|admdongkor_boundary=6A63D079BA8AF4701AB200AD0B54EBDEA8689808B6E0E9F17973B9BA7883DC6A|bus_stops=01B63929056B55D0A8FE372756942FB9A81A89CB121A0CDB1838DDE9ED8555BF|hira_hospital=458D04F264BFE005CB12078699156CA72AD47B52062E0F79B8140E2635086268|hira_pharmacy=65B2B1E7F65BF1EFAF20C826BC1FB03CC24B65B359F4B5B51E1A234B334505A4
4128162100,화정1동,false,0,0,[],22,25,29,never_top8,1.1.0,dss_top_level_component_ablation_v1,goyang_mixed_20250825_20260630,population=2026-06-30|onePersonHouseholds=2026-06-30|hiraFacilities=2026-06-30|analysisBoundary=2026-04-01|busStops=2025-08-25,가중치 0~1; Jaccard 0~1; 포함수 0~4; 순위 1~41; 동 집합,"44동에서 z(CAG), z(bus inefficiency), z(explicit facility distance)를 고정하고; 제거 항의 가중치를 0으로 만든 뒤 남은 기준가중치 비율을 합계 1로 재정규화; 현행 비교 3동은 top8에서 제외",상위 DSS 항의 기술적 ablation이며 인과효과·최적 명세를 뜻하지 않는다. 특히 CAG=demand-RI라서 명시적 의료거리 항을 제거해도 CAG 내부 시설접근성 RI는 남는다. 4개 명세 포함수는 선정확률이 아니다.,area_adjacency=AF16E5259A667F45F5BF7F6B3DF3A22E1A4837C477F6B68DDC26CDCF60E2DFF0|area_scores=455106174A3E492D501F73B8BA55EFD1B7525656638E8109AE015C290C352DE3|bus_stops=BBA5AC0E8F29538F42373B1789179B5B9D2CF0186E0D3A618537C83B74B628D5|facilities=9AA2BC9D9F9E0EC421FB7D23A9C9BF0BD5EDB59EB173A91CB27E6EB2655A1E07|grid_scores=F2B4631D6C4DB1C379BB9CAA13D29A9C055273F1C0D682BAC13EDD19C0A9E9BF|metrics_code=7A3920ABAC99C0EEE1FA013FF751C14428D5AA95E0F1F3F32FCED6B7A49541BA|model_spec=435B1018F2D35A2B421D1827A23C0DC739DC1F827F71189F8F818CE0B0C670E4|source_manifest=983711BFCB49D15F33641A807365C5022D2C4FFF285E36D669F2DD55BA01A039,population=4D1530F251B312CE6564BA5676093B1043057F46A0FE2A58CF2756AFC530DA7B|one_person=01923C6EBD7440771E4EBE20CAB0648355A18C09D198677C0E265F5E68406A7D|admdongkor_boundary=6A63D079BA8AF4701AB200AD0B54EBDEA8689808B6E0E9F17973B9BA7883DC6A|bus_stops=01B63929056B55D0A8FE372756942FB9A81A89CB121A0CDB1838DDE9ED8555BF|hira_hospital=458D04F264BFE005CB12078699156CA72AD47B52062E0F79B8140E2635086268|hira_pharmacy=65B2B1E7F65BF1EFAF20C826BC1FB03CC24B65B359F4B5B51E1A234B334505A4
4128162200,화정2동,false,0,0,[],37,37.5,38,never_top8,1.1.0,dss_top_level_component_ablation_v1,goyang_mixed_20250825_20260630,population=2026-06-30|onePersonHouseholds=2026-06-30|hiraFacilities=2026-06-30|analysisBoundary=2026-04-01|busStops=2025-08-25,가중치 0~1; Jaccard 0~1; 포함수 0~4; 순위 1~41; 동 집합,"44동에서 z(CAG), z(bus inefficiency), z(explicit facility distance)를 고정하고; 제거 항의 가중치를 0으로 만든 뒤 남은 기준가중치 비율을 합계 1로 재정규화; 현행 비교 3동은 top8에서 제외",상위 DSS 항의 기술적 ablation이며 인과효과·최적 명세를 뜻하지 않는다. 특히 CAG=demand-RI라서 명시적 의료거리 항을 제거해도 CAG 내부 시설접근성 RI는 남는다. 4개 명세 포함수는 선정확률이 아니다.,area_adjacency=AF16E5259A667F45F5BF7F6B3DF3A22E1A4837C477F6B68DDC26CDCF60E2DFF0|area_scores=455106174A3E492D501F73B8BA55EFD1B7525656638E8109AE015C290C352DE3|bus_stops=BBA5AC0E8F29538F42373B1789179B5B9D2CF0186E0D3A618537C83B74B628D5|facilities=9AA2BC9D9F9E0EC421FB7D23A9C9BF0BD5EDB59EB173A91CB27E6EB2655A1E07|grid_scores=F2B4631D6C4DB1C379BB9CAA13D29A9C055273F1C0D682BAC13EDD19C0A9E9BF|metrics_code=7A3920ABAC99C0EEE1FA013FF751C14428D5AA95E0F1F3F32FCED6B7A49541BA|model_spec=435B1018F2D35A2B421D1827A23C0DC739DC1F827F71189F8F818CE0B0C670E4|source_manifest=983711BFCB49D15F33641A807365C5022D2C4FFF285E36D669F2DD55BA01A039,population=4D1530F251B312CE6564BA5676093B1043057F46A0FE2A58CF2756AFC530DA7B|one_person=01923C6EBD7440771E4EBE20CAB0648355A18C09D198677C0E265F5E68406A7D|admdongkor_boundary=6A63D079BA8AF4701AB200AD0B54EBDEA8689808B6E0E9F17973B9BA7883DC6A|bus_stops=01B63929056B55D0A8FE372756942FB9A81A89CB121A0CDB1838DDE9ED8555BF|hira_hospital=458D04F264BFE005CB12078699156CA72AD47B52062E0F79B8140E2635086268|hira_pharmacy=65B2B1E7F65BF1EFAF20C826BC1FB03CC24B65B359F4B5B51E1A234B334505A4
4128163000,행주동,true,4,1,"[""baseline"",""remove_bus"",""remove_explicit_facility"",""remove_bus_and_explicit_facility""]",3,5,7,stable_core,1.1.0,dss_top_level_component_ablation_v1,goyang_mixed_20250825_20260630,population=2026-06-30|onePersonHouseholds=2026-06-30|hiraFacilities=2026-06-30|analysisBoundary=2026-04-01|busStops=2025-08-25,가중치 0~1; Jaccard 0~1; 포함수 0~4; 순위 1~41; 동 집합,"44동에서 z(CAG), z(bus inefficiency), z(explicit facility distance)를 고정하고; 제거 항의 가중치를 0으로 만든 뒤 남은 기준가중치 비율을 합계 1로 재정규화; 현행 비교 3동은 top8에서 제외",상위 DSS 항의 기술적 ablation이며 인과효과·최적 명세를 뜻하지 않는다. 특히 CAG=demand-RI라서 명시적 의료거리 항을 제거해도 CAG 내부 시설접근성 RI는 남는다. 4개 명세 포함수는 선정확률이 아니다.,area_adjacency=AF16E5259A667F45F5BF7F6B3DF3A22E1A4837C477F6B68DDC26CDCF60E2DFF0|area_scores=455106174A3E492D501F73B8BA55EFD1B7525656638E8109AE015C290C352DE3|bus_stops=BBA5AC0E8F29538F42373B1789179B5B9D2CF0186E0D3A618537C83B74B628D5|facilities=9AA2BC9D9F9E0EC421FB7D23A9C9BF0BD5EDB59EB173A91CB27E6EB2655A1E07|grid_scores=F2B4631D6C4DB1C379BB9CAA13D29A9C055273F1C0D682BAC13EDD19C0A9E9BF|metrics_code=7A3920ABAC99C0EEE1FA013FF751C14428D5AA95E0F1F3F32FCED6B7A49541BA|model_spec=435B1018F2D35A2B421D1827A23C0DC739DC1F827F71189F8F818CE0B0C670E4|source_manifest=983711BFCB49D15F33641A807365C5022D2C4FFF285E36D669F2DD55BA01A039,population=4D1530F251B312CE6564BA5676093B1043057F46A0FE2A58CF2756AFC530DA7B|one_person=01923C6EBD7440771E4EBE20CAB0648355A18C09D198677C0E265F5E68406A7D|admdongkor_boundary=6A63D079BA8AF4701AB200AD0B54EBDEA8689808B6E0E9F17973B9BA7883DC6A|bus_stops=01B63929056B55D0A8FE372756942FB9A81A89CB121A0CDB1838DDE9ED8555BF|hira_hospital=458D04F264BFE005CB12078699156CA72AD47B52062E0F79B8140E2635086268|hira_pharmacy=65B2B1E7F65BF1EFAF20C826BC1FB03CC24B65B359F4B5B51E1A234B334505A4
4128164000,행신1동,false,0,0,[],16,21,25,never_top8,1.1.0,dss_top_level_component_ablation_v1,goyang_mixed_20250825_20260630,population=2026-06-30|onePersonHouseholds=2026-06-30|hiraFacilities=2026-06-30|analysisBoundary=2026-04-01|busStops=2025-08-25,가중치 0~1; Jaccard 0~1; 포함수 0~4; 순위 1~41; 동 집합,"44동에서 z(CAG), z(bus inefficiency), z(explicit facility distance)를 고정하고; 제거 항의 가중치를 0으로 만든 뒤 남은 기준가중치 비율을 합계 1로 재정규화; 현행 비교 3동은 top8에서 제외",상위 DSS 항의 기술적 ablation이며 인과효과·최적 명세를 뜻하지 않는다. 특히 CAG=demand-RI라서 명시적 의료거리 항을 제거해도 CAG 내부 시설접근성 RI는 남는다. 4개 명세 포함수는 선정확률이 아니다.,area_adjacency=AF16E5259A667F45F5BF7F6B3DF3A22E1A4837C477F6B68DDC26CDCF60E2DFF0|area_scores=455106174A3E492D501F73B8BA55EFD1B7525656638E8109AE015C290C352DE3|bus_stops=BBA5AC0E8F29538F42373B1789179B5B9D2CF0186E0D3A618537C83B74B628D5|facilities=9AA2BC9D9F9E0EC421FB7D23A9C9BF0BD5EDB59EB173A91CB27E6EB2655A1E07|grid_scores=F2B4631D6C4DB1C379BB9CAA13D29A9C055273F1C0D682BAC13EDD19C0A9E9BF|metrics_code=7A3920ABAC99C0EEE1FA013FF751C14428D5AA95E0F1F3F32FCED6B7A49541BA|model_spec=435B1018F2D35A2B421D1827A23C0DC739DC1F827F71189F8F818CE0B0C670E4|source_manifest=983711BFCB49D15F33641A807365C5022D2C4FFF285E36D669F2DD55BA01A039,population=4D1530F251B312CE6564BA5676093B1043057F46A0FE2A58CF2756AFC530DA7B|one_person=01923C6EBD7440771E4EBE20CAB0648355A18C09D198677C0E265F5E68406A7D|admdongkor_boundary=6A63D079BA8AF4701AB200AD0B54EBDEA8689808B6E0E9F17973B9BA7883DC6A|bus_stops=01B63929056B55D0A8FE372756942FB9A81A89CB121A0CDB1838DDE9ED8555BF|hira_hospital=458D04F264BFE005CB12078699156CA72AD47B52062E0F79B8140E2635086268|hira_pharmacy=65B2B1E7F65BF1EFAF20C826BC1FB03CC24B65B359F4B5B51E1A234B334505A4
4128165000,행신2동,false,0,0,[],21,22.5,25,never_top8,1.1.0,dss_top_level_component_ablation_v1,goyang_mixed_20250825_20260630,population=2026-06-30|onePersonHouseholds=2026-06-30|hiraFacilities=2026-06-30|analysisBoundary=2026-04-01|busStops=2025-08-25,가중치 0~1; Jaccard 0~1; 포함수 0~4; 순위 1~41; 동 집합,"44동에서 z(CAG), z(bus inefficiency), z(explicit facility distance)를 고정하고; 제거 항의 가중치를 0으로 만든 뒤 남은 기준가중치 비율을 합계 1로 재정규화; 현행 비교 3동은 top8에서 제외",상위 DSS 항의 기술적 ablation이며 인과효과·최적 명세를 뜻하지 않는다. 특히 CAG=demand-RI라서 명시적 의료거리 항을 제거해도 CAG 내부 시설접근성 RI는 남는다. 4개 명세 포함수는 선정확률이 아니다.,area_adjacency=AF16E5259A667F45F5BF7F6B3DF3A22E1A4837C477F6B68DDC26CDCF60E2DFF0|area_scores=455106174A3E492D501F73B8BA55EFD1B7525656638E8109AE015C290C352DE3|bus_stops=BBA5AC0E8F29538F42373B1789179B5B9D2CF0186E0D3A618537C83B74B628D5|facilities=9AA2BC9D9F9E0EC421FB7D23A9C9BF0BD5EDB59EB173A91CB27E6EB2655A1E07|grid_scores=F2B4631D6C4DB1C379BB9CAA13D29A9C055273F1C0D682BAC13EDD19C0A9E9BF|metrics_code=7A3920ABAC99C0EEE1FA013FF751C14428D5AA95E0F1F3F32FCED6B7A49541BA|model_spec=435B1018F2D35A2B421D1827A23C0DC739DC1F827F71189F8F818CE0B0C670E4|source_manifest=983711BFCB49D15F33641A807365C5022D2C4FFF285E36D669F2DD55BA01A039,population=4D1530F251B312CE6564BA5676093B1043057F46A0FE2A58CF2756AFC530DA7B|one_person=01923C6EBD7440771E4EBE20CAB0648355A18C09D198677C0E265F5E68406A7D|admdongkor_boundary=6A63D079BA8AF4701AB200AD0B54EBDEA8689808B6E0E9F17973B9BA7883DC6A|bus_stops=01B63929056B55D0A8FE372756942FB9A81A89CB121A0CDB1838DDE9ED8555BF|hira_hospital=458D04F264BFE005CB12078699156CA72AD47B52062E0F79B8140E2635086268|hira_pharmacy=65B2B1E7F65BF1EFAF20C826BC1FB03CC24B65B359F4B5B51E1A234B334505A4
4128165500,행신3동,false,0,0,[],14,19.5,24,never_top8,1.1.0,dss_top_level_component_ablation_v1,goyang_mixed_20250825_20260630,population=2026-06-30|onePersonHouseholds=2026-06-30|hiraFacilities=2026-06-30|analysisBoundary=2026-04-01|busStops=2025-08-25,가중치 0~1; Jaccard 0~1; 포함수 0~4; 순위 1~41; 동 집합,"44동에서 z(CAG), z(bus inefficiency), z(explicit facility distance)를 고정하고; 제거 항의 가중치를 0으로 만든 뒤 남은 기준가중치 비율을 합계 1로 재정규화; 현행 비교 3동은 top8에서 제외",상위 DSS 항의 기술적 ablation이며 인과효과·최적 명세를 뜻하지 않는다. 특히 CAG=demand-RI라서 명시적 의료거리 항을 제거해도 CAG 내부 시설접근성 RI는 남는다. 4개 명세 포함수는 선정확률이 아니다.,area_adjacency=AF16E5259A667F45F5BF7F6B3DF3A22E1A4837C477F6B68DDC26CDCF60E2DFF0|area_scores=455106174A3E492D501F73B8BA55EFD1B7525656638E8109AE015C290C352DE3|bus_stops=BBA5AC0E8F29538F42373B1789179B5B9D2CF0186E0D3A618537C83B74B628D5|facilities=9AA2BC9D9F9E0EC421FB7D23A9C9BF0BD5EDB59EB173A91CB27E6EB2655A1E07|grid_scores=F2B4631D6C4DB1C379BB9CAA13D29A9C055273F1C0D682BAC13EDD19C0A9E9BF|metrics_code=7A3920ABAC99C0EEE1FA013FF751C14428D5AA95E0F1F3F32FCED6B7A49541BA|model_spec=435B1018F2D35A2B421D1827A23C0DC739DC1F827F71189F8F818CE0B0C670E4|source_manifest=983711BFCB49D15F33641A807365C5022D2C4FFF285E36D669F2DD55BA01A039,population=4D1530F251B312CE6564BA5676093B1043057F46A0FE2A58CF2756AFC530DA7B|one_person=01923C6EBD7440771E4EBE20CAB0648355A18C09D198677C0E265F5E68406A7D|admdongkor_boundary=6A63D079BA8AF4701AB200AD0B54EBDEA8689808B6E0E9F17973B9BA7883DC6A|bus_stops=01B63929056B55D0A8FE372756942FB9A81A89CB121A0CDB1838DDE9ED8555BF|hira_hospital=458D04F264BFE005CB12078699156CA72AD47B52062E0F79B8140E2635086268|hira_pharmacy=65B2B1E7F65BF1EFAF20C826BC1FB03CC24B65B359F4B5B51E1A234B334505A4
4128165600,행신4동,false,1,0.25,"[""remove_bus_and_explicit_facility""]",6,10,13,alternative_entry,1.1.0,dss_top_level_component_ablation_v1,goyang_mixed_20250825_20260630,population=2026-06-30|onePersonHouseholds=2026-06-30|hiraFacilities=2026-06-30|analysisBoundary=2026-04-01|busStops=2025-08-25,가중치 0~1; Jaccard 0~1; 포함수 0~4; 순위 1~41; 동 집합,"44동에서 z(CAG), z(bus inefficiency), z(explicit facility distance)를 고정하고; 제거 항의 가중치를 0으로 만든 뒤 남은 기준가중치 비율을 합계 1로 재정규화; 현행 비교 3동은 top8에서 제외",상위 DSS 항의 기술적 ablation이며 인과효과·최적 명세를 뜻하지 않는다. 특히 CAG=demand-RI라서 명시적 의료거리 항을 제거해도 CAG 내부 시설접근성 RI는 남는다. 4개 명세 포함수는 선정확률이 아니다.,area_adjacency=AF16E5259A667F45F5BF7F6B3DF3A22E1A4837C477F6B68DDC26CDCF60E2DFF0|area_scores=455106174A3E492D501F73B8BA55EFD1B7525656638E8109AE015C290C352DE3|bus_stops=BBA5AC0E8F29538F42373B1789179B5B9D2CF0186E0D3A618537C83B74B628D5|facilities=9AA2BC9D9F9E0EC421FB7D23A9C9BF0BD5EDB59EB173A91CB27E6EB2655A1E07|grid_scores=F2B4631D6C4DB1C379BB9CAA13D29A9C055273F1C0D682BAC13EDD19C0A9E9BF|metrics_code=7A3920ABAC99C0EEE1FA013FF751C14428D5AA95E0F1F3F32FCED6B7A49541BA|model_spec=435B1018F2D35A2B421D1827A23C0DC739DC1F827F71189F8F818CE0B0C670E4|source_manifest=983711BFCB49D15F33641A807365C5022D2C4FFF285E36D669F2DD55BA01A039,population=4D1530F251B312CE6564BA5676093B1043057F46A0FE2A58CF2756AFC530DA7B|one_person=01923C6EBD7440771E4EBE20CAB0648355A18C09D198677C0E265F5E68406A7D|admdongkor_boundary=6A63D079BA8AF4701AB200AD0B54EBDEA8689808B6E0E9F17973B9BA7883DC6A|bus_stops=01B63929056B55D0A8FE372756942FB9A81A89CB121A0CDB1838DDE9ED8555BF|hira_hospital=458D04F264BFE005CB12078699156CA72AD47B52062E0F79B8140E2635086268|hira_pharmacy=65B2B1E7F65BF1EFAF20C826BC1FB03CC24B65B359F4B5B51E1A234B334505A4
4128167000,대덕동,false,0,0,[],16,25.5,33,never_top8,1.1.0,dss_top_level_component_ablation_v1,goyang_mixed_20250825_20260630,population=2026-06-30|onePersonHouseholds=2026-06-30|hiraFacilities=2026-06-30|analysisBoundary=2026-04-01|busStops=2025-08-25,가중치 0~1; Jaccard 0~1; 포함수 0~4; 순위 1~41; 동 집합,"44동에서 z(CAG), z(bus inefficiency), z(explicit facility distance)를 고정하고; 제거 항의 가중치를 0으로 만든 뒤 남은 기준가중치 비율을 합계 1로 재정규화; 현행 비교 3동은 top8에서 제외",상위 DSS 항의 기술적 ablation이며 인과효과·최적 명세를 뜻하지 않는다. 특히 CAG=demand-RI라서 명시적 의료거리 항을 제거해도 CAG 내부 시설접근성 RI는 남는다. 4개 명세 포함수는 선정확률이 아니다.,area_adjacency=AF16E5259A667F45F5BF7F6B3DF3A22E1A4837C477F6B68DDC26CDCF60E2DFF0|area_scores=455106174A3E492D501F73B8BA55EFD1B7525656638E8109AE015C290C352DE3|bus_stops=BBA5AC0E8F29538F42373B1789179B5B9D2CF0186E0D3A618537C83B74B628D5|facilities=9AA2BC9D9F9E0EC421FB7D23A9C9BF0BD5EDB59EB173A91CB27E6EB2655A1E07|grid_scores=F2B4631D6C4DB1C379BB9CAA13D29A9C055273F1C0D682BAC13EDD19C0A9E9BF|metrics_code=7A3920ABAC99C0EEE1FA013FF751C14428D5AA95E0F1F3F32FCED6B7A49541BA|model_spec=435B1018F2D35A2B421D1827A23C0DC739DC1F827F71189F8F818CE0B0C670E4|source_manifest=983711BFCB49D15F33641A807365C5022D2C4FFF285E36D669F2DD55BA01A039,population=4D1530F251B312CE6564BA5676093B1043057F46A0FE2A58CF2756AFC530DA7B|one_person=01923C6EBD7440771E4EBE20CAB0648355A18C09D198677C0E265F5E68406A7D|admdongkor_boundary=6A63D079BA8AF4701AB200AD0B54EBDEA8689808B6E0E9F17973B9BA7883DC6A|bus_stops=01B63929056B55D0A8FE372756942FB9A81A89CB121A0CDB1838DDE9ED8555BF|hira_hospital=458D04F264BFE005CB12078699156CA72AD47B52062E0F79B8140E2635086268|hira_pharmacy=65B2B1E7F65BF1EFAF20C826BC1FB03CC24B65B359F4B5B51E1A234B334505A4
4128552500,중산1동,false,3,0.75,"[""remove_bus"",""remove_explicit_facility"",""remove_bus_and_explicit_facility""]",4,7.5,11,alternative_entry,1.1.0,dss_top_level_component_ablation_v1,goyang_mixed_20250825_20260630,population=2026-06-30|onePersonHouseholds=2026-06-30|hiraFacilities=2026-06-30|analysisBoundary=2026-04-01|busStops=2025-08-25,가중치 0~1; Jaccard 0~1; 포함수 0~4; 순위 1~41; 동 집합,"44동에서 z(CAG), z(bus inefficiency), z(explicit facility distance)를 고정하고; 제거 항의 가중치를 0으로 만든 뒤 남은 기준가중치 비율을 합계 1로 재정규화; 현행 비교 3동은 top8에서 제외",상위 DSS 항의 기술적 ablation이며 인과효과·최적 명세를 뜻하지 않는다. 특히 CAG=demand-RI라서 명시적 의료거리 항을 제거해도 CAG 내부 시설접근성 RI는 남는다. 4개 명세 포함수는 선정확률이 아니다.,area_adjacency=AF16E5259A667F45F5BF7F6B3DF3A22E1A4837C477F6B68DDC26CDCF60E2DFF0|area_scores=455106174A3E492D501F73B8BA55EFD1B7525656638E8109AE015C290C352DE3|bus_stops=BBA5AC0E8F29538F42373B1789179B5B9D2CF0186E0D3A618537C83B74B628D5|facilities=9AA2BC9D9F9E0EC421FB7D23A9C9BF0BD5EDB59EB173A91CB27E6EB2655A1E07|grid_scores=F2B4631D6C4DB1C379BB9CAA13D29A9C055273F1C0D682BAC13EDD19C0A9E9BF|metrics_code=7A3920ABAC99C0EEE1FA013FF751C14428D5AA95E0F1F3F32FCED6B7A49541BA|model_spec=435B1018F2D35A2B421D1827A23C0DC739DC1F827F71189F8F818CE0B0C670E4|source_manifest=983711BFCB49D15F33641A807365C5022D2C4FFF285E36D669F2DD55BA01A039,population=4D1530F251B312CE6564BA5676093B1043057F46A0FE2A58CF2756AFC530DA7B|one_person=01923C6EBD7440771E4EBE20CAB0648355A18C09D198677C0E265F5E68406A7D|admdongkor_boundary=6A63D079BA8AF4701AB200AD0B54EBDEA8689808B6E0E9F17973B9BA7883DC6A|bus_stops=01B63929056B55D0A8FE372756942FB9A81A89CB121A0CDB1838DDE9ED8555BF|hira_hospital=458D04F264BFE005CB12078699156CA72AD47B52062E0F79B8140E2635086268|hira_pharmacy=65B2B1E7F65BF1EFAF20C826BC1FB03CC24B65B359F4B5B51E1A234B334505A4
4128552600,중산2동,false,0,0,[],13,18,21,never_top8,1.1.0,dss_top_level_component_ablation_v1,goyang_mixed_20250825_20260630,population=2026-06-30|onePersonHouseholds=2026-06-30|hiraFacilities=2026-06-30|analysisBoundary=2026-04-01|busStops=2025-08-25,가중치 0~1; Jaccard 0~1; 포함수 0~4; 순위 1~41; 동 집합,"44동에서 z(CAG), z(bus inefficiency), z(explicit facility distance)를 고정하고; 제거 항의 가중치를 0으로 만든 뒤 남은 기준가중치 비율을 합계 1로 재정규화; 현행 비교 3동은 top8에서 제외",상위 DSS 항의 기술적 ablation이며 인과효과·최적 명세를 뜻하지 않는다. 특히 CAG=demand-RI라서 명시적 의료거리 항을 제거해도 CAG 내부 시설접근성 RI는 남는다. 4개 명세 포함수는 선정확률이 아니다.,area_adjacency=AF16E5259A667F45F5BF7F6B3DF3A22E1A4837C477F6B68DDC26CDCF60E2DFF0|area_scores=455106174A3E492D501F73B8BA55EFD1B7525656638E8109AE015C290C352DE3|bus_stops=BBA5AC0E8F29538F42373B1789179B5B9D2CF0186E0D3A618537C83B74B628D5|facilities=9AA2BC9D9F9E0EC421FB7D23A9C9BF0BD5EDB59EB173A91CB27E6EB2655A1E07|grid_scores=F2B4631D6C4DB1C379BB9CAA13D29A9C055273F1C0D682BAC13EDD19C0A9E9BF|metrics_code=7A3920ABAC99C0EEE1FA013FF751C14428D5AA95E0F1F3F32FCED6B7A49541BA|model_spec=435B1018F2D35A2B421D1827A23C0DC739DC1F827F71189F8F818CE0B0C670E4|source_manifest=983711BFCB49D15F33641A807365C5022D2C4FFF285E36D669F2DD55BA01A039,population=4D1530F251B312CE6564BA5676093B1043057F46A0FE2A58CF2756AFC530DA7B|one_person=01923C6EBD7440771E4EBE20CAB0648355A18C09D198677C0E265F5E68406A7D|admdongkor_boundary=6A63D079BA8AF4701AB200AD0B54EBDEA8689808B6E0E9F17973B9BA7883DC6A|bus_stops=01B63929056B55D0A8FE372756942FB9A81A89CB121A0CDB1838DDE9ED8555BF|hira_hospital=458D04F264BFE005CB12078699156CA72AD47B52062E0F79B8140E2635086268|hira_pharmacy=65B2B1E7F65BF1EFAF20C826BC1FB03CC24B65B359F4B5B51E1A234B334505A4
4128553000,정발산동,false,0,0,[],26,31.5,32,never_top8,1.1.0,dss_top_level_component_ablation_v1,goyang_mixed_20250825_20260630,population=2026-06-30|onePersonHouseholds=2026-06-30|hiraFacilities=2026-06-30|analysisBoundary=2026-04-01|busStops=2025-08-25,가중치 0~1; Jaccard 0~1; 포함수 0~4; 순위 1~41; 동 집합,"44동에서 z(CAG), z(bus inefficiency), z(explicit facility distance)를 고정하고; 제거 항의 가중치를 0으로 만든 뒤 남은 기준가중치 비율을 합계 1로 재정규화; 현행 비교 3동은 top8에서 제외",상위 DSS 항의 기술적 ablation이며 인과효과·최적 명세를 뜻하지 않는다. 특히 CAG=demand-RI라서 명시적 의료거리 항을 제거해도 CAG 내부 시설접근성 RI는 남는다. 4개 명세 포함수는 선정확률이 아니다.,area_adjacency=AF16E5259A667F45F5BF7F6B3DF3A22E1A4837C477F6B68DDC26CDCF60E2DFF0|area_scores=455106174A3E492D501F73B8BA55EFD1B7525656638E8109AE015C290C352DE3|bus_stops=BBA5AC0E8F29538F42373B1789179B5B9D2CF0186E0D3A618537C83B74B628D5|facilities=9AA2BC9D9F9E0EC421FB7D23A9C9BF0BD5EDB59EB173A91CB27E6EB2655A1E07|grid_scores=F2B4631D6C4DB1C379BB9CAA13D29A9C055273F1C0D682BAC13EDD19C0A9E9BF|metrics_code=7A3920ABAC99C0EEE1FA013FF751C14428D5AA95E0F1F3F32FCED6B7A49541BA|model_spec=435B1018F2D35A2B421D1827A23C0DC739DC1F827F71189F8F818CE0B0C670E4|source_manifest=983711BFCB49D15F33641A807365C5022D2C4FFF285E36D669F2DD55BA01A039,population=4D1530F251B312CE6564BA5676093B1043057F46A0FE2A58CF2756AFC530DA7B|one_person=01923C6EBD7440771E4EBE20CAB0648355A18C09D198677C0E265F5E68406A7D|admdongkor_boundary=6A63D079BA8AF4701AB200AD0B54EBDEA8689808B6E0E9F17973B9BA7883DC6A|bus_stops=01B63929056B55D0A8FE372756942FB9A81A89CB121A0CDB1838DDE9ED8555BF|hira_hospital=458D04F264BFE005CB12078699156CA72AD47B52062E0F79B8140E2635086268|hira_pharmacy=65B2B1E7F65BF1EFAF20C826BC1FB03CC24B65B359F4B5B51E1A234B334505A4
4128554000,풍산동,false,0,0,[],25,26.5,30,never_top8,1.1.0,dss_top_level_component_ablation_v1,goyang_mixed_20250825_20260630,population=2026-06-30|onePersonHouseholds=2026-06-30|hiraFacilities=2026-06-30|analysisBoundary=2026-04-01|busStops=2025-08-25,가중치 0~1; Jaccard 0~1; 포함수 0~4; 순위 1~41; 동 집합,"44동에서 z(CAG), z(bus inefficiency), z(explicit facility distance)를 고정하고; 제거 항의 가중치를 0으로 만든 뒤 남은 기준가중치 비율을 합계 1로 재정규화; 현행 비교 3동은 top8에서 제외",상위 DSS 항의 기술적 ablation이며 인과효과·최적 명세를 뜻하지 않는다. 특히 CAG=demand-RI라서 명시적 의료거리 항을 제거해도 CAG 내부 시설접근성 RI는 남는다. 4개 명세 포함수는 선정확률이 아니다.,area_adjacency=AF16E5259A667F45F5BF7F6B3DF3A22E1A4837C477F6B68DDC26CDCF60E2DFF0|area_scores=455106174A3E492D501F73B8BA55EFD1B7525656638E8109AE015C290C352DE3|bus_stops=BBA5AC0E8F29538F42373B1789179B5B9D2CF0186E0D3A618537C83B74B628D5|facilities=9AA2BC9D9F9E0EC421FB7D23A9C9BF0BD5EDB59EB173A91CB27E6EB2655A1E07|grid_scores=F2B4631D6C4DB1C379BB9CAA13D29A9C055273F1C0D682BAC13EDD19C0A9E9BF|metrics_code=7A3920ABAC99C0EEE1FA013FF751C14428D5AA95E0F1F3F32FCED6B7A49541BA|model_spec=435B1018F2D35A2B421D1827A23C0DC739DC1F827F71189F8F818CE0B0C670E4|source_manifest=983711BFCB49D15F33641A807365C5022D2C4FFF285E36D669F2DD55BA01A039,population=4D1530F251B312CE6564BA5676093B1043057F46A0FE2A58CF2756AFC530DA7B|one_person=01923C6EBD7440771E4EBE20CAB0648355A18C09D198677C0E265F5E68406A7D|admdongkor_boundary=6A63D079BA8AF4701AB200AD0B54EBDEA8689808B6E0E9F17973B9BA7883DC6A|bus_stops=01B63929056B55D0A8FE372756942FB9A81A89CB121A0CDB1838DDE9ED8555BF|hira_hospital=458D04F264BFE005CB12078699156CA72AD47B52062E0F79B8140E2635086268|hira_pharmacy=65B2B1E7F65BF1EFAF20C826BC1FB03CC24B65B359F4B5B51E1A234B334505A4
4128555100,백석1동,false,0,0,[],31,32.5,33,never_top8,1.1.0,dss_top_level_component_ablation_v1,goyang_mixed_20250825_20260630,population=2026-06-30|onePersonHouseholds=2026-06-30|hiraFacilities=2026-06-30|analysisBoundary=2026-04-01|busStops=2025-08-25,가중치 0~1; Jaccard 0~1; 포함수 0~4; 순위 1~41; 동 집합,"44동에서 z(CAG), z(bus inefficiency), z(explicit facility distance)를 고정하고; 제거 항의 가중치를 0으로 만든 뒤 남은 기준가중치 비율을 합계 1로 재정규화; 현행 비교 3동은 top8에서 제외",상위 DSS 항의 기술적 ablation이며 인과효과·최적 명세를 뜻하지 않는다. 특히 CAG=demand-RI라서 명시적 의료거리 항을 제거해도 CAG 내부 시설접근성 RI는 남는다. 4개 명세 포함수는 선정확률이 아니다.,area_adjacency=AF16E5259A667F45F5BF7F6B3DF3A22E1A4837C477F6B68DDC26CDCF60E2DFF0|area_scores=455106174A3E492D501F73B8BA55EFD1B7525656638E8109AE015C290C352DE3|bus_stops=BBA5AC0E8F29538F42373B1789179B5B9D2CF0186E0D3A618537C83B74B628D5|facilities=9AA2BC9D9F9E0EC421FB7D23A9C9BF0BD5EDB59EB173A91CB27E6EB2655A1E07|grid_scores=F2B4631D6C4DB1C379BB9CAA13D29A9C055273F1C0D682BAC13EDD19C0A9E9BF|metrics_code=7A3920ABAC99C0EEE1FA013FF751C14428D5AA95E0F1F3F32FCED6B7A49541BA|model_spec=435B1018F2D35A2B421D1827A23C0DC739DC1F827F71189F8F818CE0B0C670E4|source_manifest=983711BFCB49D15F33641A807365C5022D2C4FFF285E36D669F2DD55BA01A039,population=4D1530F251B312CE6564BA5676093B1043057F46A0FE2A58CF2756AFC530DA7B|one_person=01923C6EBD7440771E4EBE20CAB0648355A18C09D198677C0E265F5E68406A7D|admdongkor_boundary=6A63D079BA8AF4701AB200AD0B54EBDEA8689808B6E0E9F17973B9BA7883DC6A|bus_stops=01B63929056B55D0A8FE372756942FB9A81A89CB121A0CDB1838DDE9ED8555BF|hira_hospital=458D04F264BFE005CB12078699156CA72AD47B52062E0F79B8140E2635086268|hira_pharmacy=65B2B1E7F65BF1EFAF20C826BC1FB03CC24B65B359F4B5B51E1A234B334505A4
4128555200,백석2동,false,0,0,[],9,13.5,18,never_top8,1.1.0,dss_top_level_component_ablation_v1,goyang_mixed_20250825_20260630,population=2026-06-30|onePersonHouseholds=2026-06-30|hiraFacilities=2026-06-30|analysisBoundary=2026-04-01|busStops=2025-08-25,가중치 0~1; Jaccard 0~1; 포함수 0~4; 순위 1~41; 동 집합,"44동에서 z(CAG), z(bus inefficiency), z(explicit facility distance)를 고정하고; 제거 항의 가중치를 0으로 만든 뒤 남은 기준가중치 비율을 합계 1로 재정규화; 현행 비교 3동은 top8에서 제외",상위 DSS 항의 기술적 ablation이며 인과효과·최적 명세를 뜻하지 않는다. 특히 CAG=demand-RI라서 명시적 의료거리 항을 제거해도 CAG 내부 시설접근성 RI는 남는다. 4개 명세 포함수는 선정확률이 아니다.,area_adjacency=AF16E5259A667F45F5BF7F6B3DF3A22E1A4837C477F6B68DDC26CDCF60E2DFF0|area_scores=455106174A3E492D501F73B8BA55EFD1B7525656638E8109AE015C290C352DE3|bus_stops=BBA5AC0E8F29538F42373B1789179B5B9D2CF0186E0D3A618537C83B74B628D5|facilities=9AA2BC9D9F9E0EC421FB7D23A9C9BF0BD5EDB59EB173A91CB27E6EB2655A1E07|grid_scores=F2B4631D6C4DB1C379BB9CAA13D29A9C055273F1C0D682BAC13EDD19C0A9E9BF|metrics_code=7A3920ABAC99C0EEE1FA013FF751C14428D5AA95E0F1F3F32FCED6B7A49541BA|model_spec=435B1018F2D35A2B421D1827A23C0DC739DC1F827F71189F8F818CE0B0C670E4|source_manifest=983711BFCB49D15F33641A807365C5022D2C4FFF285E36D669F2DD55BA01A039,population=4D1530F251B312CE6564BA5676093B1043057F46A0FE2A58CF2756AFC530DA7B|one_person=01923C6EBD7440771E4EBE20CAB0648355A18C09D198677C0E265F5E68406A7D|admdongkor_boundary=6A63D079BA8AF4701AB200AD0B54EBDEA8689808B6E0E9F17973B9BA7883DC6A|bus_stops=01B63929056B55D0A8FE372756942FB9A81A89CB121A0CDB1838DDE9ED8555BF|hira_hospital=458D04F264BFE005CB12078699156CA72AD47B52062E0F79B8140E2635086268|hira_pharmacy=65B2B1E7F65BF1EFAF20C826BC1FB03CC24B65B359F4B5B51E1A234B334505A4
4128556000,마두1동,false,0,0,[],37,37.5,38,never_top8,1.1.0,dss_top_level_component_ablation_v1,goyang_mixed_20250825_20260630,population=2026-06-30|onePersonHouseholds=2026-06-30|hiraFacilities=2026-06-30|analysisBoundary=2026-04-01|busStops=2025-08-25,가중치 0~1; Jaccard 0~1; 포함수 0~4; 순위 1~41; 동 집합,"44동에서 z(CAG), z(bus inefficiency), z(explicit facility distance)를 고정하고; 제거 항의 가중치를 0으로 만든 뒤 남은 기준가중치 비율을 합계 1로 재정규화; 현행 비교 3동은 top8에서 제외",상위 DSS 항의 기술적 ablation이며 인과효과·최적 명세를 뜻하지 않는다. 특히 CAG=demand-RI라서 명시적 의료거리 항을 제거해도 CAG 내부 시설접근성 RI는 남는다. 4개 명세 포함수는 선정확률이 아니다.,area_adjacency=AF16E5259A667F45F5BF7F6B3DF3A22E1A4837C477F6B68DDC26CDCF60E2DFF0|area_scores=455106174A3E492D501F73B8BA55EFD1B7525656638E8109AE015C290C352DE3|bus_stops=BBA5AC0E8F29538F42373B1789179B5B9D2CF0186E0D3A618537C83B74B628D5|facilities=9AA2BC9D9F9E0EC421FB7D23A9C9BF0BD5EDB59EB173A91CB27E6EB2655A1E07|grid_scores=F2B4631D6C4DB1C379BB9CAA13D29A9C055273F1C0D682BAC13EDD19C0A9E9BF|metrics_code=7A3920ABAC99C0EEE1FA013FF751C14428D5AA95E0F1F3F32FCED6B7A49541BA|model_spec=435B1018F2D35A2B421D1827A23C0DC739DC1F827F71189F8F818CE0B0C670E4|source_manifest=983711BFCB49D15F33641A807365C5022D2C4FFF285E36D669F2DD55BA01A039,population=4D1530F251B312CE6564BA5676093B1043057F46A0FE2A58CF2756AFC530DA7B|one_person=01923C6EBD7440771E4EBE20CAB0648355A18C09D198677C0E265F5E68406A7D|admdongkor_boundary=6A63D079BA8AF4701AB200AD0B54EBDEA8689808B6E0E9F17973B9BA7883DC6A|bus_stops=01B63929056B55D0A8FE372756942FB9A81A89CB121A0CDB1838DDE9ED8555BF|hira_hospital=458D04F264BFE005CB12078699156CA72AD47B52062E0F79B8140E2635086268|hira_pharmacy=65B2B1E7F65BF1EFAF20C826BC1FB03CC24B65B359F4B5B51E1A234B334505A4
4128557000,마두2동,false,0,0,[],40,40,40,never_top8,1.1.0,dss_top_level_component_ablation_v1,goyang_mixed_20250825_20260630,population=2026-06-30|onePersonHouseholds=2026-06-30|hiraFacilities=2026-06-30|analysisBoundary=2026-04-01|busStops=2025-08-25,가중치 0~1; Jaccard 0~1; 포함수 0~4; 순위 1~41; 동 집합,"44동에서 z(CAG), z(bus inefficiency), z(explicit facility distance)를 고정하고; 제거 항의 가중치를 0으로 만든 뒤 남은 기준가중치 비율을 합계 1로 재정규화; 현행 비교 3동은 top8에서 제외",상위 DSS 항의 기술적 ablation이며 인과효과·최적 명세를 뜻하지 않는다. 특히 CAG=demand-RI라서 명시적 의료거리 항을 제거해도 CAG 내부 시설접근성 RI는 남는다. 4개 명세 포함수는 선정확률이 아니다.,area_adjacency=AF16E5259A667F45F5BF7F6B3DF3A22E1A4837C477F6B68DDC26CDCF60E2DFF0|area_scores=455106174A3E492D501F73B8BA55EFD1B7525656638E8109AE015C290C352DE3|bus_stops=BBA5AC0E8F29538F42373B1789179B5B9D2CF0186E0D3A618537C83B74B628D5|facilities=9AA2BC9D9F9E0EC421FB7D23A9C9BF0BD5EDB59EB173A91CB27E6EB2655A1E07|grid_scores=F2B4631D6C4DB1C379BB9CAA13D29A9C055273F1C0D682BAC13EDD19C0A9E9BF|metrics_code=7A3920ABAC99C0EEE1FA013FF751C14428D5AA95E0F1F3F32FCED6B7A49541BA|model_spec=435B1018F2D35A2B421D1827A23C0DC739DC1F827F71189F8F818CE0B0C670E4|source_manifest=983711BFCB49D15F33641A807365C5022D2C4FFF285E36D669F2DD55BA01A039,population=4D1530F251B312CE6564BA5676093B1043057F46A0FE2A58CF2756AFC530DA7B|one_person=01923C6EBD7440771E4EBE20CAB0648355A18C09D198677C0E265F5E68406A7D|admdongkor_boundary=6A63D079BA8AF4701AB200AD0B54EBDEA8689808B6E0E9F17973B9BA7883DC6A|bus_stops=01B63929056B55D0A8FE372756942FB9A81A89CB121A0CDB1838DDE9ED8555BF|hira_hospital=458D04F264BFE005CB12078699156CA72AD47B52062E0F79B8140E2635086268|hira_pharmacy=65B2B1E7F65BF1EFAF20C826BC1FB03CC24B65B359F4B5B51E1A234B334505A4
4128558000,장항1동,false,0,0,[],20,31,35,never_top8,1.1.0,dss_top_level_component_ablation_v1,goyang_mixed_20250825_20260630,population=2026-06-30|onePersonHouseholds=2026-06-30|hiraFacilities=2026-06-30|analysisBoundary=2026-04-01|busStops=2025-08-25,가중치 0~1; Jaccard 0~1; 포함수 0~4; 순위 1~41; 동 집합,"44동에서 z(CAG), z(bus inefficiency), z(explicit facility distance)를 고정하고; 제거 항의 가중치를 0으로 만든 뒤 남은 기준가중치 비율을 합계 1로 재정규화; 현행 비교 3동은 top8에서 제외",상위 DSS 항의 기술적 ablation이며 인과효과·최적 명세를 뜻하지 않는다. 특히 CAG=demand-RI라서 명시적 의료거리 항을 제거해도 CAG 내부 시설접근성 RI는 남는다. 4개 명세 포함수는 선정확률이 아니다.,area_adjacency=AF16E5259A667F45F5BF7F6B3DF3A22E1A4837C477F6B68DDC26CDCF60E2DFF0|area_scores=455106174A3E492D501F73B8BA55EFD1B7525656638E8109AE015C290C352DE3|bus_stops=BBA5AC0E8F29538F42373B1789179B5B9D2CF0186E0D3A618537C83B74B628D5|facilities=9AA2BC9D9F9E0EC421FB7D23A9C9BF0BD5EDB59EB173A91CB27E6EB2655A1E07|grid_scores=F2B4631D6C4DB1C379BB9CAA13D29A9C055273F1C0D682BAC13EDD19C0A9E9BF|metrics_code=7A3920ABAC99C0EEE1FA013FF751C14428D5AA95E0F1F3F32FCED6B7A49541BA|model_spec=435B1018F2D35A2B421D1827A23C0DC739DC1F827F71189F8F818CE0B0C670E4|source_manifest=983711BFCB49D15F33641A807365C5022D2C4FFF285E36D669F2DD55BA01A039,population=4D1530F251B312CE6564BA5676093B1043057F46A0FE2A58CF2756AFC530DA7B|one_person=01923C6EBD7440771E4EBE20CAB0648355A18C09D198677C0E265F5E68406A7D|admdongkor_boundary=6A63D079BA8AF4701AB200AD0B54EBDEA8689808B6E0E9F17973B9BA7883DC6A|bus_stops=01B63929056B55D0A8FE372756942FB9A81A89CB121A0CDB1838DDE9ED8555BF|hira_hospital=458D04F264BFE005CB12078699156CA72AD47B52062E0F79B8140E2635086268|hira_pharmacy=65B2B1E7F65BF1EFAF20C826BC1FB03CC24B65B359F4B5B51E1A234B334505A4
4128559000,장항2동,false,0,0,[],41,41,41,never_top8,1.1.0,dss_top_level_component_ablation_v1,goyang_mixed_20250825_20260630,population=2026-06-30|onePersonHouseholds=2026-06-30|hiraFacilities=2026-06-30|analysisBoundary=2026-04-01|busStops=2025-08-25,가중치 0~1; Jaccard 0~1; 포함수 0~4; 순위 1~41; 동 집합,"44동에서 z(CAG), z(bus inefficiency), z(explicit facility distance)를 고정하고; 제거 항의 가중치를 0으로 만든 뒤 남은 기준가중치 비율을 합계 1로 재정규화; 현행 비교 3동은 top8에서 제외",상위 DSS 항의 기술적 ablation이며 인과효과·최적 명세를 뜻하지 않는다. 특히 CAG=demand-RI라서 명시적 의료거리 항을 제거해도 CAG 내부 시설접근성 RI는 남는다. 4개 명세 포함수는 선정확률이 아니다.,area_adjacency=AF16E5259A667F45F5BF7F6B3DF3A22E1A4837C477F6B68DDC26CDCF60E2DFF0|area_scores=455106174A3E492D501F73B8BA55EFD1B7525656638E8109AE015C290C352DE3|bus_stops=BBA5AC0E8F29538F42373B1789179B5B9D2CF0186E0D3A618537C83B74B628D5|facilities=9AA2BC9D9F9E0EC421FB7D23A9C9BF0BD5EDB59EB173A91CB27E6EB2655A1E07|grid_scores=F2B4631D6C4DB1C379BB9CAA13D29A9C055273F1C0D682BAC13EDD19C0A9E9BF|metrics_code=7A3920ABAC99C0EEE1FA013FF751C14428D5AA95E0F1F3F32FCED6B7A49541BA|model_spec=435B1018F2D35A2B421D1827A23C0DC739DC1F827F71189F8F818CE0B0C670E4|source_manifest=983711BFCB49D15F33641A807365C5022D2C4FFF285E36D669F2DD55BA01A039,population=4D1530F251B312CE6564BA5676093B1043057F46A0FE2A58CF2756AFC530DA7B|one_person=01923C6EBD7440771E4EBE20CAB0648355A18C09D198677C0E265F5E68406A7D|admdongkor_boundary=6A63D079BA8AF4701AB200AD0B54EBDEA8689808B6E0E9F17973B9BA7883DC6A|bus_stops=01B63929056B55D0A8FE372756942FB9A81A89CB121A0CDB1838DDE9ED8555BF|hira_hospital=458D04F264BFE005CB12078699156CA72AD47B52062E0F79B8140E2635086268|hira_pharmacy=65B2B1E7F65BF1EFAF20C826BC1FB03CC24B65B359F4B5B51E1A234B334505A4
4128751000,일산1동,false,3,0.75,"[""remove_bus"",""remove_explicit_facility"",""remove_bus_and_explicit_facility""]",3,7.5,12,alternative_entry,1.1.0,dss_top_level_component_ablation_v1,goyang_mixed_20250825_20260630,population=2026-06-30|onePersonHouseholds=2026-06-30|hiraFacilities=2026-06-30|analysisBoundary=2026-04-01|busStops=2025-08-25,가중치 0~1; Jaccard 0~1; 포함수 0~4; 순위 1~41; 동 집합,"44동에서 z(CAG), z(bus inefficiency), z(explicit facility distance)를 고정하고; 제거 항의 가중치를 0으로 만든 뒤 남은 기준가중치 비율을 합계 1로 재정규화; 현행 비교 3동은 top8에서 제외",상위 DSS 항의 기술적 ablation이며 인과효과·최적 명세를 뜻하지 않는다. 특히 CAG=demand-RI라서 명시적 의료거리 항을 제거해도 CAG 내부 시설접근성 RI는 남는다. 4개 명세 포함수는 선정확률이 아니다.,area_adjacency=AF16E5259A667F45F5BF7F6B3DF3A22E1A4837C477F6B68DDC26CDCF60E2DFF0|area_scores=455106174A3E492D501F73B8BA55EFD1B7525656638E8109AE015C290C352DE3|bus_stops=BBA5AC0E8F29538F42373B1789179B5B9D2CF0186E0D3A618537C83B74B628D5|facilities=9AA2BC9D9F9E0EC421FB7D23A9C9BF0BD5EDB59EB173A91CB27E6EB2655A1E07|grid_scores=F2B4631D6C4DB1C379BB9CAA13D29A9C055273F1C0D682BAC13EDD19C0A9E9BF|metrics_code=7A3920ABAC99C0EEE1FA013FF751C14428D5AA95E0F1F3F32FCED6B7A49541BA|model_spec=435B1018F2D35A2B421D1827A23C0DC739DC1F827F71189F8F818CE0B0C670E4|source_manifest=983711BFCB49D15F33641A807365C5022D2C4FFF285E36D669F2DD55BA01A039,population=4D1530F251B312CE6564BA5676093B1043057F46A0FE2A58CF2756AFC530DA7B|one_person=01923C6EBD7440771E4EBE20CAB0648355A18C09D198677C0E265F5E68406A7D|admdongkor_boundary=6A63D079BA8AF4701AB200AD0B54EBDEA8689808B6E0E9F17973B9BA7883DC6A|bus_stops=01B63929056B55D0A8FE372756942FB9A81A89CB121A0CDB1838DDE9ED8555BF|hira_hospital=458D04F264BFE005CB12078699156CA72AD47B52062E0F79B8140E2635086268|hira_pharmacy=65B2B1E7F65BF1EFAF20C826BC1FB03CC24B65B359F4B5B51E1A234B334505A4
4128752000,일산2동,false,0,0,[],10,15,19,never_top8,1.1.0,dss_top_level_component_ablation_v1,goyang_mixed_20250825_20260630,population=2026-06-30|onePersonHouseholds=2026-06-30|hiraFacilities=2026-06-30|analysisBoundary=2026-04-01|busStops=2025-08-25,가중치 0~1; Jaccard 0~1; 포함수 0~4; 순위 1~41; 동 집합,"44동에서 z(CAG), z(bus inefficiency), z(explicit facility distance)를 고정하고; 제거 항의 가중치를 0으로 만든 뒤 남은 기준가중치 비율을 합계 1로 재정규화; 현행 비교 3동은 top8에서 제외",상위 DSS 항의 기술적 ablation이며 인과효과·최적 명세를 뜻하지 않는다. 특히 CAG=demand-RI라서 명시적 의료거리 항을 제거해도 CAG 내부 시설접근성 RI는 남는다. 4개 명세 포함수는 선정확률이 아니다.,area_adjacency=AF16E5259A667F45F5BF7F6B3DF3A22E1A4837C477F6B68DDC26CDCF60E2DFF0|area_scores=455106174A3E492D501F73B8BA55EFD1B7525656638E8109AE015C290C352DE3|bus_stops=BBA5AC0E8F29538F42373B1789179B5B9D2CF0186E0D3A618537C83B74B628D5|facilities=9AA2BC9D9F9E0EC421FB7D23A9C9BF0BD5EDB59EB173A91CB27E6EB2655A1E07|grid_scores=F2B4631D6C4DB1C379BB9CAA13D29A9C055273F1C0D682BAC13EDD19C0A9E9BF|metrics_code=7A3920ABAC99C0EEE1FA013FF751C14428D5AA95E0F1F3F32FCED6B7A49541BA|model_spec=435B1018F2D35A2B421D1827A23C0DC739DC1F827F71189F8F818CE0B0C670E4|source_manifest=983711BFCB49D15F33641A807365C5022D2C4FFF285E36D669F2DD55BA01A039,population=4D1530F251B312CE6564BA5676093B1043057F46A0FE2A58CF2756AFC530DA7B|one_person=01923C6EBD7440771E4EBE20CAB0648355A18C09D198677C0E265F5E68406A7D|admdongkor_boundary=6A63D079BA8AF4701AB200AD0B54EBDEA8689808B6E0E9F17973B9BA7883DC6A|bus_stops=01B63929056B55D0A8FE372756942FB9A81A89CB121A0CDB1838DDE9ED8555BF|hira_hospital=458D04F264BFE005CB12078699156CA72AD47B52062E0F79B8140E2635086268|hira_pharmacy=65B2B1E7F65BF1EFAF20C826BC1FB03CC24B65B359F4B5B51E1A234B334505A4
4128753000,일산3동,false,0,0,[],39,39,39,never_top8,1.1.0,dss_top_level_component_ablation_v1,goyang_mixed_20250825_20260630,population=2026-06-30|onePersonHouseholds=2026-06-30|hiraFacilities=2026-06-30|analysisBoundary=2026-04-01|busStops=2025-08-25,가중치 0~1; Jaccard 0~1; 포함수 0~4; 순위 1~41; 동 집합,"44동에서 z(CAG), z(bus inefficiency), z(explicit facility distance)를 고정하고; 제거 항의 가중치를 0으로 만든 뒤 남은 기준가중치 비율을 합계 1로 재정규화; 현행 비교 3동은 top8에서 제외",상위 DSS 항의 기술적 ablation이며 인과효과·최적 명세를 뜻하지 않는다. 특히 CAG=demand-RI라서 명시적 의료거리 항을 제거해도 CAG 내부 시설접근성 RI는 남는다. 4개 명세 포함수는 선정확률이 아니다.,area_adjacency=AF16E5259A667F45F5BF7F6B3DF3A22E1A4837C477F6B68DDC26CDCF60E2DFF0|area_scores=455106174A3E492D501F73B8BA55EFD1B7525656638E8109AE015C290C352DE3|bus_stops=BBA5AC0E8F29538F42373B1789179B5B9D2CF0186E0D3A618537C83B74B628D5|facilities=9AA2BC9D9F9E0EC421FB7D23A9C9BF0BD5EDB59EB173A91CB27E6EB2655A1E07|grid_scores=F2B4631D6C4DB1C379BB9CAA13D29A9C055273F1C0D682BAC13EDD19C0A9E9BF|metrics_code=7A3920ABAC99C0EEE1FA013FF751C14428D5AA95E0F1F3F32FCED6B7A49541BA|model_spec=435B1018F2D35A2B421D1827A23C0DC739DC1F827F71189F8F818CE0B0C670E4|source_manifest=983711BFCB49D15F33641A807365C5022D2C4FFF285E36D669F2DD55BA01A039,population=4D1530F251B312CE6564BA5676093B1043057F46A0FE2A58CF2756AFC530DA7B|one_person=01923C6EBD7440771E4EBE20CAB0648355A18C09D198677C0E265F5E68406A7D|admdongkor_boundary=6A63D079BA8AF4701AB200AD0B54EBDEA8689808B6E0E9F17973B9BA7883DC6A|bus_stops=01B63929056B55D0A8FE372756942FB9A81A89CB121A0CDB1838DDE9ED8555BF|hira_hospital=458D04F264BFE005CB12078699156CA72AD47B52062E0F79B8140E2635086268|hira_pharmacy=65B2B1E7F65BF1EFAF20C826BC1FB03CC24B65B359F4B5B51E1A234B334505A4
4128754500,탄현1동,false,0,0,[],20,23.5,30,never_top8,1.1.0,dss_top_level_component_ablation_v1,goyang_mixed_20250825_20260630,population=2026-06-30|onePersonHouseholds=2026-06-30|hiraFacilities=2026-06-30|analysisBoundary=2026-04-01|busStops=2025-08-25,가중치 0~1; Jaccard 0~1; 포함수 0~4; 순위 1~41; 동 집합,"44동에서 z(CAG), z(bus inefficiency), z(explicit facility distance)를 고정하고; 제거 항의 가중치를 0으로 만든 뒤 남은 기준가중치 비율을 합계 1로 재정규화; 현행 비교 3동은 top8에서 제외",상위 DSS 항의 기술적 ablation이며 인과효과·최적 명세를 뜻하지 않는다. 특히 CAG=demand-RI라서 명시적 의료거리 항을 제거해도 CAG 내부 시설접근성 RI는 남는다. 4개 명세 포함수는 선정확률이 아니다.,area_adjacency=AF16E5259A667F45F5BF7F6B3DF3A22E1A4837C477F6B68DDC26CDCF60E2DFF0|area_scores=455106174A3E492D501F73B8BA55EFD1B7525656638E8109AE015C290C352DE3|bus_stops=BBA5AC0E8F29538F42373B1789179B5B9D2CF0186E0D3A618537C83B74B628D5|facilities=9AA2BC9D9F9E0EC421FB7D23A9C9BF0BD5EDB59EB173A91CB27E6EB2655A1E07|grid_scores=F2B4631D6C4DB1C379BB9CAA13D29A9C055273F1C0D682BAC13EDD19C0A9E9BF|metrics_code=7A3920ABAC99C0EEE1FA013FF751C14428D5AA95E0F1F3F32FCED6B7A49541BA|model_spec=435B1018F2D35A2B421D1827A23C0DC739DC1F827F71189F8F818CE0B0C670E4|source_manifest=983711BFCB49D15F33641A807365C5022D2C4FFF285E36D669F2DD55BA01A039,population=4D1530F251B312CE6564BA5676093B1043057F46A0FE2A58CF2756AFC530DA7B|one_person=01923C6EBD7440771E4EBE20CAB0648355A18C09D198677C0E265F5E68406A7D|admdongkor_boundary=6A63D079BA8AF4701AB200AD0B54EBDEA8689808B6E0E9F17973B9BA7883DC6A|bus_stops=01B63929056B55D0A8FE372756942FB9A81A89CB121A0CDB1838DDE9ED8555BF|hira_hospital=458D04F264BFE005CB12078699156CA72AD47B52062E0F79B8140E2635086268|hira_pharmacy=65B2B1E7F65BF1EFAF20C826BC1FB03CC24B65B359F4B5B51E1A234B334505A4
4128754600,탄현2동,false,0,0,[],19,22.5,26,never_top8,1.1.0,dss_top_level_component_ablation_v1,goyang_mixed_20250825_20260630,population=2026-06-30|onePersonHouseholds=2026-06-30|hiraFacilities=2026-06-30|analysisBoundary=2026-04-01|busStops=2025-08-25,가중치 0~1; Jaccard 0~1; 포함수 0~4; 순위 1~41; 동 집합,"44동에서 z(CAG), z(bus inefficiency), z(explicit facility distance)를 고정하고; 제거 항의 가중치를 0으로 만든 뒤 남은 기준가중치 비율을 합계 1로 재정규화; 현행 비교 3동은 top8에서 제외",상위 DSS 항의 기술적 ablation이며 인과효과·최적 명세를 뜻하지 않는다. 특히 CAG=demand-RI라서 명시적 의료거리 항을 제거해도 CAG 내부 시설접근성 RI는 남는다. 4개 명세 포함수는 선정확률이 아니다.,area_adjacency=AF16E5259A667F45F5BF7F6B3DF3A22E1A4837C477F6B68DDC26CDCF60E2DFF0|area_scores=455106174A3E492D501F73B8BA55EFD1B7525656638E8109AE015C290C352DE3|bus_stops=BBA5AC0E8F29538F42373B1789179B5B9D2CF0186E0D3A618537C83B74B628D5|facilities=9AA2BC9D9F9E0EC421FB7D23A9C9BF0BD5EDB59EB173A91CB27E6EB2655A1E07|grid_scores=F2B4631D6C4DB1C379BB9CAA13D29A9C055273F1C0D682BAC13EDD19C0A9E9BF|metrics_code=7A3920ABAC99C0EEE1FA013FF751C14428D5AA95E0F1F3F32FCED6B7A49541BA|model_spec=435B1018F2D35A2B421D1827A23C0DC739DC1F827F71189F8F818CE0B0C670E4|source_manifest=983711BFCB49D15F33641A807365C5022D2C4FFF285E36D669F2DD55BA01A039,population=4D1530F251B312CE6564BA5676093B1043057F46A0FE2A58CF2756AFC530DA7B|one_person=01923C6EBD7440771E4EBE20CAB0648355A18C09D198677C0E265F5E68406A7D|admdongkor_boundary=6A63D079BA8AF4701AB200AD0B54EBDEA8689808B6E0E9F17973B9BA7883DC6A|bus_stops=01B63929056B55D0A8FE372756942FB9A81A89CB121A0CDB1838DDE9ED8555BF|hira_hospital=458D04F264BFE005CB12078699156CA72AD47B52062E0F79B8140E2635086268|hira_pharmacy=65B2B1E7F65BF1EFAF20C826BC1FB03CC24B65B359F4B5B51E1A234B334505A4
4128755000,주엽1동,false,0,0,[],36,36,36,never_top8,1.1.0,dss_top_level_component_ablation_v1,goyang_mixed_20250825_20260630,population=2026-06-30|onePersonHouseholds=2026-06-30|hiraFacilities=2026-06-30|analysisBoundary=2026-04-01|busStops=2025-08-25,가중치 0~1; Jaccard 0~1; 포함수 0~4; 순위 1~41; 동 집합,"44동에서 z(CAG), z(bus inefficiency), z(explicit facility distance)를 고정하고; 제거 항의 가중치를 0으로 만든 뒤 남은 기준가중치 비율을 합계 1로 재정규화; 현행 비교 3동은 top8에서 제외",상위 DSS 항의 기술적 ablation이며 인과효과·최적 명세를 뜻하지 않는다. 특히 CAG=demand-RI라서 명시적 의료거리 항을 제거해도 CAG 내부 시설접근성 RI는 남는다. 4개 명세 포함수는 선정확률이 아니다.,area_adjacency=AF16E5259A667F45F5BF7F6B3DF3A22E1A4837C477F6B68DDC26CDCF60E2DFF0|area_scores=455106174A3E492D501F73B8BA55EFD1B7525656638E8109AE015C290C352DE3|bus_stops=BBA5AC0E8F29538F42373B1789179B5B9D2CF0186E0D3A618537C83B74B628D5|facilities=9AA2BC9D9F9E0EC421FB7D23A9C9BF0BD5EDB59EB173A91CB27E6EB2655A1E07|grid_scores=F2B4631D6C4DB1C379BB9CAA13D29A9C055273F1C0D682BAC13EDD19C0A9E9BF|metrics_code=7A3920ABAC99C0EEE1FA013FF751C14428D5AA95E0F1F3F32FCED6B7A49541BA|model_spec=435B1018F2D35A2B421D1827A23C0DC739DC1F827F71189F8F818CE0B0C670E4|source_manifest=983711BFCB49D15F33641A807365C5022D2C4FFF285E36D669F2DD55BA01A039,population=4D1530F251B312CE6564BA5676093B1043057F46A0FE2A58CF2756AFC530DA7B|one_person=01923C6EBD7440771E4EBE20CAB0648355A18C09D198677C0E265F5E68406A7D|admdongkor_boundary=6A63D079BA8AF4701AB200AD0B54EBDEA8689808B6E0E9F17973B9BA7883DC6A|bus_stops=01B63929056B55D0A8FE372756942FB9A81A89CB121A0CDB1838DDE9ED8555BF|hira_hospital=458D04F264BFE005CB12078699156CA72AD47B52062E0F79B8140E2635086268|hira_pharmacy=65B2B1E7F65BF1EFAF20C826BC1FB03CC24B65B359F4B5B51E1A234B334505A4
4128756000,주엽2동,false,0,0,[],30,33.5,34,never_top8,1.1.0,dss_top_level_component_ablation_v1,goyang_mixed_20250825_20260630,population=2026-06-30|onePersonHouseholds=2026-06-30|hiraFacilities=2026-06-30|analysisBoundary=2026-04-01|busStops=2025-08-25,가중치 0~1; Jaccard 0~1; 포함수 0~4; 순위 1~41; 동 집합,"44동에서 z(CAG), z(bus inefficiency), z(explicit facility distance)를 고정하고; 제거 항의 가중치를 0으로 만든 뒤 남은 기준가중치 비율을 합계 1로 재정규화; 현행 비교 3동은 top8에서 제외",상위 DSS 항의 기술적 ablation이며 인과효과·최적 명세를 뜻하지 않는다. 특히 CAG=demand-RI라서 명시적 의료거리 항을 제거해도 CAG 내부 시설접근성 RI는 남는다. 4개 명세 포함수는 선정확률이 아니다.,area_adjacency=AF16E5259A667F45F5BF7F6B3DF3A22E1A4837C477F6B68DDC26CDCF60E2DFF0|area_scores=455106174A3E492D501F73B8BA55EFD1B7525656638E8109AE015C290C352DE3|bus_stops=BBA5AC0E8F29538F42373B1789179B5B9D2CF0186E0D3A618537C83B74B628D5|facilities=9AA2BC9D9F9E0EC421FB7D23A9C9BF0BD5EDB59EB173A91CB27E6EB2655A1E07|grid_scores=F2B4631D6C4DB1C379BB9CAA13D29A9C055273F1C0D682BAC13EDD19C0A9E9BF|metrics_code=7A3920ABAC99C0EEE1FA013FF751C14428D5AA95E0F1F3F32FCED6B7A49541BA|model_spec=435B1018F2D35A2B421D1827A23C0DC739DC1F827F71189F8F818CE0B0C670E4|source_manifest=983711BFCB49D15F33641A807365C5022D2C4FFF285E36D669F2DD55BA01A039,population=4D1530F251B312CE6564BA5676093B1043057F46A0FE2A58CF2756AFC530DA7B|one_person=01923C6EBD7440771E4EBE20CAB0648355A18C09D198677C0E265F5E68406A7D|admdongkor_boundary=6A63D079BA8AF4701AB200AD0B54EBDEA8689808B6E0E9F17973B9BA7883DC6A|bus_stops=01B63929056B55D0A8FE372756942FB9A81A89CB121A0CDB1838DDE9ED8555BF|hira_hospital=458D04F264BFE005CB12078699156CA72AD47B52062E0F79B8140E2635086268|hira_pharmacy=65B2B1E7F65BF1EFAF20C826BC1FB03CC24B65B359F4B5B51E1A234B334505A4
4128757000,대화동,false,0,0,[],34,35,35,never_top8,1.1.0,dss_top_level_component_ablation_v1,goyang_mixed_20250825_20260630,population=2026-06-30|onePersonHouseholds=2026-06-30|hiraFacilities=2026-06-30|analysisBoundary=2026-04-01|busStops=2025-08-25,가중치 0~1; Jaccard 0~1; 포함수 0~4; 순위 1~41; 동 집합,"44동에서 z(CAG), z(bus inefficiency), z(explicit facility distance)를 고정하고; 제거 항의 가중치를 0으로 만든 뒤 남은 기준가중치 비율을 합계 1로 재정규화; 현행 비교 3동은 top8에서 제외",상위 DSS 항의 기술적 ablation이며 인과효과·최적 명세를 뜻하지 않는다. 특히 CAG=demand-RI라서 명시적 의료거리 항을 제거해도 CAG 내부 시설접근성 RI는 남는다. 4개 명세 포함수는 선정확률이 아니다.,area_adjacency=AF16E5259A667F45F5BF7F6B3DF3A22E1A4837C477F6B68DDC26CDCF60E2DFF0|area_scores=455106174A3E492D501F73B8BA55EFD1B7525656638E8109AE015C290C352DE3|bus_stops=BBA5AC0E8F29538F42373B1789179B5B9D2CF0186E0D3A618537C83B74B628D5|facilities=9AA2BC9D9F9E0EC421FB7D23A9C9BF0BD5EDB59EB173A91CB27E6EB2655A1E07|grid_scores=F2B4631D6C4DB1C379BB9CAA13D29A9C055273F1C0D682BAC13EDD19C0A9E9BF|metrics_code=7A3920ABAC99C0EEE1FA013FF751C14428D5AA95E0F1F3F32FCED6B7A49541BA|model_spec=435B1018F2D35A2B421D1827A23C0DC739DC1F827F71189F8F818CE0B0C670E4|source_manifest=983711BFCB49D15F33641A807365C5022D2C4FFF285E36D669F2DD55BA01A039,population=4D1530F251B312CE6564BA5676093B1043057F46A0FE2A58CF2756AFC530DA7B|one_person=01923C6EBD7440771E4EBE20CAB0648355A18C09D198677C0E265F5E68406A7D|admdongkor_boundary=6A63D079BA8AF4701AB200AD0B54EBDEA8689808B6E0E9F17973B9BA7883DC6A|bus_stops=01B63929056B55D0A8FE372756942FB9A81A89CB121A0CDB1838DDE9ED8555BF|hira_hospital=458D04F264BFE005CB12078699156CA72AD47B52062E0F79B8140E2635086268|hira_pharmacy=65B2B1E7F65BF1EFAF20C826BC1FB03CC24B65B359F4B5B51E1A234B334505A4
4128758000,송포동,true,1,0.25,"[""baseline""]",8,14,21,conditional_baseline,1.1.0,dss_top_level_component_ablation_v1,goyang_mixed_20250825_20260630,population=2026-06-30|onePersonHouseholds=2026-06-30|hiraFacilities=2026-06-30|analysisBoundary=2026-04-01|busStops=2025-08-25,가중치 0~1; Jaccard 0~1; 포함수 0~4; 순위 1~41; 동 집합,"44동에서 z(CAG), z(bus inefficiency), z(explicit facility distance)를 고정하고; 제거 항의 가중치를 0으로 만든 뒤 남은 기준가중치 비율을 합계 1로 재정규화; 현행 비교 3동은 top8에서 제외",상위 DSS 항의 기술적 ablation이며 인과효과·최적 명세를 뜻하지 않는다. 특히 CAG=demand-RI라서 명시적 의료거리 항을 제거해도 CAG 내부 시설접근성 RI는 남는다. 4개 명세 포함수는 선정확률이 아니다.,area_adjacency=AF16E5259A667F45F5BF7F6B3DF3A22E1A4837C477F6B68DDC26CDCF60E2DFF0|area_scores=455106174A3E492D501F73B8BA55EFD1B7525656638E8109AE015C290C352DE3|bus_stops=BBA5AC0E8F29538F42373B1789179B5B9D2CF0186E0D3A618537C83B74B628D5|facilities=9AA2BC9D9F9E0EC421FB7D23A9C9BF0BD5EDB59EB173A91CB27E6EB2655A1E07|grid_scores=F2B4631D6C4DB1C379BB9CAA13D29A9C055273F1C0D682BAC13EDD19C0A9E9BF|metrics_code=7A3920ABAC99C0EEE1FA013FF751C14428D5AA95E0F1F3F32FCED6B7A49541BA|model_spec=435B1018F2D35A2B421D1827A23C0DC739DC1F827F71189F8F818CE0B0C670E4|source_manifest=983711BFCB49D15F33641A807365C5022D2C4FFF285E36D669F2DD55BA01A039,population=4D1530F251B312CE6564BA5676093B1043057F46A0FE2A58CF2756AFC530DA7B|one_person=01923C6EBD7440771E4EBE20CAB0648355A18C09D198677C0E265F5E68406A7D|admdongkor_boundary=6A63D079BA8AF4701AB200AD0B54EBDEA8689808B6E0E9F17973B9BA7883DC6A|bus_stops=01B63929056B55D0A8FE372756942FB9A81A89CB121A0CDB1838DDE9ED8555BF|hira_hospital=458D04F264BFE005CB12078699156CA72AD47B52062E0F79B8140E2635086268|hira_pharmacy=65B2B1E7F65BF1EFAF20C826BC1FB03CC24B65B359F4B5B51E1A234B334505A4
4128760000,덕이동,false,0,0,[],24,27.5,29,never_top8,1.1.0,dss_top_level_component_ablation_v1,goyang_mixed_20250825_20260630,population=2026-06-30|onePersonHouseholds=2026-06-30|hiraFacilities=2026-06-30|analysisBoundary=2026-04-01|busStops=2025-08-25,가중치 0~1; Jaccard 0~1; 포함수 0~4; 순위 1~41; 동 집합,"44동에서 z(CAG), z(bus inefficiency), z(explicit facility distance)를 고정하고; 제거 항의 가중치를 0으로 만든 뒤 남은 기준가중치 비율을 합계 1로 재정규화; 현행 비교 3동은 top8에서 제외",상위 DSS 항의 기술적 ablation이며 인과효과·최적 명세를 뜻하지 않는다. 특히 CAG=demand-RI라서 명시적 의료거리 항을 제거해도 CAG 내부 시설접근성 RI는 남는다. 4개 명세 포함수는 선정확률이 아니다.,area_adjacency=AF16E5259A667F45F5BF7F6B3DF3A22E1A4837C477F6B68DDC26CDCF60E2DFF0|area_scores=455106174A3E492D501F73B8BA55EFD1B7525656638E8109AE015C290C352DE3|bus_stops=BBA5AC0E8F29538F42373B1789179B5B9D2CF0186E0D3A618537C83B74B628D5|facilities=9AA2BC9D9F9E0EC421FB7D23A9C9BF0BD5EDB59EB173A91CB27E6EB2655A1E07|grid_scores=F2B4631D6C4DB1C379BB9CAA13D29A9C055273F1C0D682BAC13EDD19C0A9E9BF|metrics_code=7A3920ABAC99C0EEE1FA013FF751C14428D5AA95E0F1F3F32FCED6B7A49541BA|model_spec=435B1018F2D35A2B421D1827A23C0DC739DC1F827F71189F8F818CE0B0C670E4|source_manifest=983711BFCB49D15F33641A807365C5022D2C4FFF285E36D669F2DD55BA01A039,population=4D1530F251B312CE6564BA5676093B1043057F46A0FE2A58CF2756AFC530DA7B|one_person=01923C6EBD7440771E4EBE20CAB0648355A18C09D198677C0E265F5E68406A7D|admdongkor_boundary=6A63D079BA8AF4701AB200AD0B54EBDEA8689808B6E0E9F17973B9BA7883DC6A|bus_stops=01B63929056B55D0A8FE372756942FB9A81A89CB121A0CDB1838DDE9ED8555BF|hira_hospital=458D04F264BFE005CB12078699156CA72AD47B52062E0F79B8140E2635086268|hira_pharmacy=65B2B1E7F65BF1EFAF20C826BC1FB03CC24B65B359F4B5B51E1A234B334505A4
4128761000,가좌동,true,3,0.75,"[""baseline"",""remove_bus"",""remove_explicit_facility""]",1,4,15,conditional_baseline,1.1.0,dss_top_level_component_ablation_v1,goyang_mixed_20250825_20260630,population=2026-06-30|onePersonHouseholds=2026-06-30|hiraFacilities=2026-06-30|analysisBoundary=2026-04-01|busStops=2025-08-25,가중치 0~1; Jaccard 0~1; 포함수 0~4; 순위 1~41; 동 집합,"44동에서 z(CAG), z(bus inefficiency), z(explicit facility distance)를 고정하고; 제거 항의 가중치를 0으로 만든 뒤 남은 기준가중치 비율을 합계 1로 재정규화; 현행 비교 3동은 top8에서 제외",상위 DSS 항의 기술적 ablation이며 인과효과·최적 명세를 뜻하지 않는다. 특히 CAG=demand-RI라서 명시적 의료거리 항을 제거해도 CAG 내부 시설접근성 RI는 남는다. 4개 명세 포함수는 선정확률이 아니다.,area_adjacency=AF16E5259A667F45F5BF7F6B3DF3A22E1A4837C477F6B68DDC26CDCF60E2DFF0|area_scores=455106174A3E492D501F73B8BA55EFD1B7525656638E8109AE015C290C352DE3|bus_stops=BBA5AC0E8F29538F42373B1789179B5B9D2CF0186E0D3A618537C83B74B628D5|facilities=9AA2BC9D9F9E0EC421FB7D23A9C9BF0BD5EDB59EB173A91CB27E6EB2655A1E07|grid_scores=F2B4631D6C4DB1C379BB9CAA13D29A9C055273F1C0D682BAC13EDD19C0A9E9BF|metrics_code=7A3920ABAC99C0EEE1FA013FF751C14428D5AA95E0F1F3F32FCED6B7A49541BA|model_spec=435B1018F2D35A2B421D1827A23C0DC739DC1F827F71189F8F818CE0B0C670E4|source_manifest=983711BFCB49D15F33641A807365C5022D2C4FFF285E36D669F2DD55BA01A039,population=4D1530F251B312CE6564BA5676093B1043057F46A0FE2A58CF2756AFC530DA7B|one_person=01923C6EBD7440771E4EBE20CAB0648355A18C09D198677C0E265F5E68406A7D|admdongkor_boundary=6A63D079BA8AF4701AB200AD0B54EBDEA8689808B6E0E9F17973B9BA7883DC6A|bus_stops=01B63929056B55D0A8FE372756942FB9A81A89CB121A0CDB1838DDE9ED8555BF|hira_hospital=458D04F264BFE005CB12078699156CA72AD47B52062E0F79B8140E2635086268|hira_pharmacy=65B2B1E7F65BF1EFAF20C826BC1FB03CC24B65B359F4B5B51E1A234B334505A4
