code,district,dong,baselineCandidate,allStopCount,villageServingStopCount,villageServingStopShare,allRouteMentionCount,villageRouteMentionCount,villageRouteMentionShare,uniqueAllRouteCount,uniqueVillageRouteCount,villageRouteNames,villageServingStopShareAscendingRank,uniqueVillageRouteCountAscendingRank,belowCityAreaMedianVillageStopShare,belowCityAreaMedianUniqueVillageRoutes,artifact_schema_version,analysis_id,snapshot_id,source_dates,unit_definition,formula,limitation,input_sha256,raw_source_sha256
4128151000,고양시 덕양구,주교동,true,59,51,0.864406779661017,123,62,0.504065040650406,22,7,"[""017A"",""018"",""019"",""029B"",""072A"",""097"",""099""]",25,19,false,false,1.1.0,village_bus_static_presence_screen_v1,goyang_mixed_20250825_20260630,population=2026-06-30|onePersonHouseholds=2026-06-30|hiraFacilities=2026-06-30|analysisBoundary=2026-04-01|busStops=2025-08-25,정류장 개소; 노선표기 건; 고유 노선명 개; 비율 0~1; 낮은값 순위 1~44,routes_raw를 comma로 분리하고 '노선명(유형)'을 파싱; 유형='마을' 표기를 추출; 동별 마을정류장비율=마을노선 1개 이상 표기 정류장/전체 경계내 정류장; 고유 마을노선=동별 routeName distinct count,2025-08-25 정류장 CSV의 정적 노선 존재 표기만 쓴 1차 스크리닝이다. 배차·운행횟수·방향·시간대·환승·OD·보행권·노선변경을 알 수 없으므로 공급량·접근성·서비스 품질·도입 우선순위로 해석하지 않는다. 순위는 낮은 값 탐색용이다.,area_adjacency=AF16E5259A667F45F5BF7F6B3DF3A22E1A4837C477F6B68DDC26CDCF60E2DFF0|area_scores=455106174A3E492D501F73B8BA55EFD1B7525656638E8109AE015C290C352DE3|bus_stops=BBA5AC0E8F29538F42373B1789179B5B9D2CF0186E0D3A618537C83B74B628D5|facilities=9AA2BC9D9F9E0EC421FB7D23A9C9BF0BD5EDB59EB173A91CB27E6EB2655A1E07|grid_scores=F2B4631D6C4DB1C379BB9CAA13D29A9C055273F1C0D682BAC13EDD19C0A9E9BF|metrics_code=7A3920ABAC99C0EEE1FA013FF751C14428D5AA95E0F1F3F32FCED6B7A49541BA|model_spec=435B1018F2D35A2B421D1827A23C0DC739DC1F827F71189F8F818CE0B0C670E4|source_manifest=86163BE779951590317AB41BE2F9DE18666BC936F1735593673513008868CEC9,population=4D1530F251B312CE6564BA5676093B1043057F46A0FE2A58CF2756AFC530DA7B|one_person=01923C6EBD7440771E4EBE20CAB0648355A18C09D198677C0E265F5E68406A7D|admdongkor_boundary=6A63D079BA8AF4701AB200AD0B54EBDEA8689808B6E0E9F17973B9BA7883DC6A|bus_stops=01B63929056B55D0A8FE372756942FB9A81A89CB121A0CDB1838DDE9ED8555BF|hira_hospital=458D04F264BFE005CB12078699156CA72AD47B52062E0F79B8140E2635086268|hira_pharmacy=65B2B1E7F65BF1EFAF20C826BC1FB03CC24B65B359F4B5B51E1A234B334505A4
4128152000,고양시 덕양구,원신동,false,66,44,0.666666666666667,289,130,0.449826989619377,39,18,"[""012"",""013"",""025"",""026"",""033"",""037"",""040"",""041B"",""043"",""043(원당역)"",""047"",""048"",""053"",""075B"",""077A"",""088"",""093"",""094""]",8,43,true,false,1.1.0,village_bus_static_presence_screen_v1,goyang_mixed_20250825_20260630,population=2026-06-30|onePersonHouseholds=2026-06-30|hiraFacilities=2026-06-30|analysisBoundary=2026-04-01|busStops=2025-08-25,정류장 개소; 노선표기 건; 고유 노선명 개; 비율 0~1; 낮은값 순위 1~44,routes_raw를 comma로 분리하고 '노선명(유형)'을 파싱; 유형='마을' 표기를 추출; 동별 마을정류장비율=마을노선 1개 이상 표기 정류장/전체 경계내 정류장; 고유 마을노선=동별 routeName distinct count,2025-08-25 정류장 CSV의 정적 노선 존재 표기만 쓴 1차 스크리닝이다. 배차·운행횟수·방향·시간대·환승·OD·보행권·노선변경을 알 수 없으므로 공급량·접근성·서비스 품질·도입 우선순위로 해석하지 않는다. 순위는 낮은 값 탐색용이다.,area_adjacency=AF16E5259A667F45F5BF7F6B3DF3A22E1A4837C477F6B68DDC26CDCF60E2DFF0|area_scores=455106174A3E492D501F73B8BA55EFD1B7525656638E8109AE015C290C352DE3|bus_stops=BBA5AC0E8F29538F42373B1789179B5B9D2CF0186E0D3A618537C83B74B628D5|facilities=9AA2BC9D9F9E0EC421FB7D23A9C9BF0BD5EDB59EB173A91CB27E6EB2655A1E07|grid_scores=F2B4631D6C4DB1C379BB9CAA13D29A9C055273F1C0D682BAC13EDD19C0A9E9BF|metrics_code=7A3920ABAC99C0EEE1FA013FF751C14428D5AA95E0F1F3F32FCED6B7A49541BA|model_spec=435B1018F2D35A2B421D1827A23C0DC739DC1F827F71189F8F818CE0B0C670E4|source_manifest=86163BE779951590317AB41BE2F9DE18666BC936F1735593673513008868CEC9,population=4D1530F251B312CE6564BA5676093B1043057F46A0FE2A58CF2756AFC530DA7B|one_person=01923C6EBD7440771E4EBE20CAB0648355A18C09D198677C0E265F5E68406A7D|admdongkor_boundary=6A63D079BA8AF4701AB200AD0B54EBDEA8689808B6E0E9F17973B9BA7883DC6A|bus_stops=01B63929056B55D0A8FE372756942FB9A81A89CB121A0CDB1838DDE9ED8555BF|hira_hospital=458D04F264BFE005CB12078699156CA72AD47B52062E0F79B8140E2635086268|hira_pharmacy=65B2B1E7F65BF1EFAF20C826BC1FB03CC24B65B359F4B5B51E1A234B334505A4
4128153000,고양시 덕양구,흥도동,false,74,69,0.932432432432432,209,134,0.641148325358852,20,7,"[""024A"",""024B"",""035"",""043"",""043(원당역)"",""046"",""075B""]",42,19,false,false,1.1.0,village_bus_static_presence_screen_v1,goyang_mixed_20250825_20260630,population=2026-06-30|onePersonHouseholds=2026-06-30|hiraFacilities=2026-06-30|analysisBoundary=2026-04-01|busStops=2025-08-25,정류장 개소; 노선표기 건; 고유 노선명 개; 비율 0~1; 낮은값 순위 1~44,routes_raw를 comma로 분리하고 '노선명(유형)'을 파싱; 유형='마을' 표기를 추출; 동별 마을정류장비율=마을노선 1개 이상 표기 정류장/전체 경계내 정류장; 고유 마을노선=동별 routeName distinct count,2025-08-25 정류장 CSV의 정적 노선 존재 표기만 쓴 1차 스크리닝이다. 배차·운행횟수·방향·시간대·환승·OD·보행권·노선변경을 알 수 없으므로 공급량·접근성·서비스 품질·도입 우선순위로 해석하지 않는다. 순위는 낮은 값 탐색용이다.,area_adjacency=AF16E5259A667F45F5BF7F6B3DF3A22E1A4837C477F6B68DDC26CDCF60E2DFF0|area_scores=455106174A3E492D501F73B8BA55EFD1B7525656638E8109AE015C290C352DE3|bus_stops=BBA5AC0E8F29538F42373B1789179B5B9D2CF0186E0D3A618537C83B74B628D5|facilities=9AA2BC9D9F9E0EC421FB7D23A9C9BF0BD5EDB59EB173A91CB27E6EB2655A1E07|grid_scores=F2B4631D6C4DB1C379BB9CAA13D29A9C055273F1C0D682BAC13EDD19C0A9E9BF|metrics_code=7A3920ABAC99C0EEE1FA013FF751C14428D5AA95E0F1F3F32FCED6B7A49541BA|model_spec=435B1018F2D35A2B421D1827A23C0DC739DC1F827F71189F8F818CE0B0C670E4|source_manifest=86163BE779951590317AB41BE2F9DE18666BC936F1735593673513008868CEC9,population=4D1530F251B312CE6564BA5676093B1043057F46A0FE2A58CF2756AFC530DA7B|one_person=01923C6EBD7440771E4EBE20CAB0648355A18C09D198677C0E265F5E68406A7D|admdongkor_boundary=6A63D079BA8AF4701AB200AD0B54EBDEA8689808B6E0E9F17973B9BA7883DC6A|bus_stops=01B63929056B55D0A8FE372756942FB9A81A89CB121A0CDB1838DDE9ED8555BF|hira_hospital=458D04F264BFE005CB12078699156CA72AD47B52062E0F79B8140E2635086268|hira_pharmacy=65B2B1E7F65BF1EFAF20C826BC1FB03CC24B65B359F4B5B51E1A234B334505A4
4128154000,고양시 덕양구,성사1동,false,45,36,0.8,209,122,0.583732057416268,31,12,"[""012"",""013"",""015"",""016"",""017A"",""018"",""019"",""029B"",""035"",""043(원당역)"",""097"",""099""]",17,39,true,false,1.1.0,village_bus_static_presence_screen_v1,goyang_mixed_20250825_20260630,population=2026-06-30|onePersonHouseholds=2026-06-30|hiraFacilities=2026-06-30|analysisBoundary=2026-04-01|busStops=2025-08-25,정류장 개소; 노선표기 건; 고유 노선명 개; 비율 0~1; 낮은값 순위 1~44,routes_raw를 comma로 분리하고 '노선명(유형)'을 파싱; 유형='마을' 표기를 추출; 동별 마을정류장비율=마을노선 1개 이상 표기 정류장/전체 경계내 정류장; 고유 마을노선=동별 routeName distinct count,2025-08-25 정류장 CSV의 정적 노선 존재 표기만 쓴 1차 스크리닝이다. 배차·운행횟수·방향·시간대·환승·OD·보행권·노선변경을 알 수 없으므로 공급량·접근성·서비스 품질·도입 우선순위로 해석하지 않는다. 순위는 낮은 값 탐색용이다.,area_adjacency=AF16E5259A667F45F5BF7F6B3DF3A22E1A4837C477F6B68DDC26CDCF60E2DFF0|area_scores=455106174A3E492D501F73B8BA55EFD1B7525656638E8109AE015C290C352DE3|bus_stops=BBA5AC0E8F29538F42373B1789179B5B9D2CF0186E0D3A618537C83B74B628D5|facilities=9AA2BC9D9F9E0EC421FB7D23A9C9BF0BD5EDB59EB173A91CB27E6EB2655A1E07|grid_scores=F2B4631D6C4DB1C379BB9CAA13D29A9C055273F1C0D682BAC13EDD19C0A9E9BF|metrics_code=7A3920ABAC99C0EEE1FA013FF751C14428D5AA95E0F1F3F32FCED6B7A49541BA|model_spec=435B1018F2D35A2B421D1827A23C0DC739DC1F827F71189F8F818CE0B0C670E4|source_manifest=86163BE779951590317AB41BE2F9DE18666BC936F1735593673513008868CEC9,population=4D1530F251B312CE6564BA5676093B1043057F46A0FE2A58CF2756AFC530DA7B|one_person=01923C6EBD7440771E4EBE20CAB0648355A18C09D198677C0E265F5E68406A7D|admdongkor_boundary=6A63D079BA8AF4701AB200AD0B54EBDEA8689808B6E0E9F17973B9BA7883DC6A|bus_stops=01B63929056B55D0A8FE372756942FB9A81A89CB121A0CDB1838DDE9ED8555BF|hira_hospital=458D04F264BFE005CB12078699156CA72AD47B52062E0F79B8140E2635086268|hira_pharmacy=65B2B1E7F65BF1EFAF20C826BC1FB03CC24B65B359F4B5B51E1A234B334505A4
4128155000,고양시 덕양구,성사2동,false,14,13,0.928571428571429,72,17,0.236111111111111,25,5,"[""015"",""016"",""029B"",""035"",""043(원당역)""]",40,6,false,true,1.1.0,village_bus_static_presence_screen_v1,goyang_mixed_20250825_20260630,population=2026-06-30|onePersonHouseholds=2026-06-30|hiraFacilities=2026-06-30|analysisBoundary=2026-04-01|busStops=2025-08-25,정류장 개소; 노선표기 건; 고유 노선명 개; 비율 0~1; 낮은값 순위 1~44,routes_raw를 comma로 분리하고 '노선명(유형)'을 파싱; 유형='마을' 표기를 추출; 동별 마을정류장비율=마을노선 1개 이상 표기 정류장/전체 경계내 정류장; 고유 마을노선=동별 routeName distinct count,2025-08-25 정류장 CSV의 정적 노선 존재 표기만 쓴 1차 스크리닝이다. 배차·운행횟수·방향·시간대·환승·OD·보행권·노선변경을 알 수 없으므로 공급량·접근성·서비스 품질·도입 우선순위로 해석하지 않는다. 순위는 낮은 값 탐색용이다.,area_adjacency=AF16E5259A667F45F5BF7F6B3DF3A22E1A4837C477F6B68DDC26CDCF60E2DFF0|area_scores=455106174A3E492D501F73B8BA55EFD1B7525656638E8109AE015C290C352DE3|bus_stops=BBA5AC0E8F29538F42373B1789179B5B9D2CF0186E0D3A618537C83B74B628D5|facilities=9AA2BC9D9F9E0EC421FB7D23A9C9BF0BD5EDB59EB173A91CB27E6EB2655A1E07|grid_scores=F2B4631D6C4DB1C379BB9CAA13D29A9C055273F1C0D682BAC13EDD19C0A9E9BF|metrics_code=7A3920ABAC99C0EEE1FA013FF751C14428D5AA95E0F1F3F32FCED6B7A49541BA|model_spec=435B1018F2D35A2B421D1827A23C0DC739DC1F827F71189F8F818CE0B0C670E4|source_manifest=86163BE779951590317AB41BE2F9DE18666BC936F1735593673513008868CEC9,population=4D1530F251B312CE6564BA5676093B1043057F46A0FE2A58CF2756AFC530DA7B|one_person=01923C6EBD7440771E4EBE20CAB0648355A18C09D198677C0E265F5E68406A7D|admdongkor_boundary=6A63D079BA8AF4701AB200AD0B54EBDEA8689808B6E0E9F17973B9BA7883DC6A|bus_stops=01B63929056B55D0A8FE372756942FB9A81A89CB121A0CDB1838DDE9ED8555BF|hira_hospital=458D04F264BFE005CB12078699156CA72AD47B52062E0F79B8140E2635086268|hira_pharmacy=65B2B1E7F65BF1EFAF20C826BC1FB03CC24B65B359F4B5B51E1A234B334505A4
4128156000,고양시 덕양구,효자동,true,53,45,0.849056603773585,177,108,0.610169491525424,15,8,"[""052A"",""052B"",""077A"",""077B"",""15-1(구파발)"",""15-1(지축)"",""15A"",""15B""]",23,28,false,false,1.1.0,village_bus_static_presence_screen_v1,goyang_mixed_20250825_20260630,population=2026-06-30|onePersonHouseholds=2026-06-30|hiraFacilities=2026-06-30|analysisBoundary=2026-04-01|busStops=2025-08-25,정류장 개소; 노선표기 건; 고유 노선명 개; 비율 0~1; 낮은값 순위 1~44,routes_raw를 comma로 분리하고 '노선명(유형)'을 파싱; 유형='마을' 표기를 추출; 동별 마을정류장비율=마을노선 1개 이상 표기 정류장/전체 경계내 정류장; 고유 마을노선=동별 routeName distinct count,2025-08-25 정류장 CSV의 정적 노선 존재 표기만 쓴 1차 스크리닝이다. 배차·운행횟수·방향·시간대·환승·OD·보행권·노선변경을 알 수 없으므로 공급량·접근성·서비스 품질·도입 우선순위로 해석하지 않는다. 순위는 낮은 값 탐색용이다.,area_adjacency=AF16E5259A667F45F5BF7F6B3DF3A22E1A4837C477F6B68DDC26CDCF60E2DFF0|area_scores=455106174A3E492D501F73B8BA55EFD1B7525656638E8109AE015C290C352DE3|bus_stops=BBA5AC0E8F29538F42373B1789179B5B9D2CF0186E0D3A618537C83B74B628D5|facilities=9AA2BC9D9F9E0EC421FB7D23A9C9BF0BD5EDB59EB173A91CB27E6EB2655A1E07|grid_scores=F2B4631D6C4DB1C379BB9CAA13D29A9C055273F1C0D682BAC13EDD19C0A9E9BF|metrics_code=7A3920ABAC99C0EEE1FA013FF751C14428D5AA95E0F1F3F32FCED6B7A49541BA|model_spec=435B1018F2D35A2B421D1827A23C0DC739DC1F827F71189F8F818CE0B0C670E4|source_manifest=86163BE779951590317AB41BE2F9DE18666BC936F1735593673513008868CEC9,population=4D1530F251B312CE6564BA5676093B1043057F46A0FE2A58CF2756AFC530DA7B|one_person=01923C6EBD7440771E4EBE20CAB0648355A18C09D198677C0E265F5E68406A7D|admdongkor_boundary=6A63D079BA8AF4701AB200AD0B54EBDEA8689808B6E0E9F17973B9BA7883DC6A|bus_stops=01B63929056B55D0A8FE372756942FB9A81A89CB121A0CDB1838DDE9ED8555BF|hira_hospital=458D04F264BFE005CB12078699156CA72AD47B52062E0F79B8140E2635086268|hira_pharmacy=65B2B1E7F65BF1EFAF20C826BC1FB03CC24B65B359F4B5B51E1A234B334505A4
4128157600,고양시 덕양구,삼송1동,false,55,51,0.927272727272727,257,161,0.626459143968872,42,22,"[""025"",""026"",""033"",""037"",""040"",""041B"",""042"",""046"",""047"",""048"",""052A"",""053"",""075A"",""077A"",""077B"",""088"",""093"",""094"",""15-1(구파발)"",""15-1(지축)"",""15A"",""15B""]",39,44,false,false,1.1.0,village_bus_static_presence_screen_v1,goyang_mixed_20250825_20260630,population=2026-06-30|onePersonHouseholds=2026-06-30|hiraFacilities=2026-06-30|analysisBoundary=2026-04-01|busStops=2025-08-25,정류장 개소; 노선표기 건; 고유 노선명 개; 비율 0~1; 낮은값 순위 1~44,routes_raw를 comma로 분리하고 '노선명(유형)'을 파싱; 유형='마을' 표기를 추출; 동별 마을정류장비율=마을노선 1개 이상 표기 정류장/전체 경계내 정류장; 고유 마을노선=동별 routeName distinct count,2025-08-25 정류장 CSV의 정적 노선 존재 표기만 쓴 1차 스크리닝이다. 배차·운행횟수·방향·시간대·환승·OD·보행권·노선변경을 알 수 없으므로 공급량·접근성·서비스 품질·도입 우선순위로 해석하지 않는다. 순위는 낮은 값 탐색용이다.,area_adjacency=AF16E5259A667F45F5BF7F6B3DF3A22E1A4837C477F6B68DDC26CDCF60E2DFF0|area_scores=455106174A3E492D501F73B8BA55EFD1B7525656638E8109AE015C290C352DE3|bus_stops=BBA5AC0E8F29538F42373B1789179B5B9D2CF0186E0D3A618537C83B74B628D5|facilities=9AA2BC9D9F9E0EC421FB7D23A9C9BF0BD5EDB59EB173A91CB27E6EB2655A1E07|grid_scores=F2B4631D6C4DB1C379BB9CAA13D29A9C055273F1C0D682BAC13EDD19C0A9E9BF|metrics_code=7A3920ABAC99C0EEE1FA013FF751C14428D5AA95E0F1F3F32FCED6B7A49541BA|model_spec=435B1018F2D35A2B421D1827A23C0DC739DC1F827F71189F8F818CE0B0C670E4|source_manifest=86163BE779951590317AB41BE2F9DE18666BC936F1735593673513008868CEC9,population=4D1530F251B312CE6564BA5676093B1043057F46A0FE2A58CF2756AFC530DA7B|one_person=01923C6EBD7440771E4EBE20CAB0648355A18C09D198677C0E265F5E68406A7D|admdongkor_boundary=6A63D079BA8AF4701AB200AD0B54EBDEA8689808B6E0E9F17973B9BA7883DC6A|bus_stops=01B63929056B55D0A8FE372756942FB9A81A89CB121A0CDB1838DDE9ED8555BF|hira_hospital=458D04F264BFE005CB12078699156CA72AD47B52062E0F79B8140E2635086268|hira_pharmacy=65B2B1E7F65BF1EFAF20C826BC1FB03CC24B65B359F4B5B51E1A234B334505A4
4128157700,고양시 덕양구,삼송2동,false,39,32,0.82051282051282,138,78,0.565217391304348,22,11,"[""024A"",""024B"",""033"",""042"",""043"",""043(원당역)"",""046"",""047"",""048"",""075A"",""075B""]",21,38,true,false,1.1.0,village_bus_static_presence_screen_v1,goyang_mixed_20250825_20260630,population=2026-06-30|onePersonHouseholds=2026-06-30|hiraFacilities=2026-06-30|analysisBoundary=2026-04-01|busStops=2025-08-25,정류장 개소; 노선표기 건; 고유 노선명 개; 비율 0~1; 낮은값 순위 1~44,routes_raw를 comma로 분리하고 '노선명(유형)'을 파싱; 유형='마을' 표기를 추출; 동별 마을정류장비율=마을노선 1개 이상 표기 정류장/전체 경계내 정류장; 고유 마을노선=동별 routeName distinct count,2025-08-25 정류장 CSV의 정적 노선 존재 표기만 쓴 1차 스크리닝이다. 배차·운행횟수·방향·시간대·환승·OD·보행권·노선변경을 알 수 없으므로 공급량·접근성·서비스 품질·도입 우선순위로 해석하지 않는다. 순위는 낮은 값 탐색용이다.,area_adjacency=AF16E5259A667F45F5BF7F6B3DF3A22E1A4837C477F6B68DDC26CDCF60E2DFF0|area_scores=455106174A3E492D501F73B8BA55EFD1B7525656638E8109AE015C290C352DE3|bus_stops=BBA5AC0E8F29538F42373B1789179B5B9D2CF0186E0D3A618537C83B74B628D5|facilities=9AA2BC9D9F9E0EC421FB7D23A9C9BF0BD5EDB59EB173A91CB27E6EB2655A1E07|grid_scores=F2B4631D6C4DB1C379BB9CAA13D29A9C055273F1C0D682BAC13EDD19C0A9E9BF|metrics_code=7A3920ABAC99C0EEE1FA013FF751C14428D5AA95E0F1F3F32FCED6B7A49541BA|model_spec=435B1018F2D35A2B421D1827A23C0DC739DC1F827F71189F8F818CE0B0C670E4|source_manifest=86163BE779951590317AB41BE2F9DE18666BC936F1735593673513008868CEC9,population=4D1530F251B312CE6564BA5676093B1043057F46A0FE2A58CF2756AFC530DA7B|one_person=01923C6EBD7440771E4EBE20CAB0648355A18C09D198677C0E265F5E68406A7D|admdongkor_boundary=6A63D079BA8AF4701AB200AD0B54EBDEA8689808B6E0E9F17973B9BA7883DC6A|bus_stops=01B63929056B55D0A8FE372756942FB9A81A89CB121A0CDB1838DDE9ED8555BF|hira_hospital=458D04F264BFE005CB12078699156CA72AD47B52062E0F79B8140E2635086268|hira_pharmacy=65B2B1E7F65BF1EFAF20C826BC1FB03CC24B65B359F4B5B51E1A234B334505A4
4128158000,고양시 덕양구,창릉동,false,58,47,0.810344827586207,156,96,0.615384615384615,30,8,"[""042"",""046"",""048"",""053"",""075A"",""075B"",""077A"",""093""]",20,28,true,false,1.1.0,village_bus_static_presence_screen_v1,goyang_mixed_20250825_20260630,population=2026-06-30|onePersonHouseholds=2026-06-30|hiraFacilities=2026-06-30|analysisBoundary=2026-04-01|busStops=2025-08-25,정류장 개소; 노선표기 건; 고유 노선명 개; 비율 0~1; 낮은값 순위 1~44,routes_raw를 comma로 분리하고 '노선명(유형)'을 파싱; 유형='마을' 표기를 추출; 동별 마을정류장비율=마을노선 1개 이상 표기 정류장/전체 경계내 정류장; 고유 마을노선=동별 routeName distinct count,2025-08-25 정류장 CSV의 정적 노선 존재 표기만 쓴 1차 스크리닝이다. 배차·운행횟수·방향·시간대·환승·OD·보행권·노선변경을 알 수 없으므로 공급량·접근성·서비스 품질·도입 우선순위로 해석하지 않는다. 순위는 낮은 값 탐색용이다.,area_adjacency=AF16E5259A667F45F5BF7F6B3DF3A22E1A4837C477F6B68DDC26CDCF60E2DFF0|area_scores=455106174A3E492D501F73B8BA55EFD1B7525656638E8109AE015C290C352DE3|bus_stops=BBA5AC0E8F29538F42373B1789179B5B9D2CF0186E0D3A618537C83B74B628D5|facilities=9AA2BC9D9F9E0EC421FB7D23A9C9BF0BD5EDB59EB173A91CB27E6EB2655A1E07|grid_scores=F2B4631D6C4DB1C379BB9CAA13D29A9C055273F1C0D682BAC13EDD19C0A9E9BF|metrics_code=7A3920ABAC99C0EEE1FA013FF751C14428D5AA95E0F1F3F32FCED6B7A49541BA|model_spec=435B1018F2D35A2B421D1827A23C0DC739DC1F827F71189F8F818CE0B0C670E4|source_manifest=86163BE779951590317AB41BE2F9DE18666BC936F1735593673513008868CEC9,population=4D1530F251B312CE6564BA5676093B1043057F46A0FE2A58CF2756AFC530DA7B|one_person=01923C6EBD7440771E4EBE20CAB0648355A18C09D198677C0E265F5E68406A7D|admdongkor_boundary=6A63D079BA8AF4701AB200AD0B54EBDEA8689808B6E0E9F17973B9BA7883DC6A|bus_stops=01B63929056B55D0A8FE372756942FB9A81A89CB121A0CDB1838DDE9ED8555BF|hira_hospital=458D04F264BFE005CB12078699156CA72AD47B52062E0F79B8140E2635086268|hira_pharmacy=65B2B1E7F65BF1EFAF20C826BC1FB03CC24B65B359F4B5B51E1A234B334505A4
4128159000,고양시 덕양구,고양동,true,132,105,0.795454545454545,609,218,0.357963875205255,30,12,"[""025"",""026"",""033"",""037"",""051A"",""051B"",""052A"",""053"",""055"",""075B"",""077A"",""088""]",16,39,true,false,1.1.0,village_bus_static_presence_screen_v1,goyang_mixed_20250825_20260630,population=2026-06-30|onePersonHouseholds=2026-06-30|hiraFacilities=2026-06-30|analysisBoundary=2026-04-01|busStops=2025-08-25,정류장 개소; 노선표기 건; 고유 노선명 개; 비율 0~1; 낮은값 순위 1~44,routes_raw를 comma로 분리하고 '노선명(유형)'을 파싱; 유형='마을' 표기를 추출; 동별 마을정류장비율=마을노선 1개 이상 표기 정류장/전체 경계내 정류장; 고유 마을노선=동별 routeName distinct count,2025-08-25 정류장 CSV의 정적 노선 존재 표기만 쓴 1차 스크리닝이다. 배차·운행횟수·방향·시간대·환승·OD·보행권·노선변경을 알 수 없으므로 공급량·접근성·서비스 품질·도입 우선순위로 해석하지 않는다. 순위는 낮은 값 탐색용이다.,area_adjacency=AF16E5259A667F45F5BF7F6B3DF3A22E1A4837C477F6B68DDC26CDCF60E2DFF0|area_scores=455106174A3E492D501F73B8BA55EFD1B7525656638E8109AE015C290C352DE3|bus_stops=BBA5AC0E8F29538F42373B1789179B5B9D2CF0186E0D3A618537C83B74B628D5|facilities=9AA2BC9D9F9E0EC421FB7D23A9C9BF0BD5EDB59EB173A91CB27E6EB2655A1E07|grid_scores=F2B4631D6C4DB1C379BB9CAA13D29A9C055273F1C0D682BAC13EDD19C0A9E9BF|metrics_code=7A3920ABAC99C0EEE1FA013FF751C14428D5AA95E0F1F3F32FCED6B7A49541BA|model_spec=435B1018F2D35A2B421D1827A23C0DC739DC1F827F71189F8F818CE0B0C670E4|source_manifest=86163BE779951590317AB41BE2F9DE18666BC936F1735593673513008868CEC9,population=4D1530F251B312CE6564BA5676093B1043057F46A0FE2A58CF2756AFC530DA7B|one_person=01923C6EBD7440771E4EBE20CAB0648355A18C09D198677C0E265F5E68406A7D|admdongkor_boundary=6A63D079BA8AF4701AB200AD0B54EBDEA8689808B6E0E9F17973B9BA7883DC6A|bus_stops=01B63929056B55D0A8FE372756942FB9A81A89CB121A0CDB1838DDE9ED8555BF|hira_hospital=458D04F264BFE005CB12078699156CA72AD47B52062E0F79B8140E2635086268|hira_pharmacy=65B2B1E7F65BF1EFAF20C826BC1FB03CC24B65B359F4B5B51E1A234B334505A4
4128160000,고양시 덕양구,관산동,true,129,127,0.984496124031008,595,264,0.443697478991597,21,8,"[""012"",""025"",""026"",""036"",""037"",""055"",""088"",""N005""]",44,28,false,false,1.1.0,village_bus_static_presence_screen_v1,goyang_mixed_20250825_20260630,population=2026-06-30|onePersonHouseholds=2026-06-30|hiraFacilities=2026-06-30|analysisBoundary=2026-04-01|busStops=2025-08-25,정류장 개소; 노선표기 건; 고유 노선명 개; 비율 0~1; 낮은값 순위 1~44,routes_raw를 comma로 분리하고 '노선명(유형)'을 파싱; 유형='마을' 표기를 추출; 동별 마을정류장비율=마을노선 1개 이상 표기 정류장/전체 경계내 정류장; 고유 마을노선=동별 routeName distinct count,2025-08-25 정류장 CSV의 정적 노선 존재 표기만 쓴 1차 스크리닝이다. 배차·운행횟수·방향·시간대·환승·OD·보행권·노선변경을 알 수 없으므로 공급량·접근성·서비스 품질·도입 우선순위로 해석하지 않는다. 순위는 낮은 값 탐색용이다.,area_adjacency=AF16E5259A667F45F5BF7F6B3DF3A22E1A4837C477F6B68DDC26CDCF60E2DFF0|area_scores=455106174A3E492D501F73B8BA55EFD1B7525656638E8109AE015C290C352DE3|bus_stops=BBA5AC0E8F29538F42373B1789179B5B9D2CF0186E0D3A618537C83B74B628D5|facilities=9AA2BC9D9F9E0EC421FB7D23A9C9BF0BD5EDB59EB173A91CB27E6EB2655A1E07|grid_scores=F2B4631D6C4DB1C379BB9CAA13D29A9C055273F1C0D682BAC13EDD19C0A9E9BF|metrics_code=7A3920ABAC99C0EEE1FA013FF751C14428D5AA95E0F1F3F32FCED6B7A49541BA|model_spec=435B1018F2D35A2B421D1827A23C0DC739DC1F827F71189F8F818CE0B0C670E4|source_manifest=86163BE779951590317AB41BE2F9DE18666BC936F1735593673513008868CEC9,population=4D1530F251B312CE6564BA5676093B1043057F46A0FE2A58CF2756AFC530DA7B|one_person=01923C6EBD7440771E4EBE20CAB0648355A18C09D198677C0E265F5E68406A7D|admdongkor_boundary=6A63D079BA8AF4701AB200AD0B54EBDEA8689808B6E0E9F17973B9BA7883DC6A|bus_stops=01B63929056B55D0A8FE372756942FB9A81A89CB121A0CDB1838DDE9ED8555BF|hira_hospital=458D04F264BFE005CB12078699156CA72AD47B52062E0F79B8140E2635086268|hira_pharmacy=65B2B1E7F65BF1EFAF20C826BC1FB03CC24B65B359F4B5B51E1A234B334505A4
4128161000,고양시 덕양구,능곡동,true,55,49,0.890909090909091,159,72,0.452830188679245,30,6,"[""011"",""029B"",""060"",""069"",""072A"",""072B""]",31,11,false,true,1.1.0,village_bus_static_presence_screen_v1,goyang_mixed_20250825_20260630,population=2026-06-30|onePersonHouseholds=2026-06-30|hiraFacilities=2026-06-30|analysisBoundary=2026-04-01|busStops=2025-08-25,정류장 개소; 노선표기 건; 고유 노선명 개; 비율 0~1; 낮은값 순위 1~44,routes_raw를 comma로 분리하고 '노선명(유형)'을 파싱; 유형='마을' 표기를 추출; 동별 마을정류장비율=마을노선 1개 이상 표기 정류장/전체 경계내 정류장; 고유 마을노선=동별 routeName distinct count,2025-08-25 정류장 CSV의 정적 노선 존재 표기만 쓴 1차 스크리닝이다. 배차·운행횟수·방향·시간대·환승·OD·보행권·노선변경을 알 수 없으므로 공급량·접근성·서비스 품질·도입 우선순위로 해석하지 않는다. 순위는 낮은 값 탐색용이다.,area_adjacency=AF16E5259A667F45F5BF7F6B3DF3A22E1A4837C477F6B68DDC26CDCF60E2DFF0|area_scores=455106174A3E492D501F73B8BA55EFD1B7525656638E8109AE015C290C352DE3|bus_stops=BBA5AC0E8F29538F42373B1789179B5B9D2CF0186E0D3A618537C83B74B628D5|facilities=9AA2BC9D9F9E0EC421FB7D23A9C9BF0BD5EDB59EB173A91CB27E6EB2655A1E07|grid_scores=F2B4631D6C4DB1C379BB9CAA13D29A9C055273F1C0D682BAC13EDD19C0A9E9BF|metrics_code=7A3920ABAC99C0EEE1FA013FF751C14428D5AA95E0F1F3F32FCED6B7A49541BA|model_spec=435B1018F2D35A2B421D1827A23C0DC739DC1F827F71189F8F818CE0B0C670E4|source_manifest=86163BE779951590317AB41BE2F9DE18666BC936F1735593673513008868CEC9,population=4D1530F251B312CE6564BA5676093B1043057F46A0FE2A58CF2756AFC530DA7B|one_person=01923C6EBD7440771E4EBE20CAB0648355A18C09D198677C0E265F5E68406A7D|admdongkor_boundary=6A63D079BA8AF4701AB200AD0B54EBDEA8689808B6E0E9F17973B9BA7883DC6A|bus_stops=01B63929056B55D0A8FE372756942FB9A81A89CB121A0CDB1838DDE9ED8555BF|hira_hospital=458D04F264BFE005CB12078699156CA72AD47B52062E0F79B8140E2635086268|hira_pharmacy=65B2B1E7F65BF1EFAF20C826BC1FB03CC24B65B359F4B5B51E1A234B334505A4
4128162100,고양시 덕양구,화정1동,false,45,41,0.911111111111111,221,92,0.416289592760181,28,12,"[""011"",""016"",""023"",""027"",""028"",""029A"",""029B"",""030"",""031"",""060"",""065"",""072A""]",37,39,false,false,1.1.0,village_bus_static_presence_screen_v1,goyang_mixed_20250825_20260630,population=2026-06-30|onePersonHouseholds=2026-06-30|hiraFacilities=2026-06-30|analysisBoundary=2026-04-01|busStops=2025-08-25,정류장 개소; 노선표기 건; 고유 노선명 개; 비율 0~1; 낮은값 순위 1~44,routes_raw를 comma로 분리하고 '노선명(유형)'을 파싱; 유형='마을' 표기를 추출; 동별 마을정류장비율=마을노선 1개 이상 표기 정류장/전체 경계내 정류장; 고유 마을노선=동별 routeName distinct count,2025-08-25 정류장 CSV의 정적 노선 존재 표기만 쓴 1차 스크리닝이다. 배차·운행횟수·방향·시간대·환승·OD·보행권·노선변경을 알 수 없으므로 공급량·접근성·서비스 품질·도입 우선순위로 해석하지 않는다. 순위는 낮은 값 탐색용이다.,area_adjacency=AF16E5259A667F45F5BF7F6B3DF3A22E1A4837C477F6B68DDC26CDCF60E2DFF0|area_scores=455106174A3E492D501F73B8BA55EFD1B7525656638E8109AE015C290C352DE3|bus_stops=BBA5AC0E8F29538F42373B1789179B5B9D2CF0186E0D3A618537C83B74B628D5|facilities=9AA2BC9D9F9E0EC421FB7D23A9C9BF0BD5EDB59EB173A91CB27E6EB2655A1E07|grid_scores=F2B4631D6C4DB1C379BB9CAA13D29A9C055273F1C0D682BAC13EDD19C0A9E9BF|metrics_code=7A3920ABAC99C0EEE1FA013FF751C14428D5AA95E0F1F3F32FCED6B7A49541BA|model_spec=435B1018F2D35A2B421D1827A23C0DC739DC1F827F71189F8F818CE0B0C670E4|source_manifest=86163BE779951590317AB41BE2F9DE18666BC936F1735593673513008868CEC9,population=4D1530F251B312CE6564BA5676093B1043057F46A0FE2A58CF2756AFC530DA7B|one_person=01923C6EBD7440771E4EBE20CAB0648355A18C09D198677C0E265F5E68406A7D|admdongkor_boundary=6A63D079BA8AF4701AB200AD0B54EBDEA8689808B6E0E9F17973B9BA7883DC6A|bus_stops=01B63929056B55D0A8FE372756942FB9A81A89CB121A0CDB1838DDE9ED8555BF|hira_hospital=458D04F264BFE005CB12078699156CA72AD47B52062E0F79B8140E2635086268|hira_pharmacy=65B2B1E7F65BF1EFAF20C826BC1FB03CC24B65B359F4B5B51E1A234B334505A4
4128162200,고양시 덕양구,화정2동,false,27,21,0.777777777777778,151,61,0.403973509933775,39,9,"[""011"",""020"",""021"",""023"",""029B"",""030"",""031"",""060"",""065""]",14,36,true,false,1.1.0,village_bus_static_presence_screen_v1,goyang_mixed_20250825_20260630,population=2026-06-30|onePersonHouseholds=2026-06-30|hiraFacilities=2026-06-30|analysisBoundary=2026-04-01|busStops=2025-08-25,정류장 개소; 노선표기 건; 고유 노선명 개; 비율 0~1; 낮은값 순위 1~44,routes_raw를 comma로 분리하고 '노선명(유형)'을 파싱; 유형='마을' 표기를 추출; 동별 마을정류장비율=마을노선 1개 이상 표기 정류장/전체 경계내 정류장; 고유 마을노선=동별 routeName distinct count,2025-08-25 정류장 CSV의 정적 노선 존재 표기만 쓴 1차 스크리닝이다. 배차·운행횟수·방향·시간대·환승·OD·보행권·노선변경을 알 수 없으므로 공급량·접근성·서비스 품질·도입 우선순위로 해석하지 않는다. 순위는 낮은 값 탐색용이다.,area_adjacency=AF16E5259A667F45F5BF7F6B3DF3A22E1A4837C477F6B68DDC26CDCF60E2DFF0|area_scores=455106174A3E492D501F73B8BA55EFD1B7525656638E8109AE015C290C352DE3|bus_stops=BBA5AC0E8F29538F42373B1789179B5B9D2CF0186E0D3A618537C83B74B628D5|facilities=9AA2BC9D9F9E0EC421FB7D23A9C9BF0BD5EDB59EB173A91CB27E6EB2655A1E07|grid_scores=F2B4631D6C4DB1C379BB9CAA13D29A9C055273F1C0D682BAC13EDD19C0A9E9BF|metrics_code=7A3920ABAC99C0EEE1FA013FF751C14428D5AA95E0F1F3F32FCED6B7A49541BA|model_spec=435B1018F2D35A2B421D1827A23C0DC739DC1F827F71189F8F818CE0B0C670E4|source_manifest=86163BE779951590317AB41BE2F9DE18666BC936F1735593673513008868CEC9,population=4D1530F251B312CE6564BA5676093B1043057F46A0FE2A58CF2756AFC530DA7B|one_person=01923C6EBD7440771E4EBE20CAB0648355A18C09D198677C0E265F5E68406A7D|admdongkor_boundary=6A63D079BA8AF4701AB200AD0B54EBDEA8689808B6E0E9F17973B9BA7883DC6A|bus_stops=01B63929056B55D0A8FE372756942FB9A81A89CB121A0CDB1838DDE9ED8555BF|hira_hospital=458D04F264BFE005CB12078699156CA72AD47B52062E0F79B8140E2635086268|hira_pharmacy=65B2B1E7F65BF1EFAF20C826BC1FB03CC24B65B359F4B5B51E1A234B334505A4
4128163000,고양시 덕양구,행주동,true,40,34,0.85,122,54,0.442622950819672,28,6,"[""011"",""029B"",""060"",""065"",""069"",""072B""]",24,11,false,true,1.1.0,village_bus_static_presence_screen_v1,goyang_mixed_20250825_20260630,population=2026-06-30|onePersonHouseholds=2026-06-30|hiraFacilities=2026-06-30|analysisBoundary=2026-04-01|busStops=2025-08-25,정류장 개소; 노선표기 건; 고유 노선명 개; 비율 0~1; 낮은값 순위 1~44,routes_raw를 comma로 분리하고 '노선명(유형)'을 파싱; 유형='마을' 표기를 추출; 동별 마을정류장비율=마을노선 1개 이상 표기 정류장/전체 경계내 정류장; 고유 마을노선=동별 routeName distinct count,2025-08-25 정류장 CSV의 정적 노선 존재 표기만 쓴 1차 스크리닝이다. 배차·운행횟수·방향·시간대·환승·OD·보행권·노선변경을 알 수 없으므로 공급량·접근성·서비스 품질·도입 우선순위로 해석하지 않는다. 순위는 낮은 값 탐색용이다.,area_adjacency=AF16E5259A667F45F5BF7F6B3DF3A22E1A4837C477F6B68DDC26CDCF60E2DFF0|area_scores=455106174A3E492D501F73B8BA55EFD1B7525656638E8109AE015C290C352DE3|bus_stops=BBA5AC0E8F29538F42373B1789179B5B9D2CF0186E0D3A618537C83B74B628D5|facilities=9AA2BC9D9F9E0EC421FB7D23A9C9BF0BD5EDB59EB173A91CB27E6EB2655A1E07|grid_scores=F2B4631D6C4DB1C379BB9CAA13D29A9C055273F1C0D682BAC13EDD19C0A9E9BF|metrics_code=7A3920ABAC99C0EEE1FA013FF751C14428D5AA95E0F1F3F32FCED6B7A49541BA|model_spec=435B1018F2D35A2B421D1827A23C0DC739DC1F827F71189F8F818CE0B0C670E4|source_manifest=86163BE779951590317AB41BE2F9DE18666BC936F1735593673513008868CEC9,population=4D1530F251B312CE6564BA5676093B1043057F46A0FE2A58CF2756AFC530DA7B|one_person=01923C6EBD7440771E4EBE20CAB0648355A18C09D198677C0E265F5E68406A7D|admdongkor_boundary=6A63D079BA8AF4701AB200AD0B54EBDEA8689808B6E0E9F17973B9BA7883DC6A|bus_stops=01B63929056B55D0A8FE372756942FB9A81A89CB121A0CDB1838DDE9ED8555BF|hira_hospital=458D04F264BFE005CB12078699156CA72AD47B52062E0F79B8140E2635086268|hira_pharmacy=65B2B1E7F65BF1EFAF20C826BC1FB03CC24B65B359F4B5B51E1A234B334505A4
4128164000,고양시 덕양구,행신1동,false,15,12,0.8,89,20,0.224719101123595,32,8,"[""011"",""021"",""023"",""024A"",""029B"",""030"",""060"",""065""]",17,28,true,false,1.1.0,village_bus_static_presence_screen_v1,goyang_mixed_20250825_20260630,population=2026-06-30|onePersonHouseholds=2026-06-30|hiraFacilities=2026-06-30|analysisBoundary=2026-04-01|busStops=2025-08-25,정류장 개소; 노선표기 건; 고유 노선명 개; 비율 0~1; 낮은값 순위 1~44,routes_raw를 comma로 분리하고 '노선명(유형)'을 파싱; 유형='마을' 표기를 추출; 동별 마을정류장비율=마을노선 1개 이상 표기 정류장/전체 경계내 정류장; 고유 마을노선=동별 routeName distinct count,2025-08-25 정류장 CSV의 정적 노선 존재 표기만 쓴 1차 스크리닝이다. 배차·운행횟수·방향·시간대·환승·OD·보행권·노선변경을 알 수 없으므로 공급량·접근성·서비스 품질·도입 우선순위로 해석하지 않는다. 순위는 낮은 값 탐색용이다.,area_adjacency=AF16E5259A667F45F5BF7F6B3DF3A22E1A4837C477F6B68DDC26CDCF60E2DFF0|area_scores=455106174A3E492D501F73B8BA55EFD1B7525656638E8109AE015C290C352DE3|bus_stops=BBA5AC0E8F29538F42373B1789179B5B9D2CF0186E0D3A618537C83B74B628D5|facilities=9AA2BC9D9F9E0EC421FB7D23A9C9BF0BD5EDB59EB173A91CB27E6EB2655A1E07|grid_scores=F2B4631D6C4DB1C379BB9CAA13D29A9C055273F1C0D682BAC13EDD19C0A9E9BF|metrics_code=7A3920ABAC99C0EEE1FA013FF751C14428D5AA95E0F1F3F32FCED6B7A49541BA|model_spec=435B1018F2D35A2B421D1827A23C0DC739DC1F827F71189F8F818CE0B0C670E4|source_manifest=86163BE779951590317AB41BE2F9DE18666BC936F1735593673513008868CEC9,population=4D1530F251B312CE6564BA5676093B1043057F46A0FE2A58CF2756AFC530DA7B|one_person=01923C6EBD7440771E4EBE20CAB0648355A18C09D198677C0E265F5E68406A7D|admdongkor_boundary=6A63D079BA8AF4701AB200AD0B54EBDEA8689808B6E0E9F17973B9BA7883DC6A|bus_stops=01B63929056B55D0A8FE372756942FB9A81A89CB121A0CDB1838DDE9ED8555BF|hira_hospital=458D04F264BFE005CB12078699156CA72AD47B52062E0F79B8140E2635086268|hira_pharmacy=65B2B1E7F65BF1EFAF20C826BC1FB03CC24B65B359F4B5B51E1A234B334505A4
4128165000,고양시 덕양구,행신2동,false,51,46,0.901960784313726,156,117,0.75,18,8,"[""021"",""023"",""024A"",""024B"",""030"",""035"",""060"",""065""]",34,28,false,false,1.1.0,village_bus_static_presence_screen_v1,goyang_mixed_20250825_20260630,population=2026-06-30|onePersonHouseholds=2026-06-30|hiraFacilities=2026-06-30|analysisBoundary=2026-04-01|busStops=2025-08-25,정류장 개소; 노선표기 건; 고유 노선명 개; 비율 0~1; 낮은값 순위 1~44,routes_raw를 comma로 분리하고 '노선명(유형)'을 파싱; 유형='마을' 표기를 추출; 동별 마을정류장비율=마을노선 1개 이상 표기 정류장/전체 경계내 정류장; 고유 마을노선=동별 routeName distinct count,2025-08-25 정류장 CSV의 정적 노선 존재 표기만 쓴 1차 스크리닝이다. 배차·운행횟수·방향·시간대·환승·OD·보행권·노선변경을 알 수 없으므로 공급량·접근성·서비스 품질·도입 우선순위로 해석하지 않는다. 순위는 낮은 값 탐색용이다.,area_adjacency=AF16E5259A667F45F5BF7F6B3DF3A22E1A4837C477F6B68DDC26CDCF60E2DFF0|area_scores=455106174A3E492D501F73B8BA55EFD1B7525656638E8109AE015C290C352DE3|bus_stops=BBA5AC0E8F29538F42373B1789179B5B9D2CF0186E0D3A618537C83B74B628D5|facilities=9AA2BC9D9F9E0EC421FB7D23A9C9BF0BD5EDB59EB173A91CB27E6EB2655A1E07|grid_scores=F2B4631D6C4DB1C379BB9CAA13D29A9C055273F1C0D682BAC13EDD19C0A9E9BF|metrics_code=7A3920ABAC99C0EEE1FA013FF751C14428D5AA95E0F1F3F32FCED6B7A49541BA|model_spec=435B1018F2D35A2B421D1827A23C0DC739DC1F827F71189F8F818CE0B0C670E4|source_manifest=86163BE779951590317AB41BE2F9DE18666BC936F1735593673513008868CEC9,population=4D1530F251B312CE6564BA5676093B1043057F46A0FE2A58CF2756AFC530DA7B|one_person=01923C6EBD7440771E4EBE20CAB0648355A18C09D198677C0E265F5E68406A7D|admdongkor_boundary=6A63D079BA8AF4701AB200AD0B54EBDEA8689808B6E0E9F17973B9BA7883DC6A|bus_stops=01B63929056B55D0A8FE372756942FB9A81A89CB121A0CDB1838DDE9ED8555BF|hira_hospital=458D04F264BFE005CB12078699156CA72AD47B52062E0F79B8140E2635086268|hira_pharmacy=65B2B1E7F65BF1EFAF20C826BC1FB03CC24B65B359F4B5B51E1A234B334505A4
4128165500,고양시 덕양구,행신3동,false,23,21,0.91304347826087,47,25,0.531914893617021,21,3,"[""020"",""021"",""023""]",38,2,false,true,1.1.0,village_bus_static_presence_screen_v1,goyang_mixed_20250825_20260630,population=2026-06-30|onePersonHouseholds=2026-06-30|hiraFacilities=2026-06-30|analysisBoundary=2026-04-01|busStops=2025-08-25,정류장 개소; 노선표기 건; 고유 노선명 개; 비율 0~1; 낮은값 순위 1~44,routes_raw를 comma로 분리하고 '노선명(유형)'을 파싱; 유형='마을' 표기를 추출; 동별 마을정류장비율=마을노선 1개 이상 표기 정류장/전체 경계내 정류장; 고유 마을노선=동별 routeName distinct count,2025-08-25 정류장 CSV의 정적 노선 존재 표기만 쓴 1차 스크리닝이다. 배차·운행횟수·방향·시간대·환승·OD·보행권·노선변경을 알 수 없으므로 공급량·접근성·서비스 품질·도입 우선순위로 해석하지 않는다. 순위는 낮은 값 탐색용이다.,area_adjacency=AF16E5259A667F45F5BF7F6B3DF3A22E1A4837C477F6B68DDC26CDCF60E2DFF0|area_scores=455106174A3E492D501F73B8BA55EFD1B7525656638E8109AE015C290C352DE3|bus_stops=BBA5AC0E8F29538F42373B1789179B5B9D2CF0186E0D3A618537C83B74B628D5|facilities=9AA2BC9D9F9E0EC421FB7D23A9C9BF0BD5EDB59EB173A91CB27E6EB2655A1E07|grid_scores=F2B4631D6C4DB1C379BB9CAA13D29A9C055273F1C0D682BAC13EDD19C0A9E9BF|metrics_code=7A3920ABAC99C0EEE1FA013FF751C14428D5AA95E0F1F3F32FCED6B7A49541BA|model_spec=435B1018F2D35A2B421D1827A23C0DC739DC1F827F71189F8F818CE0B0C670E4|source_manifest=86163BE779951590317AB41BE2F9DE18666BC936F1735593673513008868CEC9,population=4D1530F251B312CE6564BA5676093B1043057F46A0FE2A58CF2756AFC530DA7B|one_person=01923C6EBD7440771E4EBE20CAB0648355A18C09D198677C0E265F5E68406A7D|admdongkor_boundary=6A63D079BA8AF4701AB200AD0B54EBDEA8689808B6E0E9F17973B9BA7883DC6A|bus_stops=01B63929056B55D0A8FE372756942FB9A81A89CB121A0CDB1838DDE9ED8555BF|hira_hospital=458D04F264BFE005CB12078699156CA72AD47B52062E0F79B8140E2635086268|hira_pharmacy=65B2B1E7F65BF1EFAF20C826BC1FB03CC24B65B359F4B5B51E1A234B334505A4
4128165600,고양시 덕양구,행신4동,false,37,31,0.837837837837838,115,47,0.408695652173913,27,7,"[""020"",""021"",""023"",""024A"",""024B"",""035"",""065""]",22,19,true,false,1.1.0,village_bus_static_presence_screen_v1,goyang_mixed_20250825_20260630,population=2026-06-30|onePersonHouseholds=2026-06-30|hiraFacilities=2026-06-30|analysisBoundary=2026-04-01|busStops=2025-08-25,정류장 개소; 노선표기 건; 고유 노선명 개; 비율 0~1; 낮은값 순위 1~44,routes_raw를 comma로 분리하고 '노선명(유형)'을 파싱; 유형='마을' 표기를 추출; 동별 마을정류장비율=마을노선 1개 이상 표기 정류장/전체 경계내 정류장; 고유 마을노선=동별 routeName distinct count,2025-08-25 정류장 CSV의 정적 노선 존재 표기만 쓴 1차 스크리닝이다. 배차·운행횟수·방향·시간대·환승·OD·보행권·노선변경을 알 수 없으므로 공급량·접근성·서비스 품질·도입 우선순위로 해석하지 않는다. 순위는 낮은 값 탐색용이다.,area_adjacency=AF16E5259A667F45F5BF7F6B3DF3A22E1A4837C477F6B68DDC26CDCF60E2DFF0|area_scores=455106174A3E492D501F73B8BA55EFD1B7525656638E8109AE015C290C352DE3|bus_stops=BBA5AC0E8F29538F42373B1789179B5B9D2CF0186E0D3A618537C83B74B628D5|facilities=9AA2BC9D9F9E0EC421FB7D23A9C9BF0BD5EDB59EB173A91CB27E6EB2655A1E07|grid_scores=F2B4631D6C4DB1C379BB9CAA13D29A9C055273F1C0D682BAC13EDD19C0A9E9BF|metrics_code=7A3920ABAC99C0EEE1FA013FF751C14428D5AA95E0F1F3F32FCED6B7A49541BA|model_spec=435B1018F2D35A2B421D1827A23C0DC739DC1F827F71189F8F818CE0B0C670E4|source_manifest=86163BE779951590317AB41BE2F9DE18666BC936F1735593673513008868CEC9,population=4D1530F251B312CE6564BA5676093B1043057F46A0FE2A58CF2756AFC530DA7B|one_person=01923C6EBD7440771E4EBE20CAB0648355A18C09D198677C0E265F5E68406A7D|admdongkor_boundary=6A63D079BA8AF4701AB200AD0B54EBDEA8689808B6E0E9F17973B9BA7883DC6A|bus_stops=01B63929056B55D0A8FE372756942FB9A81A89CB121A0CDB1838DDE9ED8555BF|hira_hospital=458D04F264BFE005CB12078699156CA72AD47B52062E0F79B8140E2635086268|hira_pharmacy=65B2B1E7F65BF1EFAF20C826BC1FB03CC24B65B359F4B5B51E1A234B334505A4
4128166000,고양시 덕양구,화전동,false,51,46,0.901960784313726,181,83,0.458563535911602,21,5,"[""022A"",""022B"",""042"",""075A"",""075B""]",34,6,false,true,1.1.0,village_bus_static_presence_screen_v1,goyang_mixed_20250825_20260630,population=2026-06-30|onePersonHouseholds=2026-06-30|hiraFacilities=2026-06-30|analysisBoundary=2026-04-01|busStops=2025-08-25,정류장 개소; 노선표기 건; 고유 노선명 개; 비율 0~1; 낮은값 순위 1~44,routes_raw를 comma로 분리하고 '노선명(유형)'을 파싱; 유형='마을' 표기를 추출; 동별 마을정류장비율=마을노선 1개 이상 표기 정류장/전체 경계내 정류장; 고유 마을노선=동별 routeName distinct count,2025-08-25 정류장 CSV의 정적 노선 존재 표기만 쓴 1차 스크리닝이다. 배차·운행횟수·방향·시간대·환승·OD·보행권·노선변경을 알 수 없으므로 공급량·접근성·서비스 품질·도입 우선순위로 해석하지 않는다. 순위는 낮은 값 탐색용이다.,area_adjacency=AF16E5259A667F45F5BF7F6B3DF3A22E1A4837C477F6B68DDC26CDCF60E2DFF0|area_scores=455106174A3E492D501F73B8BA55EFD1B7525656638E8109AE015C290C352DE3|bus_stops=BBA5AC0E8F29538F42373B1789179B5B9D2CF0186E0D3A618537C83B74B628D5|facilities=9AA2BC9D9F9E0EC421FB7D23A9C9BF0BD5EDB59EB173A91CB27E6EB2655A1E07|grid_scores=F2B4631D6C4DB1C379BB9CAA13D29A9C055273F1C0D682BAC13EDD19C0A9E9BF|metrics_code=7A3920ABAC99C0EEE1FA013FF751C14428D5AA95E0F1F3F32FCED6B7A49541BA|model_spec=435B1018F2D35A2B421D1827A23C0DC739DC1F827F71189F8F818CE0B0C670E4|source_manifest=86163BE779951590317AB41BE2F9DE18666BC936F1735593673513008868CEC9,population=4D1530F251B312CE6564BA5676093B1043057F46A0FE2A58CF2756AFC530DA7B|one_person=01923C6EBD7440771E4EBE20CAB0648355A18C09D198677C0E265F5E68406A7D|admdongkor_boundary=6A63D079BA8AF4701AB200AD0B54EBDEA8689808B6E0E9F17973B9BA7883DC6A|bus_stops=01B63929056B55D0A8FE372756942FB9A81A89CB121A0CDB1838DDE9ED8555BF|hira_hospital=458D04F264BFE005CB12078699156CA72AD47B52062E0F79B8140E2635086268|hira_pharmacy=65B2B1E7F65BF1EFAF20C826BC1FB03CC24B65B359F4B5B51E1A234B334505A4
4128167000,고양시 덕양구,대덕동,false,53,52,0.981132075471698,136,94,0.691176470588235,11,4,"[""022A"",""022B"",""054"",""064""]",43,5,false,true,1.1.0,village_bus_static_presence_screen_v1,goyang_mixed_20250825_20260630,population=2026-06-30|onePersonHouseholds=2026-06-30|hiraFacilities=2026-06-30|analysisBoundary=2026-04-01|busStops=2025-08-25,정류장 개소; 노선표기 건; 고유 노선명 개; 비율 0~1; 낮은값 순위 1~44,routes_raw를 comma로 분리하고 '노선명(유형)'을 파싱; 유형='마을' 표기를 추출; 동별 마을정류장비율=마을노선 1개 이상 표기 정류장/전체 경계내 정류장; 고유 마을노선=동별 routeName distinct count,2025-08-25 정류장 CSV의 정적 노선 존재 표기만 쓴 1차 스크리닝이다. 배차·운행횟수·방향·시간대·환승·OD·보행권·노선변경을 알 수 없으므로 공급량·접근성·서비스 품질·도입 우선순위로 해석하지 않는다. 순위는 낮은 값 탐색용이다.,area_adjacency=AF16E5259A667F45F5BF7F6B3DF3A22E1A4837C477F6B68DDC26CDCF60E2DFF0|area_scores=455106174A3E492D501F73B8BA55EFD1B7525656638E8109AE015C290C352DE3|bus_stops=BBA5AC0E8F29538F42373B1789179B5B9D2CF0186E0D3A618537C83B74B628D5|facilities=9AA2BC9D9F9E0EC421FB7D23A9C9BF0BD5EDB59EB173A91CB27E6EB2655A1E07|grid_scores=F2B4631D6C4DB1C379BB9CAA13D29A9C055273F1C0D682BAC13EDD19C0A9E9BF|metrics_code=7A3920ABAC99C0EEE1FA013FF751C14428D5AA95E0F1F3F32FCED6B7A49541BA|model_spec=435B1018F2D35A2B421D1827A23C0DC739DC1F827F71189F8F818CE0B0C670E4|source_manifest=86163BE779951590317AB41BE2F9DE18666BC936F1735593673513008868CEC9,population=4D1530F251B312CE6564BA5676093B1043057F46A0FE2A58CF2756AFC530DA7B|one_person=01923C6EBD7440771E4EBE20CAB0648355A18C09D198677C0E265F5E68406A7D|admdongkor_boundary=6A63D079BA8AF4701AB200AD0B54EBDEA8689808B6E0E9F17973B9BA7883DC6A|bus_stops=01B63929056B55D0A8FE372756942FB9A81A89CB121A0CDB1838DDE9ED8555BF|hira_hospital=458D04F264BFE005CB12078699156CA72AD47B52062E0F79B8140E2635086268|hira_pharmacy=65B2B1E7F65BF1EFAF20C826BC1FB03CC24B65B359F4B5B51E1A234B334505A4
4128551000,고양시 일산동구,식사동,false,73,40,0.547945205479452,258,48,0.186046511627907,23,2,"[""097"",""099""]",5,1,true,true,1.1.0,village_bus_static_presence_screen_v1,goyang_mixed_20250825_20260630,population=2026-06-30|onePersonHouseholds=2026-06-30|hiraFacilities=2026-06-30|analysisBoundary=2026-04-01|busStops=2025-08-25,정류장 개소; 노선표기 건; 고유 노선명 개; 비율 0~1; 낮은값 순위 1~44,routes_raw를 comma로 분리하고 '노선명(유형)'을 파싱; 유형='마을' 표기를 추출; 동별 마을정류장비율=마을노선 1개 이상 표기 정류장/전체 경계내 정류장; 고유 마을노선=동별 routeName distinct count,2025-08-25 정류장 CSV의 정적 노선 존재 표기만 쓴 1차 스크리닝이다. 배차·운행횟수·방향·시간대·환승·OD·보행권·노선변경을 알 수 없으므로 공급량·접근성·서비스 품질·도입 우선순위로 해석하지 않는다. 순위는 낮은 값 탐색용이다.,area_adjacency=AF16E5259A667F45F5BF7F6B3DF3A22E1A4837C477F6B68DDC26CDCF60E2DFF0|area_scores=455106174A3E492D501F73B8BA55EFD1B7525656638E8109AE015C290C352DE3|bus_stops=BBA5AC0E8F29538F42373B1789179B5B9D2CF0186E0D3A618537C83B74B628D5|facilities=9AA2BC9D9F9E0EC421FB7D23A9C9BF0BD5EDB59EB173A91CB27E6EB2655A1E07|grid_scores=F2B4631D6C4DB1C379BB9CAA13D29A9C055273F1C0D682BAC13EDD19C0A9E9BF|metrics_code=7A3920ABAC99C0EEE1FA013FF751C14428D5AA95E0F1F3F32FCED6B7A49541BA|model_spec=435B1018F2D35A2B421D1827A23C0DC739DC1F827F71189F8F818CE0B0C670E4|source_manifest=86163BE779951590317AB41BE2F9DE18666BC936F1735593673513008868CEC9,population=4D1530F251B312CE6564BA5676093B1043057F46A0FE2A58CF2756AFC530DA7B|one_person=01923C6EBD7440771E4EBE20CAB0648355A18C09D198677C0E265F5E68406A7D|admdongkor_boundary=6A63D079BA8AF4701AB200AD0B54EBDEA8689808B6E0E9F17973B9BA7883DC6A|bus_stops=01B63929056B55D0A8FE372756942FB9A81A89CB121A0CDB1838DDE9ED8555BF|hira_hospital=458D04F264BFE005CB12078699156CA72AD47B52062E0F79B8140E2635086268|hira_pharmacy=65B2B1E7F65BF1EFAF20C826BC1FB03CC24B65B359F4B5B51E1A234B334505A4
4128552500,고양시 일산동구,중산1동,false,27,18,0.666666666666667,145,46,0.317241379310345,25,7,"[""066"",""066A"",""070A"",""070B"",""078"",""090"",""091A""]",8,19,true,false,1.1.0,village_bus_static_presence_screen_v1,goyang_mixed_20250825_20260630,population=2026-06-30|onePersonHouseholds=2026-06-30|hiraFacilities=2026-06-30|analysisBoundary=2026-04-01|busStops=2025-08-25,정류장 개소; 노선표기 건; 고유 노선명 개; 비율 0~1; 낮은값 순위 1~44,routes_raw를 comma로 분리하고 '노선명(유형)'을 파싱; 유형='마을' 표기를 추출; 동별 마을정류장비율=마을노선 1개 이상 표기 정류장/전체 경계내 정류장; 고유 마을노선=동별 routeName distinct count,2025-08-25 정류장 CSV의 정적 노선 존재 표기만 쓴 1차 스크리닝이다. 배차·운행횟수·방향·시간대·환승·OD·보행권·노선변경을 알 수 없으므로 공급량·접근성·서비스 품질·도입 우선순위로 해석하지 않는다. 순위는 낮은 값 탐색용이다.,area_adjacency=AF16E5259A667F45F5BF7F6B3DF3A22E1A4837C477F6B68DDC26CDCF60E2DFF0|area_scores=455106174A3E492D501F73B8BA55EFD1B7525656638E8109AE015C290C352DE3|bus_stops=BBA5AC0E8F29538F42373B1789179B5B9D2CF0186E0D3A618537C83B74B628D5|facilities=9AA2BC9D9F9E0EC421FB7D23A9C9BF0BD5EDB59EB173A91CB27E6EB2655A1E07|grid_scores=F2B4631D6C4DB1C379BB9CAA13D29A9C055273F1C0D682BAC13EDD19C0A9E9BF|metrics_code=7A3920ABAC99C0EEE1FA013FF751C14428D5AA95E0F1F3F32FCED6B7A49541BA|model_spec=435B1018F2D35A2B421D1827A23C0DC739DC1F827F71189F8F818CE0B0C670E4|source_manifest=86163BE779951590317AB41BE2F9DE18666BC936F1735593673513008868CEC9,population=4D1530F251B312CE6564BA5676093B1043057F46A0FE2A58CF2756AFC530DA7B|one_person=01923C6EBD7440771E4EBE20CAB0648355A18C09D198677C0E265F5E68406A7D|admdongkor_boundary=6A63D079BA8AF4701AB200AD0B54EBDEA8689808B6E0E9F17973B9BA7883DC6A|bus_stops=01B63929056B55D0A8FE372756942FB9A81A89CB121A0CDB1838DDE9ED8555BF|hira_hospital=458D04F264BFE005CB12078699156CA72AD47B52062E0F79B8140E2635086268|hira_pharmacy=65B2B1E7F65BF1EFAF20C826BC1FB03CC24B65B359F4B5B51E1A234B334505A4
4128552600,고양시 일산동구,중산2동,false,39,21,0.538461538461538,121,35,0.289256198347107,24,3,"[""070A"",""070B"",""090""]",4,2,true,true,1.1.0,village_bus_static_presence_screen_v1,goyang_mixed_20250825_20260630,population=2026-06-30|onePersonHouseholds=2026-06-30|hiraFacilities=2026-06-30|analysisBoundary=2026-04-01|busStops=2025-08-25,정류장 개소; 노선표기 건; 고유 노선명 개; 비율 0~1; 낮은값 순위 1~44,routes_raw를 comma로 분리하고 '노선명(유형)'을 파싱; 유형='마을' 표기를 추출; 동별 마을정류장비율=마을노선 1개 이상 표기 정류장/전체 경계내 정류장; 고유 마을노선=동별 routeName distinct count,2025-08-25 정류장 CSV의 정적 노선 존재 표기만 쓴 1차 스크리닝이다. 배차·운행횟수·방향·시간대·환승·OD·보행권·노선변경을 알 수 없으므로 공급량·접근성·서비스 품질·도입 우선순위로 해석하지 않는다. 순위는 낮은 값 탐색용이다.,area_adjacency=AF16E5259A667F45F5BF7F6B3DF3A22E1A4837C477F6B68DDC26CDCF60E2DFF0|area_scores=455106174A3E492D501F73B8BA55EFD1B7525656638E8109AE015C290C352DE3|bus_stops=BBA5AC0E8F29538F42373B1789179B5B9D2CF0186E0D3A618537C83B74B628D5|facilities=9AA2BC9D9F9E0EC421FB7D23A9C9BF0BD5EDB59EB173A91CB27E6EB2655A1E07|grid_scores=F2B4631D6C4DB1C379BB9CAA13D29A9C055273F1C0D682BAC13EDD19C0A9E9BF|metrics_code=7A3920ABAC99C0EEE1FA013FF751C14428D5AA95E0F1F3F32FCED6B7A49541BA|model_spec=435B1018F2D35A2B421D1827A23C0DC739DC1F827F71189F8F818CE0B0C670E4|source_manifest=86163BE779951590317AB41BE2F9DE18666BC936F1735593673513008868CEC9,population=4D1530F251B312CE6564BA5676093B1043057F46A0FE2A58CF2756AFC530DA7B|one_person=01923C6EBD7440771E4EBE20CAB0648355A18C09D198677C0E265F5E68406A7D|admdongkor_boundary=6A63D079BA8AF4701AB200AD0B54EBDEA8689808B6E0E9F17973B9BA7883DC6A|bus_stops=01B63929056B55D0A8FE372756942FB9A81A89CB121A0CDB1838DDE9ED8555BF|hira_hospital=458D04F264BFE005CB12078699156CA72AD47B52062E0F79B8140E2635086268|hira_pharmacy=65B2B1E7F65BF1EFAF20C826BC1FB03CC24B65B359F4B5B51E1A234B334505A4
4128553000,고양시 일산동구,정발산동,false,22,4,0.181818181818182,123,9,0.0731707317073171,45,5,"[""056"",""057"",""066"",""078"",""090""]",1,6,true,true,1.1.0,village_bus_static_presence_screen_v1,goyang_mixed_20250825_20260630,population=2026-06-30|onePersonHouseholds=2026-06-30|hiraFacilities=2026-06-30|analysisBoundary=2026-04-01|busStops=2025-08-25,정류장 개소; 노선표기 건; 고유 노선명 개; 비율 0~1; 낮은값 순위 1~44,routes_raw를 comma로 분리하고 '노선명(유형)'을 파싱; 유형='마을' 표기를 추출; 동별 마을정류장비율=마을노선 1개 이상 표기 정류장/전체 경계내 정류장; 고유 마을노선=동별 routeName distinct count,2025-08-25 정류장 CSV의 정적 노선 존재 표기만 쓴 1차 스크리닝이다. 배차·운행횟수·방향·시간대·환승·OD·보행권·노선변경을 알 수 없으므로 공급량·접근성·서비스 품질·도입 우선순위로 해석하지 않는다. 순위는 낮은 값 탐색용이다.,area_adjacency=AF16E5259A667F45F5BF7F6B3DF3A22E1A4837C477F6B68DDC26CDCF60E2DFF0|area_scores=455106174A3E492D501F73B8BA55EFD1B7525656638E8109AE015C290C352DE3|bus_stops=BBA5AC0E8F29538F42373B1789179B5B9D2CF0186E0D3A618537C83B74B628D5|facilities=9AA2BC9D9F9E0EC421FB7D23A9C9BF0BD5EDB59EB173A91CB27E6EB2655A1E07|grid_scores=F2B4631D6C4DB1C379BB9CAA13D29A9C055273F1C0D682BAC13EDD19C0A9E9BF|metrics_code=7A3920ABAC99C0EEE1FA013FF751C14428D5AA95E0F1F3F32FCED6B7A49541BA|model_spec=435B1018F2D35A2B421D1827A23C0DC739DC1F827F71189F8F818CE0B0C670E4|source_manifest=86163BE779951590317AB41BE2F9DE18666BC936F1735593673513008868CEC9,population=4D1530F251B312CE6564BA5676093B1043057F46A0FE2A58CF2756AFC530DA7B|one_person=01923C6EBD7440771E4EBE20CAB0648355A18C09D198677C0E265F5E68406A7D|admdongkor_boundary=6A63D079BA8AF4701AB200AD0B54EBDEA8689808B6E0E9F17973B9BA7883DC6A|bus_stops=01B63929056B55D0A8FE372756942FB9A81A89CB121A0CDB1838DDE9ED8555BF|hira_hospital=458D04F264BFE005CB12078699156CA72AD47B52062E0F79B8140E2635086268|hira_pharmacy=65B2B1E7F65BF1EFAF20C826BC1FB03CC24B65B359F4B5B51E1A234B334505A4
4128554000,고양시 일산동구,풍산동,false,73,47,0.643835616438356,202,58,0.287128712871287,25,6,"[""017A"",""070A"",""070B"",""072A"",""098"",""099""]",7,11,true,true,1.1.0,village_bus_static_presence_screen_v1,goyang_mixed_20250825_20260630,population=2026-06-30|onePersonHouseholds=2026-06-30|hiraFacilities=2026-06-30|analysisBoundary=2026-04-01|busStops=2025-08-25,정류장 개소; 노선표기 건; 고유 노선명 개; 비율 0~1; 낮은값 순위 1~44,routes_raw를 comma로 분리하고 '노선명(유형)'을 파싱; 유형='마을' 표기를 추출; 동별 마을정류장비율=마을노선 1개 이상 표기 정류장/전체 경계내 정류장; 고유 마을노선=동별 routeName distinct count,2025-08-25 정류장 CSV의 정적 노선 존재 표기만 쓴 1차 스크리닝이다. 배차·운행횟수·방향·시간대·환승·OD·보행권·노선변경을 알 수 없으므로 공급량·접근성·서비스 품질·도입 우선순위로 해석하지 않는다. 순위는 낮은 값 탐색용이다.,area_adjacency=AF16E5259A667F45F5BF7F6B3DF3A22E1A4837C477F6B68DDC26CDCF60E2DFF0|area_scores=455106174A3E492D501F73B8BA55EFD1B7525656638E8109AE015C290C352DE3|bus_stops=BBA5AC0E8F29538F42373B1789179B5B9D2CF0186E0D3A618537C83B74B628D5|facilities=9AA2BC9D9F9E0EC421FB7D23A9C9BF0BD5EDB59EB173A91CB27E6EB2655A1E07|grid_scores=F2B4631D6C4DB1C379BB9CAA13D29A9C055273F1C0D682BAC13EDD19C0A9E9BF|metrics_code=7A3920ABAC99C0EEE1FA013FF751C14428D5AA95E0F1F3F32FCED6B7A49541BA|model_spec=435B1018F2D35A2B421D1827A23C0DC739DC1F827F71189F8F818CE0B0C670E4|source_manifest=86163BE779951590317AB41BE2F9DE18666BC936F1735593673513008868CEC9,population=4D1530F251B312CE6564BA5676093B1043057F46A0FE2A58CF2756AFC530DA7B|one_person=01923C6EBD7440771E4EBE20CAB0648355A18C09D198677C0E265F5E68406A7D|admdongkor_boundary=6A63D079BA8AF4701AB200AD0B54EBDEA8689808B6E0E9F17973B9BA7883DC6A|bus_stops=01B63929056B55D0A8FE372756942FB9A81A89CB121A0CDB1838DDE9ED8555BF|hira_hospital=458D04F264BFE005CB12078699156CA72AD47B52062E0F79B8140E2635086268|hira_pharmacy=65B2B1E7F65BF1EFAF20C826BC1FB03CC24B65B359F4B5B51E1A234B334505A4
4128555100,고양시 일산동구,백석1동,false,32,19,0.59375,184,25,0.135869565217391,47,5,"[""066"",""068"",""070B"",""078"",""098""]",6,6,true,true,1.1.0,village_bus_static_presence_screen_v1,goyang_mixed_20250825_20260630,population=2026-06-30|onePersonHouseholds=2026-06-30|hiraFacilities=2026-06-30|analysisBoundary=2026-04-01|busStops=2025-08-25,정류장 개소; 노선표기 건; 고유 노선명 개; 비율 0~1; 낮은값 순위 1~44,routes_raw를 comma로 분리하고 '노선명(유형)'을 파싱; 유형='마을' 표기를 추출; 동별 마을정류장비율=마을노선 1개 이상 표기 정류장/전체 경계내 정류장; 고유 마을노선=동별 routeName distinct count,2025-08-25 정류장 CSV의 정적 노선 존재 표기만 쓴 1차 스크리닝이다. 배차·운행횟수·방향·시간대·환승·OD·보행권·노선변경을 알 수 없으므로 공급량·접근성·서비스 품질·도입 우선순위로 해석하지 않는다. 순위는 낮은 값 탐색용이다.,area_adjacency=AF16E5259A667F45F5BF7F6B3DF3A22E1A4837C477F6B68DDC26CDCF60E2DFF0|area_scores=455106174A3E492D501F73B8BA55EFD1B7525656638E8109AE015C290C352DE3|bus_stops=BBA5AC0E8F29538F42373B1789179B5B9D2CF0186E0D3A618537C83B74B628D5|facilities=9AA2BC9D9F9E0EC421FB7D23A9C9BF0BD5EDB59EB173A91CB27E6EB2655A1E07|grid_scores=F2B4631D6C4DB1C379BB9CAA13D29A9C055273F1C0D682BAC13EDD19C0A9E9BF|metrics_code=7A3920ABAC99C0EEE1FA013FF751C14428D5AA95E0F1F3F32FCED6B7A49541BA|model_spec=435B1018F2D35A2B421D1827A23C0DC739DC1F827F71189F8F818CE0B0C670E4|source_manifest=86163BE779951590317AB41BE2F9DE18666BC936F1735593673513008868CEC9,population=4D1530F251B312CE6564BA5676093B1043057F46A0FE2A58CF2756AFC530DA7B|one_person=01923C6EBD7440771E4EBE20CAB0648355A18C09D198677C0E265F5E68406A7D|admdongkor_boundary=6A63D079BA8AF4701AB200AD0B54EBDEA8689808B6E0E9F17973B9BA7883DC6A|bus_stops=01B63929056B55D0A8FE372756942FB9A81A89CB121A0CDB1838DDE9ED8555BF|hira_hospital=458D04F264BFE005CB12078699156CA72AD47B52062E0F79B8140E2635086268|hira_pharmacy=65B2B1E7F65BF1EFAF20C826BC1FB03CC24B65B359F4B5B51E1A234B334505A4
4128555200,고양시 일산동구,백석2동,false,20,16,0.8,110,21,0.190909090909091,39,3,"[""056"",""068"",""N001""]",17,2,true,true,1.1.0,village_bus_static_presence_screen_v1,goyang_mixed_20250825_20260630,population=2026-06-30|onePersonHouseholds=2026-06-30|hiraFacilities=2026-06-30|analysisBoundary=2026-04-01|busStops=2025-08-25,정류장 개소; 노선표기 건; 고유 노선명 개; 비율 0~1; 낮은값 순위 1~44,routes_raw를 comma로 분리하고 '노선명(유형)'을 파싱; 유형='마을' 표기를 추출; 동별 마을정류장비율=마을노선 1개 이상 표기 정류장/전체 경계내 정류장; 고유 마을노선=동별 routeName distinct count,2025-08-25 정류장 CSV의 정적 노선 존재 표기만 쓴 1차 스크리닝이다. 배차·운행횟수·방향·시간대·환승·OD·보행권·노선변경을 알 수 없으므로 공급량·접근성·서비스 품질·도입 우선순위로 해석하지 않는다. 순위는 낮은 값 탐색용이다.,area_adjacency=AF16E5259A667F45F5BF7F6B3DF3A22E1A4837C477F6B68DDC26CDCF60E2DFF0|area_scores=455106174A3E492D501F73B8BA55EFD1B7525656638E8109AE015C290C352DE3|bus_stops=BBA5AC0E8F29538F42373B1789179B5B9D2CF0186E0D3A618537C83B74B628D5|facilities=9AA2BC9D9F9E0EC421FB7D23A9C9BF0BD5EDB59EB173A91CB27E6EB2655A1E07|grid_scores=F2B4631D6C4DB1C379BB9CAA13D29A9C055273F1C0D682BAC13EDD19C0A9E9BF|metrics_code=7A3920ABAC99C0EEE1FA013FF751C14428D5AA95E0F1F3F32FCED6B7A49541BA|model_spec=435B1018F2D35A2B421D1827A23C0DC739DC1F827F71189F8F818CE0B0C670E4|source_manifest=86163BE779951590317AB41BE2F9DE18666BC936F1735593673513008868CEC9,population=4D1530F251B312CE6564BA5676093B1043057F46A0FE2A58CF2756AFC530DA7B|one_person=01923C6EBD7440771E4EBE20CAB0648355A18C09D198677C0E265F5E68406A7D|admdongkor_boundary=6A63D079BA8AF4701AB200AD0B54EBDEA8689808B6E0E9F17973B9BA7883DC6A|bus_stops=01B63929056B55D0A8FE372756942FB9A81A89CB121A0CDB1838DDE9ED8555BF|hira_hospital=458D04F264BFE005CB12078699156CA72AD47B52062E0F79B8140E2635086268|hira_pharmacy=65B2B1E7F65BF1EFAF20C826BC1FB03CC24B65B359F4B5B51E1A234B334505A4
4128556000,고양시 일산동구,마두1동,false,31,27,0.870967741935484,143,39,0.272727272727273,51,8,"[""017A"",""056"",""057"",""066"",""070A"",""070B"",""078"",""098""]",26,28,false,false,1.1.0,village_bus_static_presence_screen_v1,goyang_mixed_20250825_20260630,population=2026-06-30|onePersonHouseholds=2026-06-30|hiraFacilities=2026-06-30|analysisBoundary=2026-04-01|busStops=2025-08-25,정류장 개소; 노선표기 건; 고유 노선명 개; 비율 0~1; 낮은값 순위 1~44,routes_raw를 comma로 분리하고 '노선명(유형)'을 파싱; 유형='마을' 표기를 추출; 동별 마을정류장비율=마을노선 1개 이상 표기 정류장/전체 경계내 정류장; 고유 마을노선=동별 routeName distinct count,2025-08-25 정류장 CSV의 정적 노선 존재 표기만 쓴 1차 스크리닝이다. 배차·운행횟수·방향·시간대·환승·OD·보행권·노선변경을 알 수 없으므로 공급량·접근성·서비스 품질·도입 우선순위로 해석하지 않는다. 순위는 낮은 값 탐색용이다.,area_adjacency=AF16E5259A667F45F5BF7F6B3DF3A22E1A4837C477F6B68DDC26CDCF60E2DFF0|area_scores=455106174A3E492D501F73B8BA55EFD1B7525656638E8109AE015C290C352DE3|bus_stops=BBA5AC0E8F29538F42373B1789179B5B9D2CF0186E0D3A618537C83B74B628D5|facilities=9AA2BC9D9F9E0EC421FB7D23A9C9BF0BD5EDB59EB173A91CB27E6EB2655A1E07|grid_scores=F2B4631D6C4DB1C379BB9CAA13D29A9C055273F1C0D682BAC13EDD19C0A9E9BF|metrics_code=7A3920ABAC99C0EEE1FA013FF751C14428D5AA95E0F1F3F32FCED6B7A49541BA|model_spec=435B1018F2D35A2B421D1827A23C0DC739DC1F827F71189F8F818CE0B0C670E4|source_manifest=86163BE779951590317AB41BE2F9DE18666BC936F1735593673513008868CEC9,population=4D1530F251B312CE6564BA5676093B1043057F46A0FE2A58CF2756AFC530DA7B|one_person=01923C6EBD7440771E4EBE20CAB0648355A18C09D198677C0E265F5E68406A7D|admdongkor_boundary=6A63D079BA8AF4701AB200AD0B54EBDEA8689808B6E0E9F17973B9BA7883DC6A|bus_stops=01B63929056B55D0A8FE372756942FB9A81A89CB121A0CDB1838DDE9ED8555BF|hira_hospital=458D04F264BFE005CB12078699156CA72AD47B52062E0F79B8140E2635086268|hira_pharmacy=65B2B1E7F65BF1EFAF20C826BC1FB03CC24B65B359F4B5B51E1A234B334505A4
4128557000,고양시 일산동구,마두2동,false,8,7,0.875,61,11,0.180327868852459,44,6,"[""056"",""066"",""067"",""070A"",""078"",""098""]",28,11,false,true,1.1.0,village_bus_static_presence_screen_v1,goyang_mixed_20250825_20260630,population=2026-06-30|onePersonHouseholds=2026-06-30|hiraFacilities=2026-06-30|analysisBoundary=2026-04-01|busStops=2025-08-25,정류장 개소; 노선표기 건; 고유 노선명 개; 비율 0~1; 낮은값 순위 1~44,routes_raw를 comma로 분리하고 '노선명(유형)'을 파싱; 유형='마을' 표기를 추출; 동별 마을정류장비율=마을노선 1개 이상 표기 정류장/전체 경계내 정류장; 고유 마을노선=동별 routeName distinct count,2025-08-25 정류장 CSV의 정적 노선 존재 표기만 쓴 1차 스크리닝이다. 배차·운행횟수·방향·시간대·환승·OD·보행권·노선변경을 알 수 없으므로 공급량·접근성·서비스 품질·도입 우선순위로 해석하지 않는다. 순위는 낮은 값 탐색용이다.,area_adjacency=AF16E5259A667F45F5BF7F6B3DF3A22E1A4837C477F6B68DDC26CDCF60E2DFF0|area_scores=455106174A3E492D501F73B8BA55EFD1B7525656638E8109AE015C290C352DE3|bus_stops=BBA5AC0E8F29538F42373B1789179B5B9D2CF0186E0D3A618537C83B74B628D5|facilities=9AA2BC9D9F9E0EC421FB7D23A9C9BF0BD5EDB59EB173A91CB27E6EB2655A1E07|grid_scores=F2B4631D6C4DB1C379BB9CAA13D29A9C055273F1C0D682BAC13EDD19C0A9E9BF|metrics_code=7A3920ABAC99C0EEE1FA013FF751C14428D5AA95E0F1F3F32FCED6B7A49541BA|model_spec=435B1018F2D35A2B421D1827A23C0DC739DC1F827F71189F8F818CE0B0C670E4|source_manifest=86163BE779951590317AB41BE2F9DE18666BC936F1735593673513008868CEC9,population=4D1530F251B312CE6564BA5676093B1043057F46A0FE2A58CF2756AFC530DA7B|one_person=01923C6EBD7440771E4EBE20CAB0648355A18C09D198677C0E265F5E68406A7D|admdongkor_boundary=6A63D079BA8AF4701AB200AD0B54EBDEA8689808B6E0E9F17973B9BA7883DC6A|bus_stops=01B63929056B55D0A8FE372756942FB9A81A89CB121A0CDB1838DDE9ED8555BF|hira_hospital=458D04F264BFE005CB12078699156CA72AD47B52062E0F79B8140E2635086268|hira_pharmacy=65B2B1E7F65BF1EFAF20C826BC1FB03CC24B65B359F4B5B51E1A234B334505A4
4128558000,고양시 일산동구,장항1동,false,32,29,0.90625,62,51,0.82258064516129,14,7,"[""062B"",""067"",""068"",""069"",""N001"",""N003"",""N007""]",36,19,false,false,1.1.0,village_bus_static_presence_screen_v1,goyang_mixed_20250825_20260630,population=2026-06-30|onePersonHouseholds=2026-06-30|hiraFacilities=2026-06-30|analysisBoundary=2026-04-01|busStops=2025-08-25,정류장 개소; 노선표기 건; 고유 노선명 개; 비율 0~1; 낮은값 순위 1~44,routes_raw를 comma로 분리하고 '노선명(유형)'을 파싱; 유형='마을' 표기를 추출; 동별 마을정류장비율=마을노선 1개 이상 표기 정류장/전체 경계내 정류장; 고유 마을노선=동별 routeName distinct count,2025-08-25 정류장 CSV의 정적 노선 존재 표기만 쓴 1차 스크리닝이다. 배차·운행횟수·방향·시간대·환승·OD·보행권·노선변경을 알 수 없으므로 공급량·접근성·서비스 품질·도입 우선순위로 해석하지 않는다. 순위는 낮은 값 탐색용이다.,area_adjacency=AF16E5259A667F45F5BF7F6B3DF3A22E1A4837C477F6B68DDC26CDCF60E2DFF0|area_scores=455106174A3E492D501F73B8BA55EFD1B7525656638E8109AE015C290C352DE3|bus_stops=BBA5AC0E8F29538F42373B1789179B5B9D2CF0186E0D3A618537C83B74B628D5|facilities=9AA2BC9D9F9E0EC421FB7D23A9C9BF0BD5EDB59EB173A91CB27E6EB2655A1E07|grid_scores=F2B4631D6C4DB1C379BB9CAA13D29A9C055273F1C0D682BAC13EDD19C0A9E9BF|metrics_code=7A3920ABAC99C0EEE1FA013FF751C14428D5AA95E0F1F3F32FCED6B7A49541BA|model_spec=435B1018F2D35A2B421D1827A23C0DC739DC1F827F71189F8F818CE0B0C670E4|source_manifest=86163BE779951590317AB41BE2F9DE18666BC936F1735593673513008868CEC9,population=4D1530F251B312CE6564BA5676093B1043057F46A0FE2A58CF2756AFC530DA7B|one_person=01923C6EBD7440771E4EBE20CAB0648355A18C09D198677C0E265F5E68406A7D|admdongkor_boundary=6A63D079BA8AF4701AB200AD0B54EBDEA8689808B6E0E9F17973B9BA7883DC6A|bus_stops=01B63929056B55D0A8FE372756942FB9A81A89CB121A0CDB1838DDE9ED8555BF|hira_hospital=458D04F264BFE005CB12078699156CA72AD47B52062E0F79B8140E2635086268|hira_pharmacy=65B2B1E7F65BF1EFAF20C826BC1FB03CC24B65B359F4B5B51E1A234B334505A4
4128559000,고양시 일산동구,장항2동,false,26,8,0.307692307692308,175,17,0.0971428571428571,48,6,"[""056"",""057"",""066"",""067"",""078"",""098""]",2,11,true,true,1.1.0,village_bus_static_presence_screen_v1,goyang_mixed_20250825_20260630,population=2026-06-30|onePersonHouseholds=2026-06-30|hiraFacilities=2026-06-30|analysisBoundary=2026-04-01|busStops=2025-08-25,정류장 개소; 노선표기 건; 고유 노선명 개; 비율 0~1; 낮은값 순위 1~44,routes_raw를 comma로 분리하고 '노선명(유형)'을 파싱; 유형='마을' 표기를 추출; 동별 마을정류장비율=마을노선 1개 이상 표기 정류장/전체 경계내 정류장; 고유 마을노선=동별 routeName distinct count,2025-08-25 정류장 CSV의 정적 노선 존재 표기만 쓴 1차 스크리닝이다. 배차·운행횟수·방향·시간대·환승·OD·보행권·노선변경을 알 수 없으므로 공급량·접근성·서비스 품질·도입 우선순위로 해석하지 않는다. 순위는 낮은 값 탐색용이다.,area_adjacency=AF16E5259A667F45F5BF7F6B3DF3A22E1A4837C477F6B68DDC26CDCF60E2DFF0|area_scores=455106174A3E492D501F73B8BA55EFD1B7525656638E8109AE015C290C352DE3|bus_stops=BBA5AC0E8F29538F42373B1789179B5B9D2CF0186E0D3A618537C83B74B628D5|facilities=9AA2BC9D9F9E0EC421FB7D23A9C9BF0BD5EDB59EB173A91CB27E6EB2655A1E07|grid_scores=F2B4631D6C4DB1C379BB9CAA13D29A9C055273F1C0D682BAC13EDD19C0A9E9BF|metrics_code=7A3920ABAC99C0EEE1FA013FF751C14428D5AA95E0F1F3F32FCED6B7A49541BA|model_spec=435B1018F2D35A2B421D1827A23C0DC739DC1F827F71189F8F818CE0B0C670E4|source_manifest=86163BE779951590317AB41BE2F9DE18666BC936F1735593673513008868CEC9,population=4D1530F251B312CE6564BA5676093B1043057F46A0FE2A58CF2756AFC530DA7B|one_person=01923C6EBD7440771E4EBE20CAB0648355A18C09D198677C0E265F5E68406A7D|admdongkor_boundary=6A63D079BA8AF4701AB200AD0B54EBDEA8689808B6E0E9F17973B9BA7883DC6A|bus_stops=01B63929056B55D0A8FE372756942FB9A81A89CB121A0CDB1838DDE9ED8555BF|hira_hospital=458D04F264BFE005CB12078699156CA72AD47B52062E0F79B8140E2635086268|hira_pharmacy=65B2B1E7F65BF1EFAF20C826BC1FB03CC24B65B359F4B5B51E1A234B334505A4
4128560000,고양시 일산동구,고봉동,false,172,85,0.494186046511628,376,104,0.276595744680851,24,8,"[""036"",""037"",""065"",""066"",""066A"",""070A"",""090"",""091A""]",3,28,true,false,1.1.0,village_bus_static_presence_screen_v1,goyang_mixed_20250825_20260630,population=2026-06-30|onePersonHouseholds=2026-06-30|hiraFacilities=2026-06-30|analysisBoundary=2026-04-01|busStops=2025-08-25,정류장 개소; 노선표기 건; 고유 노선명 개; 비율 0~1; 낮은값 순위 1~44,routes_raw를 comma로 분리하고 '노선명(유형)'을 파싱; 유형='마을' 표기를 추출; 동별 마을정류장비율=마을노선 1개 이상 표기 정류장/전체 경계내 정류장; 고유 마을노선=동별 routeName distinct count,2025-08-25 정류장 CSV의 정적 노선 존재 표기만 쓴 1차 스크리닝이다. 배차·운행횟수·방향·시간대·환승·OD·보행권·노선변경을 알 수 없으므로 공급량·접근성·서비스 품질·도입 우선순위로 해석하지 않는다. 순위는 낮은 값 탐색용이다.,area_adjacency=AF16E5259A667F45F5BF7F6B3DF3A22E1A4837C477F6B68DDC26CDCF60E2DFF0|area_scores=455106174A3E492D501F73B8BA55EFD1B7525656638E8109AE015C290C352DE3|bus_stops=BBA5AC0E8F29538F42373B1789179B5B9D2CF0186E0D3A618537C83B74B628D5|facilities=9AA2BC9D9F9E0EC421FB7D23A9C9BF0BD5EDB59EB173A91CB27E6EB2655A1E07|grid_scores=F2B4631D6C4DB1C379BB9CAA13D29A9C055273F1C0D682BAC13EDD19C0A9E9BF|metrics_code=7A3920ABAC99C0EEE1FA013FF751C14428D5AA95E0F1F3F32FCED6B7A49541BA|model_spec=435B1018F2D35A2B421D1827A23C0DC739DC1F827F71189F8F818CE0B0C670E4|source_manifest=86163BE779951590317AB41BE2F9DE18666BC936F1735593673513008868CEC9,population=4D1530F251B312CE6564BA5676093B1043057F46A0FE2A58CF2756AFC530DA7B|one_person=01923C6EBD7440771E4EBE20CAB0648355A18C09D198677C0E265F5E68406A7D|admdongkor_boundary=6A63D079BA8AF4701AB200AD0B54EBDEA8689808B6E0E9F17973B9BA7883DC6A|bus_stops=01B63929056B55D0A8FE372756942FB9A81A89CB121A0CDB1838DDE9ED8555BF|hira_hospital=458D04F264BFE005CB12078699156CA72AD47B52062E0F79B8140E2635086268|hira_pharmacy=65B2B1E7F65BF1EFAF20C826BC1FB03CC24B65B359F4B5B51E1A234B334505A4
4128751000,고양시 일산서구,일산1동,false,26,20,0.769230769230769,66,30,0.454545454545455,13,6,"[""056"",""066"",""066A"",""078"",""079"",""090""]",13,11,true,true,1.1.0,village_bus_static_presence_screen_v1,goyang_mixed_20250825_20260630,population=2026-06-30|onePersonHouseholds=2026-06-30|hiraFacilities=2026-06-30|analysisBoundary=2026-04-01|busStops=2025-08-25,정류장 개소; 노선표기 건; 고유 노선명 개; 비율 0~1; 낮은값 순위 1~44,routes_raw를 comma로 분리하고 '노선명(유형)'을 파싱; 유형='마을' 표기를 추출; 동별 마을정류장비율=마을노선 1개 이상 표기 정류장/전체 경계내 정류장; 고유 마을노선=동별 routeName distinct count,2025-08-25 정류장 CSV의 정적 노선 존재 표기만 쓴 1차 스크리닝이다. 배차·운행횟수·방향·시간대·환승·OD·보행권·노선변경을 알 수 없으므로 공급량·접근성·서비스 품질·도입 우선순위로 해석하지 않는다. 순위는 낮은 값 탐색용이다.,area_adjacency=AF16E5259A667F45F5BF7F6B3DF3A22E1A4837C477F6B68DDC26CDCF60E2DFF0|area_scores=455106174A3E492D501F73B8BA55EFD1B7525656638E8109AE015C290C352DE3|bus_stops=BBA5AC0E8F29538F42373B1789179B5B9D2CF0186E0D3A618537C83B74B628D5|facilities=9AA2BC9D9F9E0EC421FB7D23A9C9BF0BD5EDB59EB173A91CB27E6EB2655A1E07|grid_scores=F2B4631D6C4DB1C379BB9CAA13D29A9C055273F1C0D682BAC13EDD19C0A9E9BF|metrics_code=7A3920ABAC99C0EEE1FA013FF751C14428D5AA95E0F1F3F32FCED6B7A49541BA|model_spec=435B1018F2D35A2B421D1827A23C0DC739DC1F827F71189F8F818CE0B0C670E4|source_manifest=86163BE779951590317AB41BE2F9DE18666BC936F1735593673513008868CEC9,population=4D1530F251B312CE6564BA5676093B1043057F46A0FE2A58CF2756AFC530DA7B|one_person=01923C6EBD7440771E4EBE20CAB0648355A18C09D198677C0E265F5E68406A7D|admdongkor_boundary=6A63D079BA8AF4701AB200AD0B54EBDEA8689808B6E0E9F17973B9BA7883DC6A|bus_stops=01B63929056B55D0A8FE372756942FB9A81A89CB121A0CDB1838DDE9ED8555BF|hira_hospital=458D04F264BFE005CB12078699156CA72AD47B52062E0F79B8140E2635086268|hira_pharmacy=65B2B1E7F65BF1EFAF20C826BC1FB03CC24B65B359F4B5B51E1A234B334505A4
4128752000,고양시 일산서구,일산2동,false,20,18,0.9,104,41,0.394230769230769,25,7,"[""056"",""066"",""066A"",""070B"",""078"",""079"",""091A""]",32,19,false,false,1.1.0,village_bus_static_presence_screen_v1,goyang_mixed_20250825_20260630,population=2026-06-30|onePersonHouseholds=2026-06-30|hiraFacilities=2026-06-30|analysisBoundary=2026-04-01|busStops=2025-08-25,정류장 개소; 노선표기 건; 고유 노선명 개; 비율 0~1; 낮은값 순위 1~44,routes_raw를 comma로 분리하고 '노선명(유형)'을 파싱; 유형='마을' 표기를 추출; 동별 마을정류장비율=마을노선 1개 이상 표기 정류장/전체 경계내 정류장; 고유 마을노선=동별 routeName distinct count,2025-08-25 정류장 CSV의 정적 노선 존재 표기만 쓴 1차 스크리닝이다. 배차·운행횟수·방향·시간대·환승·OD·보행권·노선변경을 알 수 없으므로 공급량·접근성·서비스 품질·도입 우선순위로 해석하지 않는다. 순위는 낮은 값 탐색용이다.,area_adjacency=AF16E5259A667F45F5BF7F6B3DF3A22E1A4837C477F6B68DDC26CDCF60E2DFF0|area_scores=455106174A3E492D501F73B8BA55EFD1B7525656638E8109AE015C290C352DE3|bus_stops=BBA5AC0E8F29538F42373B1789179B5B9D2CF0186E0D3A618537C83B74B628D5|facilities=9AA2BC9D9F9E0EC421FB7D23A9C9BF0BD5EDB59EB173A91CB27E6EB2655A1E07|grid_scores=F2B4631D6C4DB1C379BB9CAA13D29A9C055273F1C0D682BAC13EDD19C0A9E9BF|metrics_code=7A3920ABAC99C0EEE1FA013FF751C14428D5AA95E0F1F3F32FCED6B7A49541BA|model_spec=435B1018F2D35A2B421D1827A23C0DC739DC1F827F71189F8F818CE0B0C670E4|source_manifest=86163BE779951590317AB41BE2F9DE18666BC936F1735593673513008868CEC9,population=4D1530F251B312CE6564BA5676093B1043057F46A0FE2A58CF2756AFC530DA7B|one_person=01923C6EBD7440771E4EBE20CAB0648355A18C09D198677C0E265F5E68406A7D|admdongkor_boundary=6A63D079BA8AF4701AB200AD0B54EBDEA8689808B6E0E9F17973B9BA7883DC6A|bus_stops=01B63929056B55D0A8FE372756942FB9A81A89CB121A0CDB1838DDE9ED8555BF|hira_hospital=458D04F264BFE005CB12078699156CA72AD47B52062E0F79B8140E2635086268|hira_pharmacy=65B2B1E7F65BF1EFAF20C826BC1FB03CC24B65B359F4B5B51E1A234B334505A4
4128753000,고양시 일산서구,일산3동,false,17,15,0.882352941176471,69,26,0.376811594202899,24,7,"[""056"",""066"",""066A"",""074"",""078"",""090"",""091A""]",29,19,false,false,1.1.0,village_bus_static_presence_screen_v1,goyang_mixed_20250825_20260630,population=2026-06-30|onePersonHouseholds=2026-06-30|hiraFacilities=2026-06-30|analysisBoundary=2026-04-01|busStops=2025-08-25,정류장 개소; 노선표기 건; 고유 노선명 개; 비율 0~1; 낮은값 순위 1~44,routes_raw를 comma로 분리하고 '노선명(유형)'을 파싱; 유형='마을' 표기를 추출; 동별 마을정류장비율=마을노선 1개 이상 표기 정류장/전체 경계내 정류장; 고유 마을노선=동별 routeName distinct count,2025-08-25 정류장 CSV의 정적 노선 존재 표기만 쓴 1차 스크리닝이다. 배차·운행횟수·방향·시간대·환승·OD·보행권·노선변경을 알 수 없으므로 공급량·접근성·서비스 품질·도입 우선순위로 해석하지 않는다. 순위는 낮은 값 탐색용이다.,area_adjacency=AF16E5259A667F45F5BF7F6B3DF3A22E1A4837C477F6B68DDC26CDCF60E2DFF0|area_scores=455106174A3E492D501F73B8BA55EFD1B7525656638E8109AE015C290C352DE3|bus_stops=BBA5AC0E8F29538F42373B1789179B5B9D2CF0186E0D3A618537C83B74B628D5|facilities=9AA2BC9D9F9E0EC421FB7D23A9C9BF0BD5EDB59EB173A91CB27E6EB2655A1E07|grid_scores=F2B4631D6C4DB1C379BB9CAA13D29A9C055273F1C0D682BAC13EDD19C0A9E9BF|metrics_code=7A3920ABAC99C0EEE1FA013FF751C14428D5AA95E0F1F3F32FCED6B7A49541BA|model_spec=435B1018F2D35A2B421D1827A23C0DC739DC1F827F71189F8F818CE0B0C670E4|source_manifest=86163BE779951590317AB41BE2F9DE18666BC936F1735593673513008868CEC9,population=4D1530F251B312CE6564BA5676093B1043057F46A0FE2A58CF2756AFC530DA7B|one_person=01923C6EBD7440771E4EBE20CAB0648355A18C09D198677C0E265F5E68406A7D|admdongkor_boundary=6A63D079BA8AF4701AB200AD0B54EBDEA8689808B6E0E9F17973B9BA7883DC6A|bus_stops=01B63929056B55D0A8FE372756942FB9A81A89CB121A0CDB1838DDE9ED8555BF|hira_hospital=458D04F264BFE005CB12078699156CA72AD47B52062E0F79B8140E2635086268|hira_pharmacy=65B2B1E7F65BF1EFAF20C826BC1FB03CC24B65B359F4B5B51E1A234B334505A4
4128754500,고양시 일산서구,탄현1동,false,30,27,0.9,125,78,0.624,14,7,"[""066"",""066A"",""078"",""079"",""090"",""091B"",""092""]",32,19,false,false,1.1.0,village_bus_static_presence_screen_v1,goyang_mixed_20250825_20260630,population=2026-06-30|onePersonHouseholds=2026-06-30|hiraFacilities=2026-06-30|analysisBoundary=2026-04-01|busStops=2025-08-25,정류장 개소; 노선표기 건; 고유 노선명 개; 비율 0~1; 낮은값 순위 1~44,routes_raw를 comma로 분리하고 '노선명(유형)'을 파싱; 유형='마을' 표기를 추출; 동별 마을정류장비율=마을노선 1개 이상 표기 정류장/전체 경계내 정류장; 고유 마을노선=동별 routeName distinct count,2025-08-25 정류장 CSV의 정적 노선 존재 표기만 쓴 1차 스크리닝이다. 배차·운행횟수·방향·시간대·환승·OD·보행권·노선변경을 알 수 없으므로 공급량·접근성·서비스 품질·도입 우선순위로 해석하지 않는다. 순위는 낮은 값 탐색용이다.,area_adjacency=AF16E5259A667F45F5BF7F6B3DF3A22E1A4837C477F6B68DDC26CDCF60E2DFF0|area_scores=455106174A3E492D501F73B8BA55EFD1B7525656638E8109AE015C290C352DE3|bus_stops=BBA5AC0E8F29538F42373B1789179B5B9D2CF0186E0D3A618537C83B74B628D5|facilities=9AA2BC9D9F9E0EC421FB7D23A9C9BF0BD5EDB59EB173A91CB27E6EB2655A1E07|grid_scores=F2B4631D6C4DB1C379BB9CAA13D29A9C055273F1C0D682BAC13EDD19C0A9E9BF|metrics_code=7A3920ABAC99C0EEE1FA013FF751C14428D5AA95E0F1F3F32FCED6B7A49541BA|model_spec=435B1018F2D35A2B421D1827A23C0DC739DC1F827F71189F8F818CE0B0C670E4|source_manifest=86163BE779951590317AB41BE2F9DE18666BC936F1735593673513008868CEC9,population=4D1530F251B312CE6564BA5676093B1043057F46A0FE2A58CF2756AFC530DA7B|one_person=01923C6EBD7440771E4EBE20CAB0648355A18C09D198677C0E265F5E68406A7D|admdongkor_boundary=6A63D079BA8AF4701AB200AD0B54EBDEA8689808B6E0E9F17973B9BA7883DC6A|bus_stops=01B63929056B55D0A8FE372756942FB9A81A89CB121A0CDB1838DDE9ED8555BF|hira_hospital=458D04F264BFE005CB12078699156CA72AD47B52062E0F79B8140E2635086268|hira_pharmacy=65B2B1E7F65BF1EFAF20C826BC1FB03CC24B65B359F4B5B51E1A234B334505A4
4128754600,고양시 일산서구,탄현2동,false,14,13,0.928571428571429,51,43,0.843137254901961,10,6,"[""066"",""066A"",""078"",""090"",""091B"",""092""]",40,11,false,true,1.1.0,village_bus_static_presence_screen_v1,goyang_mixed_20250825_20260630,population=2026-06-30|onePersonHouseholds=2026-06-30|hiraFacilities=2026-06-30|analysisBoundary=2026-04-01|busStops=2025-08-25,정류장 개소; 노선표기 건; 고유 노선명 개; 비율 0~1; 낮은값 순위 1~44,routes_raw를 comma로 분리하고 '노선명(유형)'을 파싱; 유형='마을' 표기를 추출; 동별 마을정류장비율=마을노선 1개 이상 표기 정류장/전체 경계내 정류장; 고유 마을노선=동별 routeName distinct count,2025-08-25 정류장 CSV의 정적 노선 존재 표기만 쓴 1차 스크리닝이다. 배차·운행횟수·방향·시간대·환승·OD·보행권·노선변경을 알 수 없으므로 공급량·접근성·서비스 품질·도입 우선순위로 해석하지 않는다. 순위는 낮은 값 탐색용이다.,area_adjacency=AF16E5259A667F45F5BF7F6B3DF3A22E1A4837C477F6B68DDC26CDCF60E2DFF0|area_scores=455106174A3E492D501F73B8BA55EFD1B7525656638E8109AE015C290C352DE3|bus_stops=BBA5AC0E8F29538F42373B1789179B5B9D2CF0186E0D3A618537C83B74B628D5|facilities=9AA2BC9D9F9E0EC421FB7D23A9C9BF0BD5EDB59EB173A91CB27E6EB2655A1E07|grid_scores=F2B4631D6C4DB1C379BB9CAA13D29A9C055273F1C0D682BAC13EDD19C0A9E9BF|metrics_code=7A3920ABAC99C0EEE1FA013FF751C14428D5AA95E0F1F3F32FCED6B7A49541BA|model_spec=435B1018F2D35A2B421D1827A23C0DC739DC1F827F71189F8F818CE0B0C670E4|source_manifest=86163BE779951590317AB41BE2F9DE18666BC936F1735593673513008868CEC9,population=4D1530F251B312CE6564BA5676093B1043057F46A0FE2A58CF2756AFC530DA7B|one_person=01923C6EBD7440771E4EBE20CAB0648355A18C09D198677C0E265F5E68406A7D|admdongkor_boundary=6A63D079BA8AF4701AB200AD0B54EBDEA8689808B6E0E9F17973B9BA7883DC6A|bus_stops=01B63929056B55D0A8FE372756942FB9A81A89CB121A0CDB1838DDE9ED8555BF|hira_hospital=458D04F264BFE005CB12078699156CA72AD47B52062E0F79B8140E2635086268|hira_pharmacy=65B2B1E7F65BF1EFAF20C826BC1FB03CC24B65B359F4B5B51E1A234B334505A4
4128755000,고양시 일산서구,주엽1동,false,14,10,0.714285714285714,131,29,0.221374045801527,47,8,"[""056"",""057"",""066"",""074"",""078"",""090"",""091A"",""091B""]",12,28,true,false,1.1.0,village_bus_static_presence_screen_v1,goyang_mixed_20250825_20260630,population=2026-06-30|onePersonHouseholds=2026-06-30|hiraFacilities=2026-06-30|analysisBoundary=2026-04-01|busStops=2025-08-25,정류장 개소; 노선표기 건; 고유 노선명 개; 비율 0~1; 낮은값 순위 1~44,routes_raw를 comma로 분리하고 '노선명(유형)'을 파싱; 유형='마을' 표기를 추출; 동별 마을정류장비율=마을노선 1개 이상 표기 정류장/전체 경계내 정류장; 고유 마을노선=동별 routeName distinct count,2025-08-25 정류장 CSV의 정적 노선 존재 표기만 쓴 1차 스크리닝이다. 배차·운행횟수·방향·시간대·환승·OD·보행권·노선변경을 알 수 없으므로 공급량·접근성·서비스 품질·도입 우선순위로 해석하지 않는다. 순위는 낮은 값 탐색용이다.,area_adjacency=AF16E5259A667F45F5BF7F6B3DF3A22E1A4837C477F6B68DDC26CDCF60E2DFF0|area_scores=455106174A3E492D501F73B8BA55EFD1B7525656638E8109AE015C290C352DE3|bus_stops=BBA5AC0E8F29538F42373B1789179B5B9D2CF0186E0D3A618537C83B74B628D5|facilities=9AA2BC9D9F9E0EC421FB7D23A9C9BF0BD5EDB59EB173A91CB27E6EB2655A1E07|grid_scores=F2B4631D6C4DB1C379BB9CAA13D29A9C055273F1C0D682BAC13EDD19C0A9E9BF|metrics_code=7A3920ABAC99C0EEE1FA013FF751C14428D5AA95E0F1F3F32FCED6B7A49541BA|model_spec=435B1018F2D35A2B421D1827A23C0DC739DC1F827F71189F8F818CE0B0C670E4|source_manifest=86163BE779951590317AB41BE2F9DE18666BC936F1735593673513008868CEC9,population=4D1530F251B312CE6564BA5676093B1043057F46A0FE2A58CF2756AFC530DA7B|one_person=01923C6EBD7440771E4EBE20CAB0648355A18C09D198677C0E265F5E68406A7D|admdongkor_boundary=6A63D079BA8AF4701AB200AD0B54EBDEA8689808B6E0E9F17973B9BA7883DC6A|bus_stops=01B63929056B55D0A8FE372756942FB9A81A89CB121A0CDB1838DDE9ED8555BF|hira_hospital=458D04F264BFE005CB12078699156CA72AD47B52062E0F79B8140E2635086268|hira_pharmacy=65B2B1E7F65BF1EFAF20C826BC1FB03CC24B65B359F4B5B51E1A234B334505A4
4128756000,고양시 일산서구,주엽2동,false,20,14,0.7,142,32,0.225352112676056,46,7,"[""057"",""066"",""066A"",""074"",""090"",""091A"",""091B""]",10,19,true,false,1.1.0,village_bus_static_presence_screen_v1,goyang_mixed_20250825_20260630,population=2026-06-30|onePersonHouseholds=2026-06-30|hiraFacilities=2026-06-30|analysisBoundary=2026-04-01|busStops=2025-08-25,정류장 개소; 노선표기 건; 고유 노선명 개; 비율 0~1; 낮은값 순위 1~44,routes_raw를 comma로 분리하고 '노선명(유형)'을 파싱; 유형='마을' 표기를 추출; 동별 마을정류장비율=마을노선 1개 이상 표기 정류장/전체 경계내 정류장; 고유 마을노선=동별 routeName distinct count,2025-08-25 정류장 CSV의 정적 노선 존재 표기만 쓴 1차 스크리닝이다. 배차·운행횟수·방향·시간대·환승·OD·보행권·노선변경을 알 수 없으므로 공급량·접근성·서비스 품질·도입 우선순위로 해석하지 않는다. 순위는 낮은 값 탐색용이다.,area_adjacency=AF16E5259A667F45F5BF7F6B3DF3A22E1A4837C477F6B68DDC26CDCF60E2DFF0|area_scores=455106174A3E492D501F73B8BA55EFD1B7525656638E8109AE015C290C352DE3|bus_stops=BBA5AC0E8F29538F42373B1789179B5B9D2CF0186E0D3A618537C83B74B628D5|facilities=9AA2BC9D9F9E0EC421FB7D23A9C9BF0BD5EDB59EB173A91CB27E6EB2655A1E07|grid_scores=F2B4631D6C4DB1C379BB9CAA13D29A9C055273F1C0D682BAC13EDD19C0A9E9BF|metrics_code=7A3920ABAC99C0EEE1FA013FF751C14428D5AA95E0F1F3F32FCED6B7A49541BA|model_spec=435B1018F2D35A2B421D1827A23C0DC739DC1F827F71189F8F818CE0B0C670E4|source_manifest=86163BE779951590317AB41BE2F9DE18666BC936F1735593673513008868CEC9,population=4D1530F251B312CE6564BA5676093B1043057F46A0FE2A58CF2756AFC530DA7B|one_person=01923C6EBD7440771E4EBE20CAB0648355A18C09D198677C0E265F5E68406A7D|admdongkor_boundary=6A63D079BA8AF4701AB200AD0B54EBDEA8689808B6E0E9F17973B9BA7883DC6A|bus_stops=01B63929056B55D0A8FE372756942FB9A81A89CB121A0CDB1838DDE9ED8555BF|hira_hospital=458D04F264BFE005CB12078699156CA72AD47B52062E0F79B8140E2635086268|hira_pharmacy=65B2B1E7F65BF1EFAF20C826BC1FB03CC24B65B359F4B5B51E1A234B334505A4
4128757000,고양시 일산서구,대화동,false,68,53,0.779411764705882,441,112,0.253968253968254,61,12,"[""056"",""057"",""059"",""062A"",""062B"",""066A"",""074"",""090"",""091A"",""091B"",""N002"",""N007""]",15,39,true,false,1.1.0,village_bus_static_presence_screen_v1,goyang_mixed_20250825_20260630,population=2026-06-30|onePersonHouseholds=2026-06-30|hiraFacilities=2026-06-30|analysisBoundary=2026-04-01|busStops=2025-08-25,정류장 개소; 노선표기 건; 고유 노선명 개; 비율 0~1; 낮은값 순위 1~44,routes_raw를 comma로 분리하고 '노선명(유형)'을 파싱; 유형='마을' 표기를 추출; 동별 마을정류장비율=마을노선 1개 이상 표기 정류장/전체 경계내 정류장; 고유 마을노선=동별 routeName distinct count,2025-08-25 정류장 CSV의 정적 노선 존재 표기만 쓴 1차 스크리닝이다. 배차·운행횟수·방향·시간대·환승·OD·보행권·노선변경을 알 수 없으므로 공급량·접근성·서비스 품질·도입 우선순위로 해석하지 않는다. 순위는 낮은 값 탐색용이다.,area_adjacency=AF16E5259A667F45F5BF7F6B3DF3A22E1A4837C477F6B68DDC26CDCF60E2DFF0|area_scores=455106174A3E492D501F73B8BA55EFD1B7525656638E8109AE015C290C352DE3|bus_stops=BBA5AC0E8F29538F42373B1789179B5B9D2CF0186E0D3A618537C83B74B628D5|facilities=9AA2BC9D9F9E0EC421FB7D23A9C9BF0BD5EDB59EB173A91CB27E6EB2655A1E07|grid_scores=F2B4631D6C4DB1C379BB9CAA13D29A9C055273F1C0D682BAC13EDD19C0A9E9BF|metrics_code=7A3920ABAC99C0EEE1FA013FF751C14428D5AA95E0F1F3F32FCED6B7A49541BA|model_spec=435B1018F2D35A2B421D1827A23C0DC739DC1F827F71189F8F818CE0B0C670E4|source_manifest=86163BE779951590317AB41BE2F9DE18666BC936F1735593673513008868CEC9,population=4D1530F251B312CE6564BA5676093B1043057F46A0FE2A58CF2756AFC530DA7B|one_person=01923C6EBD7440771E4EBE20CAB0648355A18C09D198677C0E265F5E68406A7D|admdongkor_boundary=6A63D079BA8AF4701AB200AD0B54EBDEA8689808B6E0E9F17973B9BA7883DC6A|bus_stops=01B63929056B55D0A8FE372756942FB9A81A89CB121A0CDB1838DDE9ED8555BF|hira_hospital=458D04F264BFE005CB12078699156CA72AD47B52062E0F79B8140E2635086268|hira_pharmacy=65B2B1E7F65BF1EFAF20C826BC1FB03CC24B65B359F4B5B51E1A234B334505A4
4128758000,고양시 일산서구,송포동,true,35,31,0.885714285714286,119,66,0.554621848739496,31,9,"[""056"",""062A"",""062B"",""066A"",""074"",""091A"",""N002"",""N003"",""N007""]",30,36,false,false,1.1.0,village_bus_static_presence_screen_v1,goyang_mixed_20250825_20260630,population=2026-06-30|onePersonHouseholds=2026-06-30|hiraFacilities=2026-06-30|analysisBoundary=2026-04-01|busStops=2025-08-25,정류장 개소; 노선표기 건; 고유 노선명 개; 비율 0~1; 낮은값 순위 1~44,routes_raw를 comma로 분리하고 '노선명(유형)'을 파싱; 유형='마을' 표기를 추출; 동별 마을정류장비율=마을노선 1개 이상 표기 정류장/전체 경계내 정류장; 고유 마을노선=동별 routeName distinct count,2025-08-25 정류장 CSV의 정적 노선 존재 표기만 쓴 1차 스크리닝이다. 배차·운행횟수·방향·시간대·환승·OD·보행권·노선변경을 알 수 없으므로 공급량·접근성·서비스 품질·도입 우선순위로 해석하지 않는다. 순위는 낮은 값 탐색용이다.,area_adjacency=AF16E5259A667F45F5BF7F6B3DF3A22E1A4837C477F6B68DDC26CDCF60E2DFF0|area_scores=455106174A3E492D501F73B8BA55EFD1B7525656638E8109AE015C290C352DE3|bus_stops=BBA5AC0E8F29538F42373B1789179B5B9D2CF0186E0D3A618537C83B74B628D5|facilities=9AA2BC9D9F9E0EC421FB7D23A9C9BF0BD5EDB59EB173A91CB27E6EB2655A1E07|grid_scores=F2B4631D6C4DB1C379BB9CAA13D29A9C055273F1C0D682BAC13EDD19C0A9E9BF|metrics_code=7A3920ABAC99C0EEE1FA013FF751C14428D5AA95E0F1F3F32FCED6B7A49541BA|model_spec=435B1018F2D35A2B421D1827A23C0DC739DC1F827F71189F8F818CE0B0C670E4|source_manifest=86163BE779951590317AB41BE2F9DE18666BC936F1735593673513008868CEC9,population=4D1530F251B312CE6564BA5676093B1043057F46A0FE2A58CF2756AFC530DA7B|one_person=01923C6EBD7440771E4EBE20CAB0648355A18C09D198677C0E265F5E68406A7D|admdongkor_boundary=6A63D079BA8AF4701AB200AD0B54EBDEA8689808B6E0E9F17973B9BA7883DC6A|bus_stops=01B63929056B55D0A8FE372756942FB9A81A89CB121A0CDB1838DDE9ED8555BF|hira_hospital=458D04F264BFE005CB12078699156CA72AD47B52062E0F79B8140E2635086268|hira_pharmacy=65B2B1E7F65BF1EFAF20C826BC1FB03CC24B65B359F4B5B51E1A234B334505A4
4128760000,고양시 일산서구,덕이동,false,97,69,0.711340206185567,335,98,0.292537313432836,28,5,"[""059"",""071"",""074"",""079"",""N002""]",11,6,true,true,1.1.0,village_bus_static_presence_screen_v1,goyang_mixed_20250825_20260630,population=2026-06-30|onePersonHouseholds=2026-06-30|hiraFacilities=2026-06-30|analysisBoundary=2026-04-01|busStops=2025-08-25,정류장 개소; 노선표기 건; 고유 노선명 개; 비율 0~1; 낮은값 순위 1~44,routes_raw를 comma로 분리하고 '노선명(유형)'을 파싱; 유형='마을' 표기를 추출; 동별 마을정류장비율=마을노선 1개 이상 표기 정류장/전체 경계내 정류장; 고유 마을노선=동별 routeName distinct count,2025-08-25 정류장 CSV의 정적 노선 존재 표기만 쓴 1차 스크리닝이다. 배차·운행횟수·방향·시간대·환승·OD·보행권·노선변경을 알 수 없으므로 공급량·접근성·서비스 품질·도입 우선순위로 해석하지 않는다. 순위는 낮은 값 탐색용이다.,area_adjacency=AF16E5259A667F45F5BF7F6B3DF3A22E1A4837C477F6B68DDC26CDCF60E2DFF0|area_scores=455106174A3E492D501F73B8BA55EFD1B7525656638E8109AE015C290C352DE3|bus_stops=BBA5AC0E8F29538F42373B1789179B5B9D2CF0186E0D3A618537C83B74B628D5|facilities=9AA2BC9D9F9E0EC421FB7D23A9C9BF0BD5EDB59EB173A91CB27E6EB2655A1E07|grid_scores=F2B4631D6C4DB1C379BB9CAA13D29A9C055273F1C0D682BAC13EDD19C0A9E9BF|metrics_code=7A3920ABAC99C0EEE1FA013FF751C14428D5AA95E0F1F3F32FCED6B7A49541BA|model_spec=435B1018F2D35A2B421D1827A23C0DC739DC1F827F71189F8F818CE0B0C670E4|source_manifest=86163BE779951590317AB41BE2F9DE18666BC936F1735593673513008868CEC9,population=4D1530F251B312CE6564BA5676093B1043057F46A0FE2A58CF2756AFC530DA7B|one_person=01923C6EBD7440771E4EBE20CAB0648355A18C09D198677C0E265F5E68406A7D|admdongkor_boundary=6A63D079BA8AF4701AB200AD0B54EBDEA8689808B6E0E9F17973B9BA7883DC6A|bus_stops=01B63929056B55D0A8FE372756942FB9A81A89CB121A0CDB1838DDE9ED8555BF|hira_hospital=458D04F264BFE005CB12078699156CA72AD47B52062E0F79B8140E2635086268|hira_pharmacy=65B2B1E7F65BF1EFAF20C826BC1FB03CC24B65B359F4B5B51E1A234B334505A4
4128761000,고양시 일산서구,가좌동,true,78,68,0.871794871794872,148,120,0.810810810810811,11,6,"[""057"",""059"",""062B"",""071"",""079"",""N007""]",27,11,false,true,1.1.0,village_bus_static_presence_screen_v1,goyang_mixed_20250825_20260630,population=2026-06-30|onePersonHouseholds=2026-06-30|hiraFacilities=2026-06-30|analysisBoundary=2026-04-01|busStops=2025-08-25,정류장 개소; 노선표기 건; 고유 노선명 개; 비율 0~1; 낮은값 순위 1~44,routes_raw를 comma로 분리하고 '노선명(유형)'을 파싱; 유형='마을' 표기를 추출; 동별 마을정류장비율=마을노선 1개 이상 표기 정류장/전체 경계내 정류장; 고유 마을노선=동별 routeName distinct count,2025-08-25 정류장 CSV의 정적 노선 존재 표기만 쓴 1차 스크리닝이다. 배차·운행횟수·방향·시간대·환승·OD·보행권·노선변경을 알 수 없으므로 공급량·접근성·서비스 품질·도입 우선순위로 해석하지 않는다. 순위는 낮은 값 탐색용이다.,area_adjacency=AF16E5259A667F45F5BF7F6B3DF3A22E1A4837C477F6B68DDC26CDCF60E2DFF0|area_scores=455106174A3E492D501F73B8BA55EFD1B7525656638E8109AE015C290C352DE3|bus_stops=BBA5AC0E8F29538F42373B1789179B5B9D2CF0186E0D3A618537C83B74B628D5|facilities=9AA2BC9D9F9E0EC421FB7D23A9C9BF0BD5EDB59EB173A91CB27E6EB2655A1E07|grid_scores=F2B4631D6C4DB1C379BB9CAA13D29A9C055273F1C0D682BAC13EDD19C0A9E9BF|metrics_code=7A3920ABAC99C0EEE1FA013FF751C14428D5AA95E0F1F3F32FCED6B7A49541BA|model_spec=435B1018F2D35A2B421D1827A23C0DC739DC1F827F71189F8F818CE0B0C670E4|source_manifest=86163BE779951590317AB41BE2F9DE18666BC936F1735593673513008868CEC9,population=4D1530F251B312CE6564BA5676093B1043057F46A0FE2A58CF2756AFC530DA7B|one_person=01923C6EBD7440771E4EBE20CAB0648355A18C09D198677C0E265F5E68406A7D|admdongkor_boundary=6A63D079BA8AF4701AB200AD0B54EBDEA8689808B6E0E9F17973B9BA7883DC6A|bus_stops=01B63929056B55D0A8FE372756942FB9A81A89CB121A0CDB1838DDE9ED8555BF|hira_hospital=458D04F264BFE005CB12078699156CA72AD47B52062E0F79B8140E2635086268|hira_pharmacy=65B2B1E7F65BF1EFAF20C826BC1FB03CC24B65B359F4B5B51E1A234B334505A4
