scenario_id,replacement_scope,destination_definition,facility_record_count,facility_weight_rule,source_version,beta_per_min,walking_speed_mps,dong_name,demand_index,ri_mean,cag,bus_inefficiency_raw,facility_dispersion_mean_m,dss_raw,dss_01,rank_global,rank_eligible,top8_eligible,baseline_ri_mean,baseline_cag,baseline_facility_dispersion_mean_m,baseline_dss_raw,baseline_rank_global,baseline_rank_eligible,baseline_top8_eligible,ri_change_vs_baseline,cag_change_vs_baseline,facility_dispersion_change_m,rank_global_change
baseline_medical,baseline_medical,HIRA 병의원·약국 직선보행 대리층,1893,기존 의료 가중(1.0/1.0),HIRA mixed snapshot baseline,0.1,0.8,관산동,0.1500954406277719,2.4993253459689755,1.2274261933978212,0.0001069583515347,834.2584241105883,0.9164599657340404,0.7098788082239726,7,6,True,2.4993253459689755,1.2274261933978212,834.2584241105883,0.9164599657340404,7,6,True,0.0,0.0,0.0,0
baseline_medical,baseline_medical,HIRA 병의원·약국 직선보행 대리층,1893,기존 의료 가중(1.0/1.0),HIRA mixed snapshot baseline,0.1,0.8,행주동,-0.0078915205836514,8.694980334077634,0.7904260084118929,0.0001883098010287,1358.4192868361513,0.9711354349229713,0.7260478729607371,6,5,True,8.694980334077634,0.7904260084118929,1358.4192868361513,0.9711354349229713,6,5,True,0.0,0.0,0.0,0
baseline_medical,baseline_medical,HIRA 병의원·약국 직선보행 대리층,1893,기존 의료 가중(1.0/1.0),HIRA mixed snapshot baseline,0.1,0.8,대화동,-0.351512429196386,37.23243223817021,-0.7515588512758407,2.002485221552675e-05,289.2582390525824,-0.7985994145303088,0.20268780358777294,38,35,False,37.23243223817021,-0.7515588512758407,289.2582390525824,-0.7985994145303088,38,35,False,0.0,0.0,0.0,0
partial_senior_centers,partial_facility_term_only,경로당 공개 좌표 대리층,585,각 레코드 동일가중; 최근거리만 사용,2025-06-30 공개좌표 585건,0.1,0.8,관산동,0.1500954406277719,2.4993253459689755,1.2274261933978212,0.0001069583515347,530.5072374203055,0.998447984461268,0.7240211534894653,5,4,True,2.4993253459689755,1.2274261933978212,834.2584241105883,0.9164599657340404,7,6,True,0.0,0.0,-303.7511866902828,-2
partial_senior_centers,partial_facility_term_only,경로당 공개 좌표 대리층,585,각 레코드 동일가중; 최근거리만 사용,2025-06-30 공개좌표 585건,0.1,0.8,행주동,-0.0078915205836514,8.694980334077634,0.7904260084118929,0.0001883098010287,641.0833529928959,0.9916383593007491,0.7219938931582879,6,5,True,8.694980334077634,0.7904260084118929,1358.4192868361513,0.9711354349229713,6,5,True,0.0,0.0,-717.3359338432554,0
partial_senior_centers,partial_facility_term_only,경로당 공개 좌표 대리층,585,각 레코드 동일가중; 최근거리만 사용,2025-06-30 공개좌표 585건,0.1,0.8,대화동,-0.351512429196386,37.23243223817021,-0.7515588512758407,2.002485221552675e-05,294.5260057129069,-0.7480809420610657,0.2040705355728299,38,35,False,37.23243223817021,-0.7515588512758407,289.2582390525824,-0.7985994145303088,38,35,False,0.0,0.0,5.267766660324526,0
full_senior_centers,full_cag_and_facility_term,경로당 공개 좌표 대리층,585,각 레코드 동일가중,2025-06-30 공개좌표 585건,0.1,0.8,관산동,0.1500954406277719,1.2948971130945268,1.212782728810439,0.0001069583515347,530.5072374203055,1.0624122293757627,0.7749355083269921,4,3,True,2.4993253459689755,1.2274261933978212,834.2584241105883,0.9164599657340404,7,6,True,-1.2044282328744487,-0.014643464587382304,-303.7511866902828,-3
full_senior_centers,full_cag_and_facility_term,경로당 공개 좌표 대리층,585,각 레코드 동일가중,2025-06-30 공개좌표 585건,0.1,0.8,행주동,-0.0078915205836514,3.2270906350138966,0.7012675953049942,0.0001883098010287,641.0833529928959,0.973831571991059,0.7521029082298814,7,6,True,8.694980334077634,0.7904260084118929,1358.4192868361513,0.9711354349229713,6,5,True,-5.467889699063738,-0.08915841310689876,-717.3359338432554,1
full_senior_centers,full_cag_and_facility_term,경로당 공개 좌표 대리층,585,각 레코드 동일가중,2025-06-30 공개좌표 585건,0.1,0.8,대화동,-0.351512429196386,9.299316842989057,-0.7188285423755976,2.002485221552675e-05,294.5260057129069,-0.769661513569688,0.30269914932799497,40,37,False,37.23243223817021,-0.7515588512758407,289.2582390525824,-0.7985994145303088,38,35,False,-27.933115395181154,0.03273030890024309,5.267766660324526,2
partial_senior_welfare_centers,partial_facility_term_only,노인복지관 공개 좌표 대리층,3,각 레코드 동일가중; 최근거리만 사용,2026-02-27 공개좌표 3건,0.1,0.8,관산동,0.1500954406277719,2.4993253459689755,1.2274261933978212,0.0001069583515347,7291.23822269407,1.2242097379656125,0.7739755769578274,3,2,True,2.4993253459689755,1.2274261933978212,834.2584241105883,0.9164599657340404,7,6,True,0.0,0.0,6456.979798583481,-4
partial_senior_welfare_centers,partial_facility_term_only,노인복지관 공개 좌표 대리층,3,각 레코드 동일가중; 최근거리만 사용,2026-02-27 공개좌표 3건,0.1,0.8,행주동,-0.0078915205836514,8.694980334077634,0.7904260084118929,0.0001883098010287,4864.589175073858,0.9079233560824793,0.6863975993808181,6,5,True,8.694980334077634,0.7904260084118929,1358.4192868361513,0.9711354349229713,6,5,True,0.0,0.0,3506.169888237707,0
partial_senior_welfare_centers,partial_facility_term_only,노인복지관 공개 좌표 대리층,3,각 레코드 동일가중; 최근거리만 사용,2026-02-27 공개좌표 3건,0.1,0.8,대화동,-0.351512429196386,37.23243223817021,-0.7515588512758407,2.002485221552675e-05,852.9606218607015,-0.926082919580704,0.17857124425980472,38,35,False,37.23243223817021,-0.7515588512758407,289.2582390525824,-0.7985994145303088,38,35,False,0.0,0.0,563.7023828081192,0
full_senior_welfare_centers,full_cag_and_facility_term,노인복지관 공개 좌표 대리층,3,각 레코드 동일가중,2026-02-27 공개좌표 3건,0.1,0.8,관산동,0.1500954406277719,3.703424718228031e-06,0.6817130308280678,0.0001069583515347,7291.23822269407,0.6861606423805413,0.7282679404450803,6,5,True,2.4993253459689755,1.2274261933978212,834.2584241105883,0.9164599657340404,7,6,True,-2.499321642544257,-0.5457131625697534,6456.979798583481,-1
full_senior_welfare_centers,full_cag_and_facility_term,노인복지관 공개 좌표 대리층,3,각 레코드 동일가중,2026-02-27 공개좌표 3건,0.1,0.8,행주동,-0.0078915205836514,0.00029651938223254615,0.48474417108381107,0.0001883098010287,4864.589175073858,0.5812581743578518,0.6954523974754713,10,9,False,8.694980334077634,0.7904260084118929,1358.4192868361513,0.9711354349229713,6,5,True,-8.694683814695402,-0.30568183732808185,3506.169888237707,4
full_senior_welfare_centers,full_cag_and_facility_term,노인복지관 공개 좌표 대리층,3,각 레코드 동일가중,2026-02-27 공개좌표 3건,0.1,0.8,대화동,-0.351512429196386,0.2582308922371969,-2.8294556003919404,2.002485221552675e-05,852.9606218607015,-1.6419161596776388,0.0,44,41,False,37.23243223817021,-0.7515588512758407,289.2582390525824,-0.7985994145303088,38,35,False,-36.97420134593302,-2.0778967491161,563.7023828081192,6
partial_elder_care_providers,partial_facility_term_only,노인돌봄 수행기관 공개 좌표 대리층,10,각 레코드 동일가중; 최근거리만 사용,2026-03-02 공개좌표 10건,0.1,0.8,관산동,0.1500954406277719,2.4993253459689755,1.2274261933978212,0.0001069583515347,6631.073020178154,1.4340396366046293,0.7885965529910853,2,1,True,2.4993253459689755,1.2274261933978212,834.2584241105883,0.9164599657340404,7,6,True,0.0,0.0,5796.8145960675665,-5
partial_elder_care_providers,partial_facility_term_only,노인돌봄 수행기관 공개 좌표 대리층,10,각 레코드 동일가중; 최근거리만 사용,2026-03-02 공개좌표 10건,0.1,0.8,행주동,-0.0078915205836514,8.694980334077634,0.7904260084118929,0.0001883098010287,1993.5499744525337,0.75303233728102,0.6069117239485445,6,5,True,8.694980334077634,0.7904260084118929,1358.4192868361513,0.9711354349229713,6,5,True,0.0,0.0,635.1306876163824,0
partial_elder_care_providers,partial_facility_term_only,노인돌봄 수행기관 공개 좌표 대리층,10,각 레코드 동일가중; 최근거리만 사용,2026-03-02 공개좌표 10건,0.1,0.8,대화동,-0.351512429196386,37.23243223817021,-0.7515588512758407,2.002485221552675e-05,802.2041951122047,-0.8642754011117265,0.17543282460207232,38,35,False,37.23243223817021,-0.7515588512758407,289.2582390525824,-0.7985994145303088,38,35,False,0.0,0.0,512.9459560596224,0
full_elder_care_providers,full_cag_and_facility_term,노인돌봄 수행기관 공개 좌표 대리층,10,각 레코드 동일가중,2026-03-02 공개좌표 10건,0.1,0.8,관산동,0.1500954406277719,2.7287079927187168e-05,0.873724270665437,0.0001069583515347,6631.073020178154,1.0489993854972333,0.761833853816131,2,1,True,2.4993253459689755,1.2274261933978212,834.2584241105883,0.9164599657340404,7,6,True,-2.4992980588890483,-0.3537019227323842,5796.8145960675665,-5
full_elder_care_providers,full_cag_and_facility_term,노인돌봄 수행기관 공개 좌표 대리층,10,각 레코드 동일가중,2026-03-02 공개좌표 10건,0.1,0.8,행주동,-0.0078915205836514,0.060389857010564325,0.4053858972932519,0.0001883098010287,1993.5499744525337,0.4243612253658685,0.580249402086495,11,10,False,8.694980334077634,0.7904260084118929,1358.4192868361513,0.9711354349229713,6,5,True,-8.63459047706707,-0.385040111118641,635.1306876163824,5
full_elder_care_providers,full_cag_and_facility_term,노인돌봄 수행기관 공개 좌표 대리층,10,각 레코드 동일가중,2026-03-02 공개좌표 10건,0.1,0.8,대화동,-0.351512429196386,0.4531068987221153,-1.802765867121177,2.002485221552675e-05,802.2041951122047,-1.279198133046331,0.08501886410413108,43,40,False,37.23243223817021,-0.7515588512758407,289.2582390525824,-0.7985994145303088,38,35,False,-36.7793253394481,-1.0512070158453364,512.9459560596224,5
partial_senior_centers_latest_linked_570,partial_facility_term_only,2026-06 최신 경로당 594행 중 2025 공개좌표와 엄격 연결된 좌표완성 570행,570,각 좌표완성 레코드 동일가중; 최근거리만 사용,2026-06 workbook 594; coordinate-complete linked subset 570; 24 incomplete,0.1,0.8,관산동,0.1500954406277719,2.4993253459689755,1.2274261933978212,0.0001069583515347,531.1781059689621,0.9940666758573541,0.7239644727515429,5,4,True,2.4993253459689755,1.2274261933978212,834.2584241105883,0.9164599657340404,7,6,True,0.0,0.0,-303.0803181416262,-2
partial_senior_centers_latest_linked_570,partial_facility_term_only,2026-06 최신 경로당 594행 중 2025 공개좌표와 엄격 연결된 좌표완성 570행,570,각 좌표완성 레코드 동일가중; 최근거리만 사용,2026-06 workbook 594; coordinate-complete linked subset 570; 24 incomplete,0.1,0.8,행주동,-0.0078915205836514,8.694980334077634,0.7904260084118929,0.0001883098010287,644.1840787233531,0.9881027590205967,0.7221878572565483,6,5,True,8.694980334077634,0.7904260084118929,1358.4192868361513,0.9711354349229713,6,5,True,0.0,0.0,-714.2352081127982,0
partial_senior_centers_latest_linked_570,partial_facility_term_only,2026-06 최신 경로당 594행 중 2025 공개좌표와 엄격 연결된 좌표완성 570행,570,각 좌표완성 레코드 동일가중; 최근거리만 사용,2026-06 workbook 594; coordinate-complete linked subset 570; 24 incomplete,0.1,0.8,대화동,-0.351512429196386,37.23243223817021,-0.7515588512758407,2.002485221552675e-05,294.5260057129069,-0.7507505915057985,0.20419374522796174,38,35,False,37.23243223817021,-0.7515588512758407,289.2582390525824,-0.7985994145303088,38,35,False,0.0,0.0,5.267766660324526,0
full_senior_centers_latest_linked_570,full_cag_and_facility_term,2026-06 최신 경로당 594행 중 2025 공개좌표와 엄격 연결된 좌표완성 570행,570,각 좌표완성 레코드 동일가중,2026-06 workbook 594; coordinate-complete linked subset 570; 24 incomplete,0.1,0.8,관산동,0.1500954406277719,1.2507318767743376,1.2122782329408446,0.0001069583515347,531.1781059689621,1.0623201047200719,0.7752990571783738,4,3,True,2.4993253459689755,1.2274261933978212,834.2584241105883,0.9164599657340404,7,6,True,-1.2485934691946379,-0.015147960456976639,-303.0803181416262,-3
full_senior_centers_latest_linked_570,full_cag_and_facility_term,2026-06 최신 경로당 594행 중 2025 공개좌표와 엄격 연결된 좌표완성 570행,570,각 좌표완성 레코드 동일가중,2026-06 workbook 594; coordinate-complete linked subset 570; 24 incomplete,0.1,0.8,행주동,-0.0078915205836514,3.1446749744771125,0.7012376911391748,0.0001883098010287,644.1840787233531,0.972970850226248,0.7521440280309533,7,6,True,8.694980334077634,0.7904260084118929,1358.4192868361513,0.9711354349229713,6,5,True,-5.550305359600522,-0.08918831727271814,-714.2352081127982,1
full_senior_centers_latest_linked_570,full_cag_and_facility_term,2026-06 최신 경로당 594행 중 2025 공개좌표와 엄격 연결된 좌표완성 570행,570,각 좌표완성 레코드 동일가중,2026-06 workbook 594; coordinate-complete linked subset 570; 24 incomplete,0.1,0.8,대화동,-0.351512429196386,9.248478662327498,-0.7428006909022966,2.002485221552675e-05,294.5260057129069,-0.792927054222594,0.2945082292710624,41,38,False,37.23243223817021,-0.7515588512758407,289.2582390525824,-0.7985994145303088,38,35,False,-27.983953575842712,0.008758160373544044,5.267766660324526,3
partial_combined_union,partial_facility_term_only,경로당+노인복지관+노인돌봄 수행기관 공개좌표 합집합,598,최근거리는 598개 레코드 합집합; 목록 간 동일 지점 중복 허용,2025-06-30 senior centers 585 + 2026-02-27 welfare centers 3 + 2026-03-02 providers 10,0.1,0.8,관산동,0.1500954406277719,2.4993253459689755,1.2274261933978212,0.0001069583515347,530.5072374203055,0.998924899634171,0.7244308795285792,5,4,True,2.4993253459689755,1.2274261933978212,834.2584241105883,0.9164599657340404,7,6,True,0.0,0.0,-303.7511866902828,-2
partial_combined_union,partial_facility_term_only,경로당+노인복지관+노인돌봄 수행기관 공개좌표 합집합,598,최근거리는 598개 레코드 합집합; 목록 간 동일 지점 중복 허용,2025-06-30 senior centers 585 + 2026-02-27 welfare centers 3 + 2026-03-02 providers 10,0.1,0.8,행주동,-0.0078915205836514,8.694980334077634,0.7904260084118929,0.0001883098010287,641.0833529928959,0.9920352110891676,0.7223828321256248,6,5,True,8.694980334077634,0.7904260084118929,1358.4192868361513,0.9711354349229713,6,5,True,0.0,0.0,-717.3359338432554,0
partial_combined_union,partial_facility_term_only,경로당+노인복지관+노인돌봄 수행기관 공개좌표 합집합,598,최근거리는 598개 레코드 합집합; 목록 간 동일 지점 중복 허용,2025-06-30 senior centers 585 + 2026-02-27 welfare centers 3 + 2026-03-02 providers 10,0.1,0.8,대화동,-0.351512429196386,37.23243223817021,-0.7515588512758407,2.002485221552675e-05,294.02777566681124,-0.7478255893111634,0.2051871170382882,38,35,False,37.23243223817021,-0.7515588512758407,289.2582390525824,-0.7985994145303088,38,35,False,0.0,0.0,4.769536614228855,0
full_combined_record_equal,full_cag_and_facility_term,경로당+노인복지관+노인돌봄 수행기관 공개좌표 합집합,598,598개 레코드 동일가중(1건=1); 경로당 목록이 구조적으로 지배,2025-06-30 senior centers 585 + 2026-02-27 welfare centers 3 + 2026-03-02 providers 10,0.1,0.8,관산동,0.1500954406277719,1.2949281035991724,1.2247175907072099,0.0001069583515347,530.5072374203055,1.089457533884044,0.778242254872232,4,3,True,2.4993253459689755,1.2274261933978212,834.2584241105883,0.9164599657340404,7,6,True,-1.204397242369803,-0.0027086026906113503,-303.7511866902828,-3
full_combined_record_equal,full_cag_and_facility_term,경로당+노인복지관+노인돌봄 수행기관 공개좌표 합집합,598,598개 레코드 동일가중(1건=1); 경로당 목록이 구조적으로 지배,2025-06-30 senior centers 585 + 2026-02-27 welfare centers 3 + 2026-03-02 providers 10,0.1,0.8,행주동,-0.0078915205836514,3.287777011406693,0.7094966205641504,0.0001883098010287,641.0833529928959,0.9905929468298309,0.7529998865961349,7,6,True,8.694980334077634,0.7904260084118929,1358.4192868361513,0.9711354349229713,6,5,True,-5.4072033226709415,-0.0809293878477425,-717.3359338432554,1
full_combined_record_equal,full_cag_and_facility_term,경로당+노인복지관+노인돌봄 수행기관 공개좌표 합집합,598,598개 레코드 동일가중(1건=1); 경로당 목록이 구조적으로 지배,2025-06-30 senior centers 585 + 2026-02-27 welfare centers 3 + 2026-03-02 providers 10,0.1,0.8,대화동,-0.351512429196386,10.01065463394837,-0.7964696086959779,2.002485221552675e-05,294.02777566681124,-0.8383941240311403,0.2860180623603622,41,38,False,37.23243223817021,-0.7515588512758407,289.2582390525824,-0.7985994145303088,38,35,False,-27.221777604221842,-0.04491075742013728,4.769536614228855,3
full_combined_layer_equal,full_cag_and_facility_term,경로당+노인복지관+노인돌봄 수행기관 공개좌표 합집합,598,3개 목록의 RI 총기여를 각 1/3로 규격화; 각 목록 내 레코드 동일가중,2025-06-30 senior centers 585 + 2026-02-27 welfare centers 3 + 2026-03-02 providers 10,0.1,0.8,관산동,0.1500954406277719,0.002217462521521918,0.9345476236278513,0.0001069583515347,530.5072374203055,0.6552408515848731,0.6916458186464561,7,6,True,2.4993253459689755,1.2274261933978212,834.2584241105883,0.9164599657340404,7,6,True,-2.4971078834474536,-0.29287856976996995,-303.7511866902828,0
full_combined_layer_equal,full_cag_and_facility_term,경로당+노인복지관+노인돌봄 수행기관 공개좌표 합집합,598,3개 목록의 RI 총기여를 각 1/3로 규격화; 각 목록 내 레코드 동일가중,2025-06-30 senior centers 585 + 2026-02-27 welfare centers 3 + 2026-03-02 providers 10,0.1,0.8,행주동,-0.0078915205836514,0.01165421974302095,0.566589997948033,0.0001883098010287,641.0833529928959,0.752248511689,0.7231564169543724,4,3,True,8.694980334077634,0.7904260084118929,1358.4192868361513,0.9711354349229713,6,5,True,-8.683326114334614,-0.22383601046385992,-717.3359338432554,-2
full_combined_layer_equal,full_cag_and_facility_term,경로당+노인복지관+노인돌봄 수행기관 공개좌표 합집합,598,3개 목록의 RI 총기여를 각 1/3로 규격화; 각 목록 내 레코드 동일가중,2025-06-30 senior centers 585 + 2026-02-27 welfare centers 3 + 2026-03-02 providers 10,0.1,0.8,대화동,-0.351512429196386,0.14728392205895077,-2.359409286565178,2.002485221552675e-05,294.02777566681124,-1.474040916792086,0.0,44,41,False,37.23243223817021,-0.7515588512758407,289.2582390525824,-0.7985994145303088,38,35,False,-37.08514831611126,-1.6078504352893375,4.769536614228855,6
